姓名,副科级,正科级,副处级,正处级,副厅级,正厅级,副部级,正部级,工作范围
张家明,0,0,0,0,0,2013,2018,0,"北京市,东城区,城区"
王宁,0,0,1994,0,0,2006,2015,0,"西城区,郊区,宣武区,北京市,兴县,城区"
王少峰,0,0,0,0,0,0,0,0,"北京市,西城区,朝阳区,城区"
程连元,0,0,0,0,0,2012,2016,0,"北京市,朝阳区"
吴桂英,1993,1994,1994,1998,0,2008,2018,0,"北京市,湖南省,朝阳区"
隋振江,0,0,0,0,1999,2003,2015,0,"北京市,西城区,海淀区,城区"
夏林茂,0,0,0,0,0,2011,0,0,"北京市,东城区,石景山区,城区"
卢映川,0,0,0,0,0,2013,0,0,"北京市,西城区,顺义区,城区"
侯君舒,0,0,0,0,0,2010,0,0,"海淀区,北京市,昌平区"
齐静,0,0,0,0,0,2011,2017,0,"北京市,怀柔区"
常卫,0,0,0,0,0,0,0,0,"北京市,东城区,怀柔区,石景山区,城区"
张吉福,0,0,0,0,0,2010,2016,0,"北京市,大同市,山西省,平谷区"
李志军,0,0,0,2012,0,0,0,0,"北京市,延庆县"
冀国强,0,1993,1998,2000,0,2010,2017,0,"代县,宣武区,静海县,北京市,蓟县,天津市"
李树起,0,0,0,0,0,1998,2015,0,"郊区,津南区,南郊区,宁河县,天津市"
袁桐利,0,1986,1994,0,0,2000,2012,0,"武清区,天津市,河北省"
宗国英,0,0,0,0,2009,2010,2013,0,天津市
田向利,0,1985,1992,1995,1996,2001,2011,0,"河北省,唐山市,桥西区,秦皇岛市,石家庄市"
商黎光,0,1989,1992,1997,1999,2013,2016,0,"沧州市,河北省,平乡县,山西省,秦皇岛市"
高宏志,0,0,0,0,2001,2003,0,0,"正定县,邯郸市,衡水市,河北省"
回建,0,1985,1991,1993,1998,0,0,1999,"沧州市,河间市,河北省,邯郸市,张家口市,沧县,唐山市"
孟祥伟,0,1993,1996,1999,2008,2013,0,0,"代县,保定市,河北省,咸宁市,徐水县,赵县,阜平县,秦皇岛市,邢台市"
聂瑞平,0,0,1987,1996,2003,2011,0,0,"保定市,河北省,廊坊市,献县,秦皇岛市"
邢国辉,0,1985,1991,1994,0,2013,2016,0,"正定县,藁城市,河北省,张家口市,石家庄市"
焦彦龙,0,1988,1990,1993,1996,2011,2015,0,"衡水市,沧州市,河北省,唐山市"
冯韶慧,1987,1993,0,1996,0,2012,0,0,"廊坊市,河北省,曲阳县"
李谦,0,1988,1989,1995,1998,2009,2017,0,"新乐市,衡水市,郊区,保定市,河北省,赵县,深泽县,裕华区,石家庄市"
杨慧,0,0,0,0,0,2012,0,0,"衡水市,沧州市,康保县,河北省,邯郸市"
耿彦波,1987,1990,1993,1995,2000,2008,0,0,"大同市,山西省,榆次区,灵石县,和顺县,晋中市,太原市"
李俊明,0,0,1992,1994,2007,2013,0,0,"大同市,忻州市,山西省,定襄县,太原市"
陈永奇,0,1993,1998,2000,0,2013,2018,0,"大连市,辽宁省,山西省,阳泉市"
胡玉亭,1989,1994,0,0,2011,2013,2018,0,"大同市,晋中市,山西省"
王清宪,0,0,0,0,0,2011,2016,0,"吕梁市,青岛市,山东省,山西省,运城市,晋城市"
郑连生,0,1992,1998,2001,2004,2012,0,0,"代县,忻州市,山西省,长治县,潞城市,临汾市"
罗清宇,0,0,0,1995,0,2008,2016,0,"山西省,太原市,临汾市"
岳普煜,0,0,0,0,0,2012,0,0,"山西省,临汾市"
秦义,0,0,0,0,2006,2011,2018,0,"克什克腾旗,呼和浩特市,赤峰市,江西省,内蒙古自治区,呼伦贝尔市"
包钢,1994,1996,1998,0,2006,2013,0,0,"辽宁省,乌审旗,阜新蒙古族自治县,呼和浩特市,包头市,乌海市,阿拉善盟,内蒙古自治区"
云光中,0,0,0,1997,2001,2006,0,0,"呼和浩特市,乌海市,鄂尔多斯市,满洲里市,内蒙古自治区,呼伦贝尔市"
段志强,0,1994,0,2002,2006,2011,0,0,"赤峰市,新巴尔虎右旗,海拉尔区,巴彦淖尔市,扎赉特旗,内蒙古自治区,呼伦贝尔市"
杜学军,0,0,0,0,0,0,1993,0,"陈巴尔虎旗,包头市,满洲里市,石景山区,兴安盟,内蒙古自治区,呼伦贝尔市,额尔古纳市"
张院忠,1987,1990,0,0,1999,2016,0,0,"土默特左旗,锡林郭勒盟,呼和浩特市,包头市,内蒙古自治区"
冯玉臻,0,0,0,2000,2004,2017,0,0,"呼和浩特市,乌海市,和林格尔县,乌兰察布盟,阿拉善盟,内蒙古自治区,通辽市,玉泉区,海南区"
陈海波,0,0,0,0,0,2004,2008,0,"辽宁省,黑龙江省,哈尔滨市,盘锦市,鞍山市,沈阳市"
吴忠琼,0,0,1997,1998,0,2013,2018,0,"江西省,辽宁省,鞍山市"
高宏彬,0,0,0,2002,2007,2010,0,0,"代县,辽宁省,抚顺市,法库县,本溪市,东陵区,沈阳市"
王正谱,0,0,1994,1997,0,2010,2016,0,"涡阳县,任县,辽宁省,辽阳市"
孙国相,0,0,0,0,0,2002,0,0,"盘锦市,辽宁省,鞍山市,丹东市"
蹇彪,1989,1993,0,0,1998,2010,0,0,"辽宁省,朝阳市,新城子区,盘锦市,沈阳市"
王明玉,0,1991,1994,1996,0,2010,2018,0,"锦州市,辽宁省,朝阳市"
高广滨,0,0,1992,0,1997,1997,2007,0,"长春市,龙井市,通化市,公主岭市,松原市,吉林省"
姜治莹,0,0,0,1990,0,1996,2012,0,"长春市,白城市,双阳区,延边朝鲜族自治州,吉林省"
金育辉,1991,0,1994,0,2000,2011,2017,0,"扶余县,临江市,前郭尔罗斯蒙古族自治县,辽源市,通化市,松原市,吉林省"
李相国,0,0,0,1989,0,0,2009,0,"长春市,松原市,吉林省"
张安顺,0,0,1994,1997,0,2001,2011,0,"长春市,朝阳区,通化市,黑龙江省,延边朝鲜族自治州,吉林省"
李景浩,0,0,0,1985,2000,2013,2017,0,"和龙市,延边朝鲜族自治州,龙井市,吉林省"
康志文,1983,0,0,0,1986,2013,0,0,"辽宁省,鸡西市,穆棱市,牡丹江市,大庆市,黑龙江省"
张雨浦,0,1990,1996,0,2004,2004,2016,0,"牡丹江市,兰西县,呼兰县,望奎县,鹤岗市,黑龙江省"
王爱文,0,0,1995,0,0,2005,2016,0,"康保县,河北省,伊春市,黑龙江省,霍山县,佳木斯市,安徽省"
高环,0,0,1993,1998,0,0,2001,2005,"伊春市,齐齐哈尔市"
王兆力,0,0,1992,1994,2004,2004,2017,0,"鸡西市,汤原县,黑龙江省,哈尔滨市,佳木斯市"
孙喆,0,0,0,0,0,1999,2018,0,"哈尔滨市,佳木斯市,双鸭山市,齐齐哈尔市"
韩立华,1991,1992,1996,2000,2012,2012,0,0,"七台河市,大庆市,黑龙江省"
张恩亮,0,0,0,0,0,0,2000,2008,"望奎县,鹤岗市,黑河市,黑龙江省,绥滨县"
过剑飞,0,2006,2009,0,0,0,0,0,"上海市,徐汇区,浦东新区"
程向民,0,0,2013,0,0,0,0,0,"松江区,普陀区"
翁祖亮,0,0,0,0,0,1998,2017,0,"闸北区,黄浦区,浦东新区,卢湾区,上海市"
安路生,0,0,0,0,0,0,2009,0,"闸北区,静安区,上海市"
吴清,0,0,2010,0,0,0,2018,0,"虹口区,上海市"
曹立强,0,0,2013,0,0,0,0,0,"闸北区,杨浦区,虹口区,普陀区"
陈寅,1989,0,0,0,0,2003,2016,0,"徐汇区,杨浦区,上海市"
诸葛宇杰,0,0,2013,0,0,0,2017,0,"普陀区,杨浦区,上海市"
汪泓,0,0,2012,0,0,0,0,0,"宝山区,上海市"
方世忠,0,0,2013,0,0,0,0,0,"上海市,徐汇区,宝山区,静安区"
沈晓明,0,0,0,0,0,0,2008,2017,"浦东新区,上海市"
李跃旗,0,0,2011,0,0,2019,0,0,"金山区,台州市,黄浦区,青浦区,杨浦区,上海市"
赵惠琴,0,0,2012,0,0,0,0,0,"青浦区,徐汇区,宝山区,长宁区"
庄木弟,0,0,2013,0,0,0,0,0,"奉贤区,嘉定区"
黄莉新,1987,1989,1993,1996,0,0,2003,0,"江苏省,无锡市,南京市,沭阳县"
汪泉,0,1990,1994,1995,2013,0,2013,0,"无锡市,南京市,沭阳县,睢宁县,江苏省,常州市,黟县"
费高云,0,1995,0,2000,2004,2008,2018,0,"扬州市,启东市,通州区,南通市,江苏省,常州市,仪征市"
周乃翔,0,0,1995,0,2003,2012,2016,0,"苏州市,江苏省,泰州市"
张国华,0,1995,0,0,2002,2011,2018,0,"苏州市,昆山市,徐州市,南通市,江苏省,吴江市"
姚晓东,0,0,1990,1993,1996,2004,0,0,"淮安市,江苏省,常州市,沭阳县"
谢正义,0,1996,1996,2000,0,2009,0,0,"江苏省,扬州市"
张雷,0,0,0,0,0,1982,2014,0,"苏州市,昆山市,辽宁省,泰州市,江苏省,沈阳市"
陆志鹏,0,0,0,0,0,0,1999,0,"南通市,泰州市,南京市,江苏省,建邺区"
男,0,1996,1998,1998,1999,2001,2017,0,"苏州市,南通市,泰州市,南京市,如皋市,江苏省,宿迁市"
龚正,0,0,0,1986,0,0,2008,2017,"浙江省,山东省,杭州市,上海市"
刘奇,0,0,0,0,1998,2003,2011,2016,"浙江省,江西省,温州市,衢州市,武义县,义县,宁波市"
陈金彪,0,0,0,0,0,2015,2016,0,"浙江省,温州市,绍兴市,东阳市"
鲁俊,0,0,0,0,0,2010,0,0,"浙江省,嘉兴市"
周江勇,0,0,2001,2002,0,2012,2017,0,"代县,杭州市,浙江省,温州市,鄞州区,舟山市,象山县,宁波市"
张兵,0,0,0,0,0,2013,0,0,"浙江省,衢州市,台州市,舟山市,丽水市,嘉兴市"
王永康,0,0,1991,1996,1998,2009,2016,0,"浙江省,黑龙江省,余姚市,丽水市,宁波市"
吴存荣,0,1991,0,1995,0,2005,2011,0,"枞阳县,合肥市,安徽省"
潘朝晖,0,1988,0,0,2002,2013,0,0,"歙县,黄山市,芜湖市,安徽省"
王宏,1996,0,1997,2001,0,0,2002,2006,"淮南市,池州市,马鞍山市,鞍山市,安徽省"
黄晓武,0,1991,1998,2001,0,2013,0,0,"代县,怀宁县,望江县,淮北市,安庆市,安徽省"
宋国权,0,0,1996,2002,2007,2009,2016,0,"合肥市,黄山市,铜陵市,芜湖市,马鞍山市,鞍山市,巢湖市,安徽省"
侯淅珉,0,0,1992,1995,2010,2011,2017,0,"吉林省,铜陵市,安徽省"
虞爱华,0,1992,1998,0,2008,2008,2016,0,"安庆市,宣城市,霍山县,合肥市,安徽省"
魏晓明,0,0,0,0,0,2013,0,0,"安庆市,合肥市,芜湖市,宿州市"
任泽锋,0,1996,1997,2000,2013,2013,0,0,"安徽省,黄山市,察哈尔右翼中旗"
张祥安,0,1990,1995,0,2002,2012,0,0,"六安市,和县,滁州市,含山县,安徽省"
李平,0,1984,1989,1999,2006,2013,0,0,"潜山县,枞阳县,怀宁县,阜阳市,安庆市,安徽省"
张曙光,0,0,0,2001,2003,2010,2016,0,"阜阳市,安徽省,池州市,宿州市"
史翔,1990,1992,0,0,2008,2013,0,0,"宿州市,安徽省"
姚玉舟,0,0,0,0,1990,0,0,1992,"东至县,宣城市,大通区,滁州市,天津市,铜陵市,马鞍山市,凤台县,鞍山市,安徽省"
韩军,0,1992,0,1999,2003,2012,0,0,"阜阳市,宣城市,芜湖市,安徽省"
孙云飞,0,1984,1993,1998,2001,2005,2016,0,"六安市,阜阳市,淮北市,繁昌县,杜集区,安徽省"
沈强,0,1979,0,1999,2003,2010,0,0,"砀山,淮南市,宿州市,萧县,安徽省"
杨岳,0,0,0,0,1999,0,2008,0,"福州市,通州区,北京市,福建省,江苏省"
梁建勇,0,0,0,0,1997,0,2001,0,"福州市,莆田市,龙岩市,福建省"
杜源生,0,0,0,0,2002,2012,0,0,"福清市,福州市,平潭县,闽侯县,福建省,三明市"
郑新聪,0,0,0,0,2010,2011,2018,0,"宁德市,泉州市,福建省"
檀云坤,0,0,0,1998,0,2013,0,0,"漳州市,福建省"
裴金佳,0,0,0,0,1999,2006,2015,0,"厦门市,南平市,思明区,福建省"
林宝金,0,0,0,0,0,2008,2019,0,"莆田市,南平市,福建省"
王文涛,1991,1992,0,0,2002,2005,2011,2018,"山东省,江西省,松江区,南昌市,黄浦区,黑龙江省,济南市,上海市"
郭安,0,0,0,1995,2000,2006,0,0,"樟树市,景德镇市,高安市,万载县,江西省,南昌市,宜春市,鹰潭市"
刘昌林,1988,0,1990,1992,0,2010,2015,0,"北京市,景德镇市,江西省"
颜赣辉,0,0,0,0,0,0,0,0,
李小豹,0,0,1996,1999,0,2010,0,0,"永兴县,江西省,南昌市,兴县,青山湖区,萍乡市"
殷美根,0,0,0,1993,2008,2011,2015,0,"南昌市,江西省,九江市"
钟志生,0,1986,1990,1993,1996,2003,0,0,"景德镇市,江西省,鹰潭市,分宜县,九江市,新余市"
刘捷,0,1998,1998,2000,0,0,0,2011,"湖南省,江西省,新余市"
陈兴超,0,0,0,1996,0,2001,2016,0,"吉安市,景德镇市,江西省,鹰潭市"
胡世忠,0,0,0,0,0,0,0,0,"吉安市,江西省,南昌县"
蒋斌,0,0,0,0,2000,2011,0,0,"郊区,江西省,南昌市,宜春市,吉安市,新余市"
徐景颜,0,1990,1994,0,0,1997,0,0,"淄博市,山东省,聊城市,临沂市"
张术平,0,1986,0,1995,0,2000,0,0,"烟台市,枣庄市,济宁市,安丘市,山东省,曲阜市,临沂市,潍坊市"
张江汀,0,0,0,0,0,1995,2015,0,"烟台市,诸城市,青岛市,山东省,青州市,潍坊市"
孟凡利,0,0,0,0,2013,2013,2017,0,"烟台市,山东省,青岛市"
刘曙光,0,0,1993,1997,2002,2011,0,0,"烟台市,辽宁省,栖霞市,山东省,营口市,东营市,潍坊市"
孙述涛,0,0,0,0,2001,2008,2018,0,"山东省,济南市,威海市,菏泽市"
张惠,0,0,1995,2001,0,2003,0,0,"山东省,威海市,青岛市"
李同道,0,0,0,0,2011,2011,0,0,"临淄区,泰安市,枣庄市,山东省,淄博市"
林峰海,0,0,0,1992,2002,2006,2017,0,"山东省,聊城市,临沂市"
王忠林,0,1989,1995,2000,2006,2007,2016,0,"聊城市,枣庄市,山亭区,山东省,湖北省,费县,市中区,峄城区,济南市,武汉市,城区"
张光峰,0,0,0,0,1999,2006,0,0,"滨州市,山东省,平原县"
崔洪刚,0,0,1986,1993,2001,2013,0,0,"淄川区,泰安市,济宁市,滨州市,张店区,淄博市,博山区,周村区"
孙爱军,0,0,2000,0,0,2001,2002,0,"烟台市,聊城市,山东省,平度市,菏泽市"
马懿,0,0,1983,1989,1996,2011,2016,0,"新安县,郑州市,洛阳市,河南省"
祁金立,0,1981,1991,1993,2000,2006,0,0,"河南省,平顶山市,滑县,郑州市,开封市,漯河市,宝丰县,丰县"
张国伟,1983,1985,1992,1994,2001,2013,0,0,"南阳市,新乡市,河南省,平顶山市,方城县,商丘市,西峡县"
张文深,1984,0,1986,1989,1994,2011,0,0,"南阳市,河南省,许昌县,开封市,商丘市,许昌市,襄城县,焦作市,禹州市,驻马店市"
魏小东,0,0,1990,1994,2004,2011,2017,0,"河南省,郑州市,商丘市,洛阳市,鹤壁市,北京市"
范修芳,0,1986,1989,1990,2001,2013,0,0,"濮阳市,鹤壁市,河南省"
王战营,1989,1991,1993,1998,2002,2011,2011,0,"郑州市,商丘市,新乡市,河南省"
穆为民,0,0,1992,1994,1997,2003,2016,0,"叶县,南阳市,河南省,郑州市"
程志明,1989,1991,1996,1997,2002,2013,2018,0,"南阳市,新乡市,郑州市,河南省,开封市,黑龙江省"
陶明伦,0,0,0,0,0,0,0,1979,"泌阳县,河南省,遂平县,商丘市,安徽省"
郭瑞民,0,0,1987,1994,2003,2006,2017,0,"辉县市,新乡市,河南省,平顶山市,信阳市,封丘县,上蔡县,驻马店市"
乔新江,1989,1992,0,2000,2006,2012,0,0,"信阳市,确山县,河南省"
徐光,1985,0,1988,1992,1996,2006,2017,0,"河南省,淇县,鹤壁市,安阳市,周口市"
刘继标,0,0,1995,0,2001,2013,0,0,"濮阳县,鹤壁市,三门峡市,周口市,驻马店市"
武国定,0,0,0,0,1991,2013,2018,0,"河南省,平顶山市,叶县,许昌市,舞钢市,驻马店市"
王宇燕,0,0,2002,0,2006,2008,2017,0,"项城市,河南省,山西省,济源市,运城市,修武县,周口市"
阮成发,0,1985,0,1987,1995,1998,2004,2016,"襄樊市,武昌区,黄石市,湖北省,武汉市"
唐良智,0,0,0,1987,2001,2003,2011,2018,"襄樊市,武汉市,湖北省"
周先旺,0,1985,1993,1994,1998,2002,2017,0,"黄石市,宣恩县,建始县,湖北省,武汉市"
王君正,0,0,1988,1993,1998,2007,2012,0,"长春市,吉林省,湖北省"
周霁,1984,1994,0,2004,2006,2010,2016,0,"襄樊市,十堰市,宜昌市,谷城县,仙桃市,湖北省,宜城市"
张维国,0,0,1998,1999,2005,2012,0,0,"房县,湖北省,郧县,十堰市"
黄楚平,0,0,2004,0,0,2007,2012,0,"江汉区,咸宁市,宜昌市,湖北省,武汉市"
马旭明,0,0,0,0,0,2010,0,0,"宜昌市,黄石市,武汉市,湖北省"
万勇,0,0,0,1994,1995,0,2005,0,"荆门市,湖北省,武汉市,西湖区"
肖菊华,0,1994,0,1997,1997,2005,2019,0,"湖北省,青山区,荆门市,武汉市,荆州市"
李兵,1984,0,1990,1991,1992,2000,0,0,"黄石市,鄂州市,咸宁市,湖北省"
刘雪荣,0,1985,1989,1992,0,2000,0,0,"十堰市,黄石市,黄冈市,竹山县,湖北省,潜江市"
陈安丽,0,1987,1991,1996,0,2008,2018,0,"随州市,黑龙江省,黄冈市,湖北省"
任振鹤,0,1988,1990,0,1996,2008,2015,0,"郊区,咸宁市,鹤峰县,浙江省,黄冈市,湖北省,利川市,普陀区,江苏省,上海市"
丁小强,0,0,0,0,2004,2007,0,0,"赤壁市,运城市,咸宁市,湖北省"
郄英才,0,1996,0,0,2003,2013,0,0,"随州市,黄石市"
周文霞,0,1994,2000,2002,2012,0,0,0,"京山县,仙桃市,荆门市,湖北省"
柯俊,0,0,1993,1997,2007,2017,0,0,"黄石市,黄石港区,浙江省,湖北省,台州市,铁山区,路桥区"
吴锦,0,1998,0,2003,2008,2019,0,0,"黄石市,宜昌市,湖北省,西陵区,当阳市"
黄剑雄,0,2001,2002,2004,2009,2013,0,0,"厦门市,咸宁市,漳州市,湖北省,福建省,潜江市"
周森锋,0,0,0,2008,2009,0,0,0,"襄樊市,神农架林区,宜城市"
易炼红,0,0,1992,0,0,2004,2011,2018,"湖南省,辽宁省,长沙市,沅陵县,岳阳市,江西省,陵县,沈阳市"
张剑飞,0,0,0,0,0,2007,2013,0,"湖南省,长沙市"
毛腾飞,1991,1992,1996,2000,2007,2013,0,0,"湖南省,武冈市,郴州市,邵阳市,湘潭市,株洲市"
龚文密,0,1990,1993,1995,0,1999,0,0,"邵阳市,湖南省,张家界市"
盛荣华,0,1985,1989,2001,2003,2011,2016,0,"湖南省,衡阳市,岳阳市,衡阳县"
周德睿,1992,1995,1998,2005,2006,2013,0,0,"湖南省,常德市,永州市"
杨光荣,0,0,0,2002,2006,2013,2016,0,"天心区,湖南省,长沙县,沙县,长沙市,阜阳市,张家界市,安徽省"
许显辉,1992,1994,1996,2000,0,2013,2018,0,"湖南省,武陵源区,叶县,益阳市,内蒙古自治区,张家界市"
胡忠雄同志,0,0,1991,0,1997,2011,0,2018,"永州市,湖南省,澧县,长沙市,岳阳市,双牌县,益阳市"
瞿海,0,0,1994,1998,0,2011,0,0,"益阳市,湖南省,郴州市"
陈文浩,0,1989,0,1992,2001,2008,2018,0,"代县,湖南省,长沙市,常德市,石门县,永州市"
严华,0,0,0,0,2002,2019,0,0,"湖南省,澧县,岳阳市,湘潭市,永州市"
易鹏飞,1988,1990,1992,1996,0,2008,0,0,"怀化市,湖南省,郴州市,娄底市"
叶红专,1988,1992,0,2006,2008,2008,0,0,"湖南省,凤凰县,湘西土家族苗族自治州,吉首市,龙山县"
王荣,0,0,0,0,0,2001,2004,0,"苏州市,无锡市,江苏省,滨海县"
许勤,0,1988,1992,1997,0,2008,2010,2017,河北省
郑人豪,0,1995,1999,0,2008,2011,0,0,
郑振涛,0,1988,0,1995,2004,2006,0,0,
李贻伟,0,0,0,0,2000,2010,0,0,
王中丙,0,0,0,1996,2003,2011,0,0,"仙桃市,湖北省"
李红军,0,1993,1999,0,2012,2013,0,0,"当阳市,湖北省"
郭锋,0,1980,1989,2000,2003,2010,0,0,
谭君铁,0,0,0,1996,0,0,2004,2007,城区
温国辉,0,1990,1996,2000,0,2013,2015,0,
何忠友,0,0,0,1989,0,2011,2016,0,
江凌,0,1988,0,0,2004,2011,2017,0,河南省
薛晓峰,0,0,0,0,0,2005,0,0,"汾阳市,山西省"
陈良贤,0,0,0,0,0,2012,2018,0,
陈绿平,0,1988,0,0,0,2002,2015,0,辽宁省
周红波,0,0,0,2005,2006,2011,0,0,
郑俊康,0,0,0,1993,2004,2008,0,0,
赵乐秦,0,0,0,1989,0,2005,0,0,
黄俊华,0,0,0,0,2008,2013,0,0,
王小东,0,0,0,1985,0,2004,0,0,
肖莺子,1992,1994,0,1998,2004,2010,2017,0,"浙江省,鹿城区,温州市,城区"
李新元,0,0,0,1994,2007,2013,0,0,
王可,0,0,1988,1994,2010,2011,2018,0,"山东省,南县"
金湘军,0,0,0,1990,1998,2003,2018,0,天津市
王凯,0,1991,1995,0,1999,0,2008,0,"长春市,晋城市,山西省,吉林省"
彭晓春,0,0,1992,1996,2000,2010,0,0,
周异决,1991,1993,1996,1999,2005,2013,0,0,锡林郭勒盟
赵德明,0,1986,0,0,0,2004,2018,0,
黄世勇,0,1993,1997,1999,0,2010,0,0,
何辛幸,0,0,0,1994,2008,2011,0,0,
肖杰,0,0,0,1989,2000,2012,2017,0,"北京市,任县"
杜和平,0,1993,1995,1998,0,2011,2017,0,"代县,江北区,黑龙江省"
郑向东,0,0,0,0,0,0,1988,0,
赖蛟,0,0,0,1998,0,2013,0,0,
段成刚,0,0,2001,0,0,2003,2018,0,江北区
唐川,0,0,0,1995,0,0,1997,0,
吴道藩,0,0,0,0,0,0,1998,1999,
章勇武,0,0,0,0,0,1994,0,0,
徐世国,1984,1992,2003,2006,2011,0,0,0,南县
罗成,0,1994,2003,2010,0,0,0,0,"浙江省,台州市,玉环县,代县"
梅时雨,0,0,0,1997,2003,2007,0,0,代县
李应兰,0,0,1995,2010,0,2015,0,0,代县
张学锋,0,0,1991,0,1997,2003,0,0,
覃昌德,0,0,0,2001,0,0,0,0,
徐海荣,0,1990,1996,1997,0,0,2012,0,市中区
白文农,0,1984,0,2002,2005,2007,0,0,文峰区
周勇,0,1983,0,1998,0,2008,0,0,
赵世庆,0,0,1993,1994,0,2013,0,0,
陶长海,0,0,0,0,0,1995,2017,0,江北区
熊雪,0,1988,0,0,1995,0,0,2004,
李殿勋,0,1991,0,1998,0,2013,2018,0,湖南省
曹清尧,0,0,1993,1997,2001,2004,0,0,
辛国荣,0,0,0,0,2003,2007,0,0,南县
蹇泽西,0,1994,0,0,0,0,2003,0,南县
李春奎,0,0,0,0,0,2003,0,0,"双桥区,沈阳市,铁西区"
唐德祥,1994,1995,0,2001,0,2005,0,0,
龚均,1989,1991,0,2003,0,0,0,0,代县
左军,1991,1997,0,2005,0,0,0,0,代县
代小红,0,0,0,0,2003,2015,0,0,江北区
王杰,0,0,0,2009,0,0,0,0,
陈文森,0,0,1997,0,0,0,0,2004,"平湖市,浙江省,代县"
钱建超,0,1989,0,1994,0,0,1998,0,
潘毅琴,0,1991,0,1994,1995,1998,2018,0,市中区
江涛,0,0,1994,1998,0,2011,0,0,代县
周少政,0,1987,1999,0,0,2002,0,0,"双桥区,温州市,浙江省"
刘成鸣,0,1981,0,1993,2002,2003,0,0,
蒋辅义,0,0,0,1993,1997,2002,0,0,
刘强,0,0,1992,1996,2001,2011,0,0,代县
罗强,0,0,0,0,1996,2002,0,2005,
林书成,0,1982,0,1992,0,2012,0,0,
王菲,0,1987,0,0,1994,2012,0,0,代县
杨洪波,0,0,1992,0,0,2012,2016,0,
张彤,0,0,2000,2002,2005,2007,0,0,
王铭晖,0,1982,1983,1995,1998,2005,2016,0,
侯晓春,1982,0,1991,1998,2003,2008,0,0,
罗增斌,1994,0,1996,2000,2011,2013,0,0,
包惠,0,0,1990,1996,0,2005,0,0,"杨浦区,上海市"
李静,0,0,1985,0,2002,2006,2017,0,
宋朝华,0,0,1985,1997,2006,2011,0,0,
李刚,0,0,1997,0,2001,2011,0,0,
周喜安,0,1992,1994,1999,0,2010,2018,0,安徽省
刘作明,0,0,0,1992,0,2000,0,0,
胡昌升,0,0,0,0,2004,2006,2015,0,"厦门市,福建省"
陈刚,0,0,0,0,0,2003,2012,0,"北京市,朝阳区,河北省"
刘文新,0,1997,0,2002,2006,2013,0,0,
李再勇,0,1984,0,1989,2000,2011,2016,0,"代县,安吉县,浙江省,吉县"
"周建琨同志,男,汉族,1960年6月出生,河南叶县人,1977年8月参加工作,1984年12月加入中国共产党,中央党校研究生学历。",1982,0,1995,1997,1997,2011,0,0,叶县
曾永涛,1990,0,1995,0,2000,2006,0,0,"大连市,辽宁省"
刘奇凡,1990,1994,1999,2002,0,2012,2016,0,内蒙古自治区
陈昌旭,1991,1993,1998,2000,2002,2007,0,0,代县
杨永英,0,0,0,0,2011,2013,0,0,
龙长春,0,1993,1998,0,2001,2011,2017,0,
李文荣,0,0,1990,1993,2002,2008,2016,0,
范华平,0,1987,0,1993,2008,2012,2018,0,山东省
和良辉,0,1990,1997,2001,2005,2009,2018,0,"代县,城区"
卫星,0,0,1992,0,2004,2013,0,0,
陈玉侯,1989,1991,1993,1996,2000,2012,0,0,
罗红江,0,0,0,2001,2004,2013,0,0,
张太原,1988,1992,1995,1996,0,2010,2015,0,"山西省,太原市"
童志云,0,0,0,0,0,2013,0,0,
齐扎拉,0,1983,1990,1994,2000,2001,2010,0,
张延清,0,0,1999,2005,2009,2012,0,0,
罗布顿珠,0,0,1990,1992,1996,2002,0,0,
张永泽,0,0,1998,2001,0,2008,0,0,
张洪波,1989,0,0,0,2007,2014,0,0,
万超岐,0,0,0,1991,0,2010,0,0,"内蒙古自治区,阿拉善盟"
上官吉庆,0,0,0,0,2004,2011,2016,0,
姜锋,0,0,0,0,0,0,2015,0,
卫华,0,0,0,2002,0,2005,0,0,
徐新荣,0,0,0,0,0,0,2015,0,
王建军,0,1986,0,1997,1998,2013,0,0,
陆治原,0,0,1995,1997,2002,2011,2018,0,"辽宁省,城区"
郭青,1985,0,1992,1995,2003,2007,0,0,"湖南省,任县,河北省,株洲市,故城县"
徐启方,0,0,0,0,0,2013,2018,0,代县
魏增军,0,1986,1991,1994,2005,2005,2017,0,
陈俊,0,0,0,0,2006,2013,0,0,
柳鹏,0,0,2001,0,2002,2011,0,0,
汪海洲,0,0,0,0,0,2011,0,0,
王锐,0,1987,1990,1993,1997,2001,0,0,
杨维俊,0,1991,0,1997,2005,2013,0,0,
黄泽元,0,0,0,0,2001,2012,0,0,
夏红民,0,0,1984,1992,1993,2000,0,2006,湖北省
唐晓明,0,1988,1994,1996,0,2013,0,0,
孙雪涛,0,0,1994,1997,2000,2011,2020,0,
陈青,0,1985,1995,1998,2001,2008,2013,0,
马学礼,0,1991,1997,2004,2010,2013,0,0,"北京市,东乡县,宣武区"
王予波,1985,1989,1992,1995,0,2012,2015,0,
于丛乐,0,0,0,0,0,2011,2017,0,
张晓容,0,0,1985,0,2003,2013,0,0,
尼玛卓玛,0,0,1985,1991,1996,2000,0,0,
张文魁,0,0,1992,1995,2001,2010,0,0,
索南东智,1989,1990,1997,1998,2006,2013,0,0,
白加扎西,0,0,1996,2001,2010,2013,0,0,
文国栋,0,1993,1996,2001,2009,2012,0,0,
徐广国,0,1990,0,1993,2003,2006,2011,0,"杜尔伯特蒙古族自治县,牡丹江市,大同区,绥芬河市,山西省,让胡路区,大庆市,黑龙江省"
彭友东,0,1988,1994,1995,0,2001,0,0,
赵永清,0,1991,1998,2003,2007,2013,0,0,"山东省,诸城市,昌乐县"
白尚成,0,0,0,0,1995,2006,0,0,
马廷礼,0,0,1991,0,2006,2011,2017,0,
李文章,0,0,1992,1994,0,2003,2016,0,辽宁省
马汉成,1993,1996,1997,0,2005,2007,0,0,
朱海仑,0,1986,0,1993,1996,2003,0,0,
芒力克·斯依提,0,0,0,1997,1998,2006,0,0,
艾则孜·木沙,1985,0,1993,2000,0,2001,0,0,"代县,山东省,宣武区"
彭家瑞,0,1981,1992,1995,2001,2004,0,0,代县
赵青,1983,1993,0,1998,2005,0,0,0,
肖怀远,0,0,1984,0,0,0,2001,0,天津市
张庆伟,0,0,0,0,0,1996,0,2011,"黑龙江省,河北省"
付志方,0,0,1987,1990,1991,1994,2001,0,"卢氏县,保定市,河北省,河南省,开封市,灵宝市,山东省,三门峡市"
陈政高,0,0,1976,0,1988,1993,0,1997,"辽宁省,大连市,长海县,西岗区,沈阳市"
殷一璀,0,0,0,0,0,0,0,0,"上海市,静安区"
李强,0,1984,1985,1988,0,1996,2005,2012,"永康市,浙江省,金华市,温州市,江苏省,上海市"
鹿心社,0,0,1986,0,1996,0,2010,2011,"南通市,江苏省,江西省"
刘伟,0,0,1982,0,1987,1994,2001,0,"砀山,蚌埠市,河南省,山东省,芜湖市,阜阳市,固镇县,安徽省"
谢伏瞻,0,0,0,0,0,0,2013,2013,"河南省,湖北省"
叶冬松,0,0,0,0,0,0,0,1977,"河北省,河南省,丰县,安徽省"
李鸿忠,0,0,1985,1987,1988,1995,2001,2007,"辽宁省,苏家屯区,湖北省,天津市,沈阳市"
王国生,0,1983,0,1985,1991,2000,2001,2010,"唐县,河南省,山东省,湖北省,东阿县,冠县,连云港市,江苏省,高唐县"
杜家毫,0,0,0,1985,0,1998,2004,2013,"湖南省,松江区,黑龙江省,浦东新区,杨浦区,上海市"
陈求发,0,0,1983,1991,0,0,2015,2015,"湖南省,辽宁省"
彭清华,0,0,1988,0,0,0,0,2018,湖北省
陈武,0,1982,1986,1992,0,2000,0,0,
张轩,0,0,1985,0,1992,0,2007,0,滦县
王东明,0,0,0,1983,1993,0,1997,2012,"辽宁省,辽阳市,绥中县,锦州市,太和区"
陈敏尔,1984,0,1990,1991,1996,1997,2002,2012,"绍兴市,浙江省,兴县,绍兴县,宁波市"
李纪恒,0,0,1985,1988,1991,1995,2006,2011,"内蒙古自治区,南县"
陈全国,0,0,1983,1988,1994,1996,1998,2009,"平舆县,河北省,河南省,平顶山市,遂平县,漯河市"
洛桑江村,0,0,0,0,0,1986,0,0,
帕巴拉·格列朗杰,0,0,0,0,0,0,0,0,
娄勤俭,0,0,0,0,0,0,2010,2012,江苏省
骆惠宁,0,1982,0,1985,0,1998,1999,2010,"郊区,山西省,马鞍山市,鞍山市,安徽省"
努尔兰·阿不都满金,0,0,0,0,2001,2002,0,0,
崔世安,0,0,0,0,0,0,0,0,
夏德仁,0,0,0,0,0,1998,2001,0,"大连市,辽宁省"
巴音朝鲁,0,1982,0,0,0,0,2001,2012,"伊金霍洛旗,浙江省,吉林省,鄂托克前旗,内蒙古自治区,宁波市"
吉林,0,0,0,0,0,0,0,0,"北京市,密云县,上海市"
汪先永,1992,1994,1998,2000,2003,2005,0,0,"北京市,密云县,丰台区"
胡衡华,0,0,0,0,0,2008,0,2013,"湖南省,长沙市,益阳市"
白玉刚,0,1990,0,0,2002,2010,0,0,"鄂尔多斯市,达拉特旗,赤峰市,内蒙古自治区"
刘忻,1993,1995,1995,0,2005,2012,2018,2018,"长春市,平房区,杭州市,牡丹江市,黑龙江省,哈尔滨市,吉林省"
缪瑞林,1987,1989,1991,1996,2001,2006,2013,0,"江苏省,宿迁市,南京市"
陈伟俊,0,0,0,0,0,2014,2018,0,"浙江省,宁海县,温州市,湖州市,鄞州区,余姚市,奉化市,宁波市"
雪克来提·扎克尔,0,1984,1988,1992,0,2000,0,0,
李宏庆,1992,1993,0,0,1994,1996,0,0,
钱引安,0,0,0,0,0,2009,2017,0,长安区
王俊强,0,0,1999,2001,0,2011,0,0,
舒庆,0,1995,1996,2000,0,2010,2016,0,"郑州市,河南省,新乡市"
兰开驰,0,1982,0,0,1998,2009,0,0,
阿布,0,0,1999,2002,2009,2014,0,0,
白玛旺堆,0,0,0,1999,2012,2015,0,0,湖北省
旺堆,1994,1996,0,2000,2013,2015,0,0,
窦万贵,0,0,0,2001,2011,2013,0,0,
松吉扎西,0,0,0,0,2014,2016,0,0,
刘志强,0,0,2002,2012,0,2014,0,0,"河北区,河北省,天津市"
赵世勇,1990,0,1996,2000,2008,2014,2020,0,江苏省
李玉刚,0,0,0,1994,2002,2014,0,0,"鸡西市,双鸭山市,黑龙江省,牡丹江市,麻山区,齐齐哈尔市"
李希,0,0,1985,1990,1996,2001,2004,2014,"上海市,辽宁省"
李公乐,0,1985,1992,1994,2004,2008,0,0,"代县,河南省,濮阳市,郑州市,濮阳县,台前县,商丘市,安阳市,新乡市"
王建军,0,0,0,0,0,0,2005,2017,
訚柏,0,0,0,0,0,2013,2018,0,代县
彭国甫,0,0,1996,0,2008,2014,0,0,"湖南省,岳阳市,岳阳县,溆浦县,怀化市"
鲍炳章,0,0,2014,0,0,0,0,0,徐汇区
石泰峰,0,0,1985,0,0,0,2010,2015,"宁晋县,榆社县,河北省,苏州市,江苏省,山西省,内蒙古自治区"
鲁毅,0,1982,0,1991,2005,2014,0,0,湖北省
周联清,0,0,0,0,0,2014,2016,0,"莆田市,福建省"
赵应云,0,0,1998,2001,2008,2014,0,0,"湖南省,中方县,永州市,常德市,邵东县,怀化市"
任学锋,0,0,0,0,0,0,2008,0,天津市
李明清,1991,1993,0,2000,0,2003,2018,0,
蒋超良,0,0,0,1984,0,0,2002,2014,"湖南省,青岛市,崂山区,湖北省,吉林省"
罗应光,0,0,0,0,0,1995,1997,0,沧县
贾玉梅,0,0,1986,1992,0,2000,2017,0,"黑龙江省,鸡西市,鹤岗市,城子河区"
李江华,0,0,1991,1993,1998,2010,0,0,
张琦,0,0,0,1991,2003,2008,2014,0,寿县
陈军,0,0,0,1984,0,0,0,0,
李毅,0,1996,0,0,2003,2017,2020,0,"城区,新城区,陵县,黑龙江省"
徐曙海,0,0,0,1998,2002,2018,0,0,"建邺区,栖霞区,玄武区,丰县,镇江市,南京市"
曹路宝,0,0,0,1994,2000,2017,0,0,"鼓楼区,盐城市,下关区,江苏省,南京市,秦淮区"
李世峰,0,2000,0,0,2011,2020,0,0,"黑河市,玄武区,雨花台区,江苏省,浦口区,南京市"
梁维东,1983,0,2004,2006,2011,2016,0,0,城区
黄喜忠,1996,0,2000,2008,2012,2018,0,0,"城区,南昌市,江西省"
朱立凡,0,1999,2001,2007,2013,2019,0,0,"常熟市,泰州市,苏州市,昆山市,张家港市"
惠建林,0,0,0,2001,2008,2016,2020,0,"常熟市,平江区,苏州市,淮安市,镇江市"
杜小刚,0,0,0,2003,2004,2006,0,0,"鼓楼区,昆山市,太仓市,无锡市,江苏省,南京市,沧浪区"
徐惠民,1987,0,0,1997,2006,2014,0,0,"吴江市,宿迁市,苏州市,昆山市,南通市,江苏省,金阊区"
倪斌,0,0,0,2000,0,2005,0,0,"泰州市,天津市,靖江市,无锡市,江苏省,镇江市,武清区"
李伟,0,0,0,0,0,0,0,0,北京市
姜志刚,0,0,0,0,2001,0,2013,0,北京市
李智远,0,0,2006,2007,2014,2018,0,0,
张工,0,0,0,0,0,0,2012,0,北京市
林克庆,0,1988,0,0,1994,2001,2013,0,"北京市,城区,东城区,大兴区"
张延昆,0,0,0,0,0,0,2015,0,"顺义区,北京市,怀柔区"
王东峰,1984,0,1987,1989,0,2001,2013,2016,"河北省,天津市"
段春华,0,0,1992,1997,0,0,2007,0,"津市市,宁河县,天津市"
曹小红,0,0,0,0,0,0,2013,0,天津市
何树山,0,0,0,0,0,2009,2013,0,"安徽省,天津市"
孙文魁,0,1985,0,0,0,1997,2013,0,"宝坻区,静海县,天津市"
温湛滨,1993,0,0,2002,2011,2016,0,0,"代县,城区"
楼阳生,0,1984,1986,1989,1991,1996,2009,2016,"衢州市,湖北省,山西省,浙江省,丽水市,浦江县,金华市,龙游县"
盛茂林,0,0,0,0,1998,2003,2012,0,"湖南省,天津市,邵阳市,郴州市,山西省,资兴市"
王一新,1992,0,0,0,0,0,2013,0,山西省
张复明,0,0,1998,2001,0,0,2013,0,山西省
李佳,1985,1986,1990,1994,0,2000,2004,0,"辽宁省,山西省,沈阳市,内蒙古自治区"
乌兰,0,0,1986,0,0,2000,2016,0,"鄂尔多斯市,湖南省,包头市,内蒙古自治区"
朱晓东,0,0,0,2007,2011,2011,0,0,"忻州市,岚县,永济市,曲沃县,大同市"
孙喆,0,1994,0,0,2003,2007,0,0,"浙江省,鄞州区,宁波市"
林北川,0,0,0,1975,2007,0,0,0,"吉林省,海南区"
严朝君同志,1988,1994,1997,2000,2008,2011,2017,0,
李鹏新,1984,0,1985,0,1991,1997,2005,0,内蒙古自治区
布小林,0,1987,1989,1993,1997,0,0,0,"土默特左旗,阿拉善盟,内蒙古自治区"
吴汉圣,1987,0,1990,1997,0,2007,2016,0,"沈阳市,山西省,营口市,北京市,辽宁省"
谭作钧,0,0,0,0,0,0,2012,0,"大连市,辽宁省"
庄严,0,0,2000,2004,2006,0,2012,0,"大安市,吉林省,延边朝鲜族自治州"
黄关春,1979,0,0,0,1984,2001,2012,0,"湖南省,武汉市,湖北省,吉林省,江汉区,孝感市"
隋忠诚,0,1992,0,1994,2001,2004,0,2009,"湖南省,南县,辉南县,吉林省,通化市,长春市,吉林市"
陈润儿,0,0,1985,1987,1994,2000,2006,2016,"河南省,湖南省,湘潭市,茶陵县,陵县,长沙市,黑龙江省,郴州市"
黄建盛,0,1981,0,1988,1991,1992,2007,0,"江西省,鹰潭市,崇仁县,吉安市,黑龙江省,万安县,上饶市"
张效廉,0,0,1995,1998,0,2001,0,2005,"黑龙江省,牡丹江市,北京市,哈尔滨市,房山区"
杨东奇,0,0,0,0,2004,0,2012,0,"黑龙江省,山东省"
李海涛,0,1992,0,1997,0,0,2004,0,"佳木斯市,黑龙江省"
孙东生,0,0,1999,0,0,0,2013,0,"黑龙江省,浚县"
应勇,0,1983,1983,1986,1992,1999,2013,2017,"上海市,绍兴市,浙江省,湖北省"
尹弘,0,0,1989,1996,0,0,0,1998,"上海市,长宁区,河南省,闸北区"
周波,0,0,0,0,0,0,2013,2013,"上海市,辽宁省"
翁铁慧,0,0,0,0,0,0,2013,0,上海市
时光辉,0,1993,0,2001,0,2006,2013,0,"上海市,静安区,奉贤区"
蒋卓庆,0,1986,1987,1992,0,2002,2013,0,"上海市,徐汇区,杨浦区,江苏省"
汪一光,0,0,0,0,2006,2014,0,0,"城区,谯城区,蓬莱市,岳西县,山东省,安庆市"
王炯,0,0,0,0,0,0,2011,0,"河南省,江苏省,安徽省"
杨林兴,0,0,1994,0,0,1995,0,0,
男,0,1988,1992,1995,0,0,2008,0,"无锡市,南京市,江宁县"
樊金龙,0,1990,1994,1994,1996,1999,2011,0,"苏州市,太仓市,无锡市,淮安市,江苏省"
王燕文,0,0,1991,1996,0,2001,2011,0,"代县,溧水县,扬州市,江苏省,南京市"
王立科,0,1993,1998,2002,2007,2010,0,2013,"江苏省,锦州市,北宁市,大连市,辽宁省,葫芦岛市"
张古江,0,0,0,0,1997,2008,2017,0,"承德市,河北省,邢台市,唐山市"
裴伟东,0,0,1989,1998,2009,2014,0,0,"丹东市,阜新市,辽阳市,葫芦岛市,辽宁省"
葛慧君,0,0,0,0,0,0,2012,0,"宁波市,诸暨市,绍兴市,浙江省,金华市"
胡和平,0,0,0,2003,0,0,2013,2016,浙江省
赵一德,0,1991,0,0,2000,2003,2012,0,"衢州市,河北省,温州市,浙江省,杭州市"
袁家军,0,0,0,0,0,0,2014,2017,浙江省
熊建平,0,0,0,0,0,0,2007,0,"上海市,浙江省,天津市"
朱从玖,0,0,0,0,0,0,2012,0,浙江省
李锦斌,0,0,1984,1989,0,0,0,1992,"辽源市,吉林省,通化市,长春市,通榆县,安徽省"
徐立全,0,0,1983,0,1985,1998,2003,0,"湖北省,安徽省,宿州市,蚌埠市,合肥市"
邓向阳,0,1987,1992,1993,1998,2006,2013,0,"威海市,滨州市,山东省,安徽省"
方春明,0,0,0,0,1997,2002,2013,0,安徽省
于伟国,0,0,0,1973,1991,0,1995,2015,"厦门市,江苏省,福建省"
张志南,0,0,0,1991,0,0,1997,0,"三明市,上杭县,福建省"
赵爱明,0,0,0,0,0,0,2013,0,江西省
李炳军,1984,0,0,0,1997,2000,2013,0,"江西省,赣州市"
孙伟,0,0,1988,1992,0,2000,2011,0,"山东省,浙江省"
孙守刚,0,0,0,0,1993,0,1997,0,"山东省,河南省,济宁市,利津县"
张超超,0,0,0,1998,2002,2006,2012,0,山东省
赵素萍,1984,1987,0,0,2001,0,2011,0,"河南省,漯河市,郑州市,济源市,献县"
李亚,0,0,1993,0,1998,2001,2013,0,"河南省,许昌市,陕县,三门峡市,洛阳市"
王艳玲,0,0,0,0,0,2009,2013,0,"河南省,濮阳市,湖北省"
张昌尔,0,1978,1987,1991,0,1996,2002,0,"黄石市,湖北省,安徽省,下陆区,孝感市,大悟县"
王晓东,0,0,1983,1992,0,2000,2000,2016,"江西省,南昌县,湖北省"
曹广晶,0,0,1993,1996,0,0,2014,0,湖北省
梁惠玲,0,0,1984,1994,1997,2006,2013,0,"湖北省,河北省,谷城县,鄂州市,襄樊市,南漳县,孝感市"
甘荣坤,0,1987,1991,1993,0,0,2013,0,"河南省,黑龙江省,辽宁省,湖北省"
曾欣,1992,1993,1996,1998,0,2008,0,2012,"北京市,哈尔滨市,湖北省"
吴政隆,0,0,1993,1996,1999,2002,2007,2017,"江苏省,山西省,南京市,太原市"
黄晓薇,0,0,1995,1996,0,0,2014,0,"辽宁省,山西省,营口市,站前区"
王伟中,0,1988,1992,1994,1999,2001,2014,0,"山西省,太原市"
孙金龙,0,0,0,0,0,0,2003,0,"湖南省,浙江省,安徽省,合肥市,辽宁省"
李微微,0,0,1983,1985,1990,0,2006,0,"株洲市,湖南省,株洲县"
何报翔,0,0,0,1989,0,0,2011,0,"湖南省,岳阳县,岳阳市,天津市"
张硕辅,0,1988,0,1995,2003,2008,2013,0,"湖南省,娄底市,永州市,北京市,益阳市"
黄兰香,0,0,0,1991,2001,2006,2013,0,"湖南省,石峰区,岳阳市,市北区,株洲市"
马兴瑞,0,0,0,0,0,1996,2013,2016,
李玉妹,0,0,0,0,0,1983,2006,0,"平邑县,莱芜市,山东省,临沂市"
许瑞生,0,0,0,1998,1999,2003,2011,0,
林少春,0,1988,1995,1997,0,2003,2012,0,内蒙古自治区
李春生,0,0,1985,1998,2003,0,2013,0,"信阳市,河南省,镇平县,郑州市,新县"
唐仁健,0,1987,1989,1990,0,0,2017,2017,北京市
范晓莉,0,0,1989,1997,0,2003,0,0,
蓝天立,0,0,1992,0,0,2007,0,0,
李秀领,0,0,1997,2000,0,2003,2011,0,内蒙古自治区
毛超峰,0,0,1991,1993,0,2001,2011,0,"焦作市,河南省,周口市"
孙新阳,0,0,0,0,0,0,2012,0,江西省
王路,0,0,0,0,0,2003,2013,0,
陆俊华,1983,1990,1992,1995,1998,2004,2014,0,
张国清,0,0,0,1993,0,0,2013,2016,天津市
张鸣,0,0,0,0,0,2006,2012,0,"全椒县,安徽省"
刘强,1984,1993,0,0,0,1995,2000,2001,
柯尊平,0,0,0,0,0,0,0,2000,
范锐平,0,0,0,1990,2000,2006,2011,0,"湖北省,钟祥市,鄂州市,荆州市,松滋市"
吴靖平,0,0,1991,1993,2000,2003,2012,0,"上海市,吉林省"
王宁,0,1980,1987,1991,0,1998,2007,0,
刘捷,0,1988,1991,0,1997,2001,2011,0,"海门市,江苏省"
曲木史哈,0,1986,0,1988,1996,2003,2011,0,
甘霖,0,0,1991,1999,0,2003,2012,0,湖北省
李军,0,1987,1990,1993,1994,2003,2004,0,
谌贻琴,0,0,1982,1993,0,2001,2007,2017,
刘晓凯,1987,1989,1991,1992,1996,1998,2008,0,
秦如培,0,0,1994,1996,2002,2008,2012,0,
廖国勋,1987,1990,1994,1998,2007,2008,2012,0,"上海市,浙江省"
张广智,0,0,0,0,0,0,2013,0,
"慕德贵同志,男,汉族,1959年8月出生,吉林集安人,1982年2月参加工作,1987年5月加入中国共产党,大学学历,项目管理硕士。",0,1984,1990,0,0,1997,0,2011,
李江,0,0,0,0,0,0,1990,1996,
赵金,0,1991,1994,1995,0,2007,2011,0,
刘慧晏,0,0,0,0,0,0,1998,2001,淄博市
尹建业,0,0,1990,0,0,2011,2013,0,江西省
吴英杰,1983,0,1987,0,0,0,0,0,
邓小刚,1994,0,1994,1994,1998,2003,2017,0,"北京市,郊区,丰台区,通州区"
公保扎西,0,0,0,0,1996,2000,2016,0,
董云虎,0,0,0,0,0,0,2015,0,上海市
梁田庚,1983,1989,1992,1994,1999,0,2014,0,河北省
丁业现,0,1989,0,0,0,0,0,0,山东省
王瑞连,0,1987,1994,1996,2005,2008,2017,0,"江苏省,湖北省"
王拥军,0,0,1990,1994,1999,2003,2019,0,山西省
甲热•洛桑丹增,0,0,0,0,2000,0,0,0,
边巴扎西,1988,1993,1996,1998,2000,2005,0,0,山东省
多吉次珠,0,1987,0,1997,2005,2006,0,0,吉县
坚参,0,0,1987,0,0,0,0,0,
姜杰,0,0,1993,1994,2000,2004,0,0,"东营市,黄岛区,青岛市,山东省"
何文浩,0,1990,1994,1999,0,0,0,0,
曾万明,0,0,1996,0,2001,2005,0,0,
江泽林,0,0,0,1994,1996,0,2002,0,吉林省
景俊海,0,0,0,0,0,2005,2008,2018,"北京市,吉林省"
毛万春,0,0,0,0,0,0,2010,0,"河南省,林州市,许昌市,安阳市,洛阳市"
庄长兴,0,0,0,0,0,0,2013,0,
王莉霞,0,0,0,0,0,2011,2013,0,"呼和浩特市,内蒙古自治区"
盛阅春,0,0,0,0,0,2018,0,0,"城区,西湖区,下城区,绍兴市,江干区,萧山区,杭州市"
欧阳坚,0,0,1991,1994,0,2001,2011,0,
咸辉,0,1986,1988,1993,2004,0,2007,0,
冉万祥,0,1988,1995,1998,0,2009,2012,0,河北省
李荣灿,1993,1994,1995,1998,0,0,2013,0,北京市
黄强,0,0,0,0,0,0,2014,0,河南省
多杰热旦,0,0,0,0,1990,1996,2007,0,
马顺清,0,1983,0,1995,2000,0,2008,0,天津市
王晓,0,0,1995,1995,1997,0,2013,0,"青岛市,山东省"
旦科,0,0,1992,1995,2000,2001,2012,0,"和县,代县,南县"
张建民,0,0,0,0,0,0,2008,0,"内蒙古自治区,山西省,滦县"
严金海,0,0,0,0,1998,2005,2013,0,
匡湧,0,0,1994,0,2004,2007,2014,0,
崔波,0,0,0,1984,1986,1991,0,0,"城区,济宁市,曲阜市,山东省"
王雁飞,1986,0,1988,1994,2001,0,2015,0,"河北省,邢台市,平山县"
王和山,0,0,1996,1999,0,0,0,0,
车俊,0,0,0,0,0,0,0,1973,"河北省,石家庄市,浙江省,安徽省,丰县,合肥市"
韩勇,0,0,0,1980,1991,0,0,0,"松原市,吉林省,榆树市"
肖开提·依明,0,0,0,1989,1991,0,0,0,
尔肯江·吐拉洪,0,0,1988,0,0,2015,2017,0,湖北省
李学军,0,1980,1988,1994,0,2016,0,0,
艾尔肯·吐尼亚孜,0,0,1991,1993,2005,0,0,0,
吉尔拉•衣沙木丁,0,0,0,1994,2005,2008,0,0,
田文,0,0,0,0,0,0,0,0,
俞东来,0,1988,0,0,1997,2012,0,0,"拱墅区,舟山市,浙江省,江干区,萧山区,杭州市"
徐文光,0,1998,0,2000,2002,2012,0,0,"衢州市,诸暨市,余杭区,上虞市,富阳市,杭州市"
钱三雄,0,1995,0,2002,2009,2013,0,0,"城区,河北省,诸暨市,温州市,绍兴市,湖州市,兴县,浙江省,邢台市,越城区,绍兴县"
罗佳明,0,0,1990,0,0,1998,0,0,
李旭阳,0,0,0,2003,2012,0,0,0,"平山县,石家庄市,唐县,行唐县,桥东区,赵县"
赵俊民,1998,0,1999,2002,2013,2017,0,0,
陈豪,0,1983,0,0,0,1993,0,2014,"静安区,江苏省,上海市"
陈吉明,0,0,1987,1998,2003,2014,0,0,
陈奕君,0,0,1993,2000,2002,2011,2019,0,"宁波市,海曙区,鄞州区,台州市,浙江省,北仑区"
毛宏芳,0,0,0,0,0,2017,0,0,"城区,新城区,宁波市,嘉兴市,鄞州区,余姚市,北仑区"
姚奕生,0,0,0,2002,2003,2017,0,0,
田庆盈,1989,1999,0,2003,2009,2017,0,0,"城区,青岛市,天桥区,济南市,历城区,莱芜市,潍坊市,槐荫区,历下区"
石奇珠,0,0,0,1998,2000,2015,0,0,
马文田,0,1999,2000,2001,2003,2017,0,0,"河南省,周口市"
叶牛平,1993,1994,1999,2000,2006,2010,0,0,
丁红都,0,0,0,0,0,2011,0,0,
赵革,0,0,0,0,0,2017,2019,0,"黑龙江省,廊坊市,哈尔滨市,宾县"
马长青,1989,1991,1992,1999,2006,0,0,0,
郭社荣,0,0,0,0,2005,2011,0,0,
张晓强,0,1998,0,2003,0,2015,0,0,"代县,庆元县,景宁畲族自治县,诸暨市,绍兴市,台州市,遂昌县,浙江省,丽水市,德清县"
果果,0,0,1995,2007,2010,2016,0,0,
王立,0,1988,1994,1997,2012,2015,0,0,"武汉市,鄂州市,武昌区"
王文力,1996,0,0,2000,2004,2017,0,0,"城区,哈尔滨市,双城市,牡丹江市,呼兰县"
吴祖云,0,0,0,0,2002,0,0,0,"洪湖市,武汉市,湖北省,荆州市,潜江市,荆州区"
王立奇,0,0,2005,2007,2008,2012,0,0,"伊春市,铁力市,南岗区,平房区,齐齐哈尔市,哈尔滨市"
1987=0,0,1995,0,2007,0,2016,0,0,"代县,长沙县,娄底市,龙山县,长沙市,沙县"
曹立军,0,0,1998,2000,0,2011,0,0,"天心区,长沙市,浏阳市,常德市"
胡玖明,1997,1998,2001,2004,2018,0,0,0,"代县,郧县,武汉市,湖北省,仙桃市,十堰市"
刘小涛,0,1995,0,2004,2012,2016,2020,0,浙江省
杨兴铭,2000,2002,2008,2013,2020,0,0,0,"湖北省,保康县"
梅世彤,0,0,0,0,2003,2011,0,0,"沧州市,任丘市,河北省,南皮县"
张建东,0,0,0,0,0,0,2014,0,"北京市,西城区,怀柔区,城区"
吕志成,0,0,2001,2006,2015,2017,0,0,"清河县,威县,河北省,阜新市,衡水市,桥东区,邢台市"
庄光明,0,0,0,0,2005,2015,0,0,"宜都市,宜昌市,湖北省"
郭永航,0,1992,0,1994,2010,2015,0,0,
李郁华,1995,1998,0,0,2014,2017,0,0,"东阳市,金华市,浙江省"
欧阳卫民,0,1992,1994,1996,0,2003,2013,0,"厦门市,城区"
姜宏,0,1993,0,0,0,0,0,2006,"呼伦贝尔市,红山区,赤峰市,科尔沁区,通辽市"
历任临武县同益乡政府干部（兼任三村村党支部书记）,0,0,0,0,0,0,0,0,"代县,苏仙区,临武县,郴州市,桂东县,常宁市"
王震,0,0,0,0,1998,2011,0,0,"临汾市,尧都区,晋城市,侯马市,虹口区,山西省,上海市,长子县,长治市"
熊安台,1990,1992,1996,2013,0,0,0,0,"鹤城区,城区,澧县,辰溪县,怀化市"
林长洲,0,0,2006,0,2011,0,0,0,"湖北省,东宝区,钟祥市,任县,潜江市,沙洋县"
周志红,0,0,2002,2011,2017,0,0,0,"湖北省,谷城县,仙桃市,荆门市,京山县"
杨绪松,1991,0,0,2000,0,2008,0,0,湖北省
姜建军,0,0,1990,1995,2010,2017,0,0,南山区
余珂,0,2007,0,2011,2018,0,0,0,"湖北省,嘉鱼县,咸宁市,仙桃市,通山县"
李大义,1991,1992,1996,2001,2006,2015,0,0,"东宁县,宁安市,绥芬河市,穆棱市,黑龙江省,牡丹江市"
汤方栋,0,0,0,0,0,2018,0,0,"大连市,辽宁省,盘锦市,长海县"
王林虎,0,1995,2000,2003,2010,2018,0,0,
王健,0,0,1996,2001,2006,2016,0,0,"新城子区,沈阳市,苏家屯区,大东区,辽宁省,葫芦岛市"
张新文男,0,0,0,2001,0,2019,0,0,"济南市,菏泽市,山东省"
俞成辉,1991,0,1994,2002,2011,2014,0,0,
王一兵,0,0,1997,2002,2006,2008,0,0,"铁西区,沈阳市,于洪区,辽阳市,康平县,辽宁省"
林红玉,0,2001,2004,2004,2007,2018,0,0,"寿光市,荣成市,环翠区,威海市,济宁市,潍坊市,山东省"
贺志亮,0,1995,0,2003,2011,2019,0,0,"开鲁县,临河区,巴彦淖尔市,吉林省,内蒙古自治区,吉林市,通辽市"
谢卫东,0,0,0,0,0,2019,0,0,"北票市,朝阳市"
齐家滨,0,0,0,0,0,2005,0,0,"青岛市,崂山区,天桥区,济南市,常州市"
于学利,1990,0,2003,2009,2010,2015,0,0,"建昌县,锦州市,兴城市,辽宁省,葫芦岛市"
高建军,0,0,0,2002,2014,2015,0,0,"管城回族区,河南省,平顶山市,郑州市,开封市,汝州市"
杨洪涛,1988,1997,2002,2007,2015,2019,0,0,"德州市,淄博市,淄川区,山东省,博山区,高青县,青县"
张霁,1983,1998,0,2011,0,0,0,0,
贠建民,0,1989,1996,2001,0,2014,0,0,
隋显利,0,1992,0,0,2006,2019,0,0,"本溪市,辽阳市,铁岭市,灯塔市,辽宁省"
赵凌云,1995,1998,2002,2005,0,2014,0,0,
王为人,0,0,0,0,0,2014,0,0,"长宁区,上海市"
杨斌,0,0,0,0,0,2014,2017,0,"通州区,北京市"
王会勇,0,1989,0,1997,2004,2010,0,0,"河北省,宁晋县,邯郸市,邢台县,廊坊市,邢台市"
张瑞书,0,0,1992,2001,2012,2014,0,0,"献县,河北省,邯郸市,秦皇岛市,矿区,峰峰矿区"
曾赞荣,0,0,0,0,2012,2014,0,0,"通州区,宣武区,房山区,北京市"
董仚生,1984,1985,0,0,1992,1996,0,2013,"高安市,上饶市,宜丰县,河北省,南昌市,丰县,鹰潭市,宜春市,江西省"
李水华,0,0,0,1997,0,2006,0,0,
唐海龙,0,0,0,0,1988,0,0,0,"崇明县,上海市,奉贤区,代县"
杨博,0,0,0,2000,2014,2015,0,0,"阿拉善盟,锡林郭勒盟,内蒙古自治区,鄂尔多斯市,佳木斯市,满洲里市,伊金霍洛旗,达拉特旗,呼伦贝尔市"
许南吉,2002,2005,2010,0,2014,2015,0,2016,"长乐市,福清市,福建省,福州市,宜春市,江西省"
杨发森,0,0,0,2014,2017,2018,0,0,
王国和,0,0,1994,1997,2016,0,0,0,
邱树华,0,0,0,1996,2011,2015,0,0,新市区
张集智,0,1999,0,2005,2007,2017,0,0,
胡启生,0,0,0,2007,2015,2015,0,0,"铜陵市,滁州市,合肥市,巢湖市,蜀山区,芜湖市,包河区"
孙勇,0,0,0,0,0,0,0,0,"鞍山市,马鞍山市,黄山市,宿州市,埇桥区,安徽省"
贺一诚,0,0,0,0,0,0,0,0,
薛斌,0,0,1995,2001,2010,2017,0,0,
张岩,0,0,0,0,2012,2017,0,0,
何永慧,1994,0,2002,2006,2011,0,0,0,
李成辉,1996,2000,2001,2005,2012,2018,0,0,福建省
杨浩东,0,0,0,0,0,2014,0,0,
杜航伟,0,0,0,0,0,0,2014,0,
刘赐贵,0,0,0,1983,1993,2002,2007,2015,"光泽县,厦门市,莆田市,福建省,龙岩市,邵武市"
安征宇,1994,1996,0,2001,2015,0,0,0,新市区
帕尔哈提·肉孜,0,0,0,0,2015,0,0,0,
董卫民,0,0,0,0,1998,2001,0,0,"任县,义县,武义县,黄冈市,湖北省,红安县,蕲春县,黄石市,浙江省,十堰市"
王刚,0,0,0,0,2016,2017,0,0,
王洪海,1996,1997,2001,2006,2011,2015,0,0,"天津市,蓟县,宝坻区"
谢坚钢,0,0,2015,0,0,0,0,0,"杨浦区,普陀区,徐汇区"
庞庆波,0,0,0,0,0,2015,0,0,"白城市,梅河口市,通化市,代县,吉林省,通化县"
王宇,0,0,0,0,2018,0,0,0,"铁东区,四平市"
蔺雪峰,0,0,2014,2015,0,2015,0,0,"天津市,静海县"
王少玄,0,0,0,0,2003,2008,0,0,"吉安市,江西省,赣州市"
王子联,0,1996,0,0,2009,2013,0,0,"梅河口市,公主岭市,吉林省,松原市,四平市"
李德金,0,0,0,1997,2002,2015,2017,0,"龙岩市,仙游县,莆田市,福建省"
李建中,0,0,0,1984,0,2008,0,2013,"安阳市,龙安区,河南省,陕县,安徽省"
才让太,0,1999,2000,2000,2011,2015,0,0,南县
姚增科,0,0,0,0,0,0,2015,0,"天津市,江西省"
杨茂荣,0,0,0,0,0,2002,0,0,"天津市,西青区,东丽区,北辰区"
陈浙闽,1986,0,0,1993,0,2004,2016,0,"天津市,宝坻区"
夏科家,0,2014,2015,0,0,0,0,0,"上海市,青浦区"
胡卫国,0,0,2015,0,0,0,0,0,"金山区,上海市,闸北区,松江区"
艾丽华,0,0,0,0,2002,2015,0,0,"武汉市,通州区,内蒙古自治区,江岸区,乌兰察布盟,翁牛特旗,湖北省,乌海市,赤峰市,北京市"
万新恒,0,0,0,0,0,2003,0,0,"石景山区,北京市"
马世忠,0,1986,1992,1996,2001,2007,0,2013,"山东省,市北区,青岛市"
雷春美,0,0,0,0,1993,0,0,2001,"福州市,龙岩市,南平市,福建省"
赵豪志,1991,1993,2000,2002,2007,2015,0,0,"山东省,东营市,河口区,广饶县"
郑栅洁,0,0,0,0,0,0,2015,0,"厦门市,福建省,宁波市,湖里区,浙江省"
孙立成,0,0,1992,1993,2001,0,0,2013,"山东省,济南市"
严植婵,0,0,1985,1999,2003,2015,2017,0,安徽省
侯红,0,0,0,0,2006,2010,0,0,"河南省,开封市"
王浩,0,0,0,0,0,0,2017,0,"曹县,河北省,牡丹区,烟台市,唐山市,淄博市,山东省,滨州市,菏泽市,单县"
周连华,0,0,1990,1999,0,2002,0,0,"垦利县,山东省,东营市,淄博市"
庄稼汉,0,0,1993,1996,0,2009,2016,0,"厦门市,南平市,福建省"
刘星泰,1989,1992,2000,2003,2006,2015,2018,0,"沾化县,山东省,无棣县,淄博市"
杨克宁,0,1997,0,2002,0,2015,0,0,
李明远,0,0,0,0,0,2015,2019,0,
李峰,1985,1993,1998,2001,2004,2015,0,0,"临沭县,临沂市,费县,枣庄市,山东省,罗庄区"
杨宁,0,1986,0,1997,2003,2015,2016,0,
曹邦兴,0,1998,2010,2015,0,0,0,0,"朝阳区,代县,北京市"
张秀兰,0,0,2001,2002,2006,2015,0,0,
黄宗林,0,0,2009,2015,0,0,0,0,
赖泽华,0,0,0,0,0,2015,0,0,城区
武玉嶂,0,0,1993,1995,0,2008,0,0,
孔晓宏,0,1993,1996,0,2003,2015,0,0,"黄山市,滁州市,霍山县,淮北市,宣城市,安徽省"
王小平,0,0,0,1989,2005,2006,0,0,"焦作市,山城区,河南省,丰县,浚县,新乡市,平顶山市,郑州市,宝丰县,城区,新城区,鹤壁市,郊区"
张鸿星,0,1990,2001,2003,2008,2015,0,0,"上饶市,婺源县,南昌市,上饶县,信州区,江西省,抚州市"
刘超,0,1994,2000,0,2002,2009,0,0,天津市
周仲明,0,1988,0,1993,2001,2015,0,0,"涞源县,河北省,唐山市,蠡县,承德市,保定市"
马承祖,0,1984,1991,1991,2000,2006,0,0,"上饶市,浮梁县,南昌市,珠山区,景德镇市,江西省"
尹力,0,0,1994,1997,0,2003,2015,2016,
王书坚,0,0,1988,1988,1995,2003,2015,0,"烟台市,淄博市,山东省,博山区,青岛市"
蓝佛安,0,1988,1993,0,1999,2015,2016,0,
张常荣,1988,1992,0,2000,0,2010,0,0,"鸡西市,宾县,鹤岗市"
赵辉,1989,0,0,0,2001,2015,0,0,
李杰翔,0,0,1986,1994,2007,2013,2019,0,"内蒙古自治区,石拐区,准格尔旗,土默特右旗,青山区,呼和浩特市,霍林郭勒市,包头市,通辽市"
王显刚,0,0,0,1995,0,0,1997,0,代县
梁伟年,0,0,1984,0,2003,2008,2015,0,"随州市,湖北省,孝感市,十堰市"
徐刚,0,0,0,0,0,2019,0,0,"河北区,天津市"
岳亮,0,0,0,0,0,2015,0,0,
杨长亚,1990,1991,1993,1995,2002,2013,0,0,
施小琳,0,2001,2015,0,0,0,2017,0,"闸北区,南汇区,普陀区,上海市,江西省,虹口区"
陈星,0,1990,1998,2001,2008,2015,0,0,"商丘市,河南省,夏邑县,驻马店市,柘城县,民权县,济源市"
裘东耀,0,0,0,0,2010,2015,2017,0,"嘉兴市,湖州市,宁波市,浙江省,秀洲区"
王立平,0,0,0,0,0,2015,0,0,"通化市,吉林省,辽源市"
马卫光,0,0,0,0,0,2016,0,0,"镇海区,北仑区,宁波市,绍兴市"
马学军,1986,1988,0,1992,1995,2004,0,0,内蒙古自治区
肖毅,0,0,1992,0,1996,2003,0,0,"上犹县,崇义县,义县,赣州市,龙南县,瑞金市,南县,江西省,抚州市"
喻云林,0,0,1990,1998,0,0,2018,0,天津市
刘非,0,0,0,0,0,2017,0,0,"吉林省,湖南省,吉林市,白山市,娄底市"
徐立毅,0,1983,0,0,1992,2012,2017,0,"河南省,温州市,余杭区,鄞州区,郑州市,杭州市,余姚市,宁波市,浙江省,江干区"
陈飞,0,0,0,0,0,2000,2007,0,"山东省,德州市,青岛市,烟台市"
胡光辉,0,1985,1993,0,0,2004,2015,0,"湖南省,宁乡县"
张西明,0,0,0,0,0,0,2015,0,安徽省
魏树旺,0,0,1996,0,2010,2015,0,0,"望都县,河北省"
张柱,1991,1994,0,2000,2011,2015,0,0,
孙珅,1991,0,0,2000,2015,2015,0,0,"齐齐哈尔市,黑龙江省"
韩建华,0,0,0,0,2006,2012,2015,0,
于军,0,1990,0,1995,2002,2006,0,0,"海淀区,北京市"
徐江,0,0,1992,1998,0,2010,0,0,
喜清江,0,0,0,0,0,2015,0,0,
鸟成云,0,0,1995,1998,0,2010,0,0,
卫岗,1989,0,1994,2004,0,2017,0,0,
马志勇,1990,1993,1996,1998,2003,2011,0,0,"哈尔滨市,牡丹江市,鸡西市,太平区,七台河市,黑龙江省"
常书铭,0,0,0,0,0,0,0,0,"吕梁市,晋中市,泽州县,山西省,高平市,晋城市"
冷杰松,0,0,0,0,0,0,2015,0,"山西省,内蒙古自治区"
邓勇,0,0,0,0,0,0,2015,0,北京市
蔡振红,0,0,1992,1994,0,0,2015,0,湖南省
房灵敏,0,0,1983,1996,0,0,0,0,"山东省,郓城县"
王双全,0,0,0,0,0,0,2018,0,浙江省
杨元忠,0,0,0,1993,0,2015,0,0,内蒙古自治区
江夏,0,0,0,2003,0,2010,0,0,
殷勇,0,0,0,0,0,0,2018,0,北京市
左永祥,0,0,0,0,0,0,0,1991,寿县
杨照辉,0,0,0,0,0,2015,0,0,
丁绣峰,0,1994,1995,1997,2009,2015,0,0,"河北省,唐山市,沧州市,衡水市,平乡县"
董保同,0,0,1992,0,1997,2008,0,0,
彭宇行,0,0,0,0,0,2013,2017,0,
纪峥,0,0,0,0,0,1996,0,0,
崔述强,0,0,1989,1992,0,2015,2017,0,"海淀区,兴县,北京市"
康涛,0,0,0,0,1989,2011,0,0,"厦门市,集美区,泉州市,福建省"
张旭晨,0,0,1999,0,2007,2010,0,0,
崔枫林,1990,0,0,0,0,1998,2017,0,"本溪市,辽宁省,葫芦岛市"
普布顿珠,0,2000,2002,2005,2012,2016,0,0,
杨智,0,1986,0,1998,2005,2013,0,0,"荆州市,黄冈市,伍家岗区,湖北省,宜昌市"
任晓春,0,1985,0,1993,0,2002,0,0,
刘和生,0,1988,1992,2000,2006,2015,0,0,"郴州市,株洲市,湖南省,祁东县,岳阳市,攸县,娄底市"
陈勇,0,0,0,2002,2007,2011,0,0,"桓台县,周村区,济南市,德州市,淄博市,山东省"
王边疆,0,0,0,0,0,0,2015,0,辽宁省
王贺胜,0,0,0,0,0,0,2015,0,"湖北省,天津市"
余长明,1984,1989,0,1998,0,2015,0,0,
朱中奎,0,0,0,0,2015,2017,0,0,
吴德军,1990,1996,1999,2005,2013,2015,0,0,
李伟,0,0,0,0,0,0,0,0,
杨自力,1991,0,1993,1997,2011,2015,0,0,
宋军继,0,0,0,1995,2000,2015,0,0,"招远市,海阳市,烟台市,淄博市,山东省,蓬莱市,聊城市"
陆晓栋,0,2015,2015,0,0,0,0,0,"黄浦区,南市区,上海市,静安区"
阚吉林,0,1997,2003,0,0,2006,0,0,
梁桂,0,0,1996,1998,2002,0,2015,0,"浦东新区,上海市"
冉华章,0,0,2003,0,0,2011,0,0,
刘芳震,0,0,0,0,2015,2015,0,0,"咸丰县,丰县,鹤峰县,枣阳市,郊区"
李国英,0,0,1991,1992,0,0,2015,2016,"黑龙江省,安徽省"
代钦,0,0,2000,2006,0,2011,0,0,"兴安盟,锡林浩特市,阿拉善盟,锡林郭勒盟,内蒙古自治区"
毛伟明,0,1991,0,0,1998,2001,2013,0,"江苏省,泰州市,江西省,常州市,武进市"
王黎明,0,1982,0,1991,0,0,2015,0,
胡家福,1992,1993,1994,1997,2000,2006,2015,0,"北京市,吉林省"
罗永纲,0,1986,1993,1997,2007,2015,2019,0,"土默特左旗,巴彦淖尔市,鄂尔多斯市,通辽市,东胜区,湖北省,呼和浩特市,内蒙古自治区"
胡焯,1983,1992,1994,0,2005,2011,2018,0,"于都县,江西省,南昌市"
"雍成瀚,男",0,0,0,0,2003,2015,0,0,"池州市,芜湖市,合肥市,安徽省"
傅奎,0,1986,1989,1994,0,2005,2015,0,"湖南省,江苏省,句容县"
林武,0,0,0,0,0,2005,2015,2019,"湖南省,吉林省,山西省,娄底市"
陈晏,1995,1997,2002,2005,2012,2015,0,0,
吕玉印,0,1998,2001,2005,2015,2019,0,0,
肖亚非,0,0,1993,2001,2015,2018,0,0,"樟树市,江西省"
林彬杨,0,1992,0,2000,0,2008,0,0,"代县,抚州市,黎川县,江西省,新余市,临川区,九江市"
王成国,0,0,0,0,0,2014,0,0,"丰台区,北京市,崇文区,平谷区"
向业顺,0,0,1998,2015,0,0,0,0,
杨斌,0,0,0,0,0,2015,0,0,
张志军,0,0,0,1998,2001,2015,2019,0,"义县,辽源市,吉林省,吉林市,辽宁省,白山市,长春市"
齐建新,0,0,0,0,0,2015,0,0,
曾一春,0,1987,1987,1993,0,2003,0,0,"河北省,涿州市,内蒙古自治区"
彭佳学,0,0,0,0,0,2015,2018,0,"温州市,浙江省,绍兴市"
孙志刚,0,0,0,0,1992,1993,2002,2015,"河南省,武汉市,汉阳区,宜昌市,湖北省,安徽省"
刘虎山,0,0,0,1987,2014,2015,0,0,
谢元,0,0,0,0,0,0,0,0,"江苏省,天津市,溧水县,东丽区,建邺区,新城区,栖霞区,南京市,城区"
董华,0,0,0,1993,0,0,2015,0,
姚国华,0,1993,1995,1998,2002,2013,0,0,
王凤波,0,0,0,0,0,2015,0,0,"沈阳市,辽阳市"
王喜良,0,0,0,0,0,2015,0,0,
葛海鹰,0,0,0,0,0,2015,0,0,"辽宁省,鞍山市,丹东市,抚顺市"
董晓宇,0,0,2000,2008,2009,2015,0,0,"清苑县,邢台市,保定市,廊坊市,南市区,河北省,涿州市,曲阳县,衡水市"
潘临珠,0,0,1995,1996,0,1999,0,0,"代县,山西省,北京市,怀柔区,临汾市,密云县"
陈向群,1983,1988,1991,1994,1998,2002,2015,0,"湖南省,辽宁省"
蒲继承,0,0,2003,2015,2016,2017,0,0,
郭大进,0,0,0,0,2014,2015,0,0,
姜有为,0,0,1995,0,2005,2010,2015,0,"辽源市,吉林市,吉林省,沈阳市,辽宁省,白山市"
苗雨丰,0,0,0,0,0,0,2015,0,"吉林省,长春市"
赵海山,0,0,0,0,0,2006,2015,0,"天津市,湖北省"
傅明先,0,0,0,1994,2013,2015,0,0,"山东省,济宁市,青岛市,崂山区,胶州市,李沧区,城阳区"
王灏,0,0,0,0,0,0,0,0,"朝阳区,北京市"
董一兵,0,1989,0,1998,2004,2015,0,0,"夏县,朔州市,山西省,阳泉市,运城市,临汾市,忻州市,稷山县"
宋亮,0,0,1993,1996,0,2011,2017,0,"赤峰市,乌海市,通辽市,内蒙古自治区"
徐衣显,0,1994,2002,2005,2015,2015,0,0,"河南省,景县,焦作市,河北省,唐县,洛阳市,盐山县"
常丽虹,0,0,1995,0,2008,2015,0,0,"石家庄市,承德市,邢台市,井陉矿区,河北省,矿区"
顾洪辉,0,0,2015,0,0,0,0,0,"上海市,长宁区"
朱芝松,0,0,0,0,0,2015,0,0,"上海市,闵行区"
王立伟,0,1985,0,1997,0,2015,0,0,"岚县,山西省,岢岚县,五寨县,吕梁市"
杨伟东,0,1985,1997,2001,2006,2015,0,0,"南昌县,南昌市,新建县,泗县,江西省,九江市,内蒙古自治区"
赵德光,0,0,0,0,2015,2015,0,0,
高朋,0,0,0,0,0,2015,0,0,"丰台区,北京市,顺义区"
王新伟,0,0,0,2000,0,2002,2020,0,"河南省,郑州市,安阳市,汝州市,平顶山市,舞钢市,浙江省,湛河区,临海市,新华区"
吴炜,0,0,1995,2000,2008,2015,0,0,
赵爱军,0,0,0,0,0,2015,0,0,"辽宁省,鞍山市"
陈绍旺,0,0,0,0,0,2015,2020,0,"天津市,和平区,辽宁省,大连市,西青区"
安伟,0,0,0,1991,0,2013,0,0,"河南省,陵县,鄢陵县,新乡市,三门峡市"
农融,0,0,0,0,2013,2015,0,0,
唐云舒,0,1990,1998,2002,2010,2015,0,0,
穆鹏,0,0,0,0,0,0,0,0,"海淀区,北京市"
项雪龙,0,0,0,0,1992,2011,0,0,"江苏省,溧水县,江阴县,南京市,连云港市"
周铁根,0,1989,1995,2000,2002,2013,0,0,"江苏省,徐州市,如东县,无锡市,如皋市,南通市,任县"
王宁,0,0,0,0,0,0,2015,0,"福建省,福州市"
李明伟,0,0,0,0,0,2015,0,0,"白城市,吉林省"
史立军,0,0,0,0,1995,2016,0,0,"无锡市,泰州市"
李建成,1993,1994,0,0,0,2006,0,0,"天津市,龙岩市,河东区,宝坻区,福建省,武清区"
韩立明,1992,0,1994,0,2005,2016,2019,0,"江苏省,泰州市,钟楼区,常州市,南通市,南京市,溧阳市"
王昌荣,0,0,0,0,0,2016,2017,0,"台州市,丽水市,云和县,温州市,浙江省,和县"
惠进才,1984,1991,0,1995,2009,2016,0,0,"闽侯县,吉林省,任县,福建省"
牛俊雁,0,1992,1997,2003,2008,2015,0,0,"巴彦淖尔市,内蒙古自治区,鄂尔多斯市,包头市,白云矿区,矿区,青山区"
雷应敏,0,1992,0,1999,2008,2016,0,0,
杨兴平,0,0,0,0,0,0,2016,0,
周敏浩,0,0,2016,0,0,0,0,0,普陀区
黄宗华,0,0,0,1999,2001,2003,0,0,静安区
卢红,0,1989,0,1999,0,2014,0,0,任县
彭琳,0,0,1992,2001,0,2002,0,0,代县
刘惠,0,1991,1996,0,0,2010,2016,0,"城区,澧县,新城区,乌海市,呼和浩特市,安徽省,内蒙古自治区"
秦恩亭,1984,1993,1995,0,2005,2016,0,0,"庆安县,黑河市,哈尔滨市"
刘国中,0,0,1996,1998,0,2004,2007,2016,"黑龙江省,鹤岗市,吉林省"
宋宏伟,0,1996,1997,0,0,2016,0,0,"大庆市,双鸭山市,黑龙江省"
曲敏,0,0,1994,1998,2003,2005,0,0,"黑龙江省,哈尔滨市,绥化市"
曲敏,0,0,1994,1998,2003,2005,0,0,"黑龙江省,哈尔滨市,绥化市"
刘有明,0,0,0,1987,2006,2016,0,0,代县
于绍良,0,0,0,0,0,0,2016,0,"上海市,湖北省"
邹铭,1990,1993,1994,1997,2010,0,2016,0,"河北省,廊坊市"
邹自景,1993,1998,2002,2004,2012,2016,0,0,"石家庄市,河北省"
李雷,0,1992,1993,0,0,0,2016,0,黑龙江省
郑艺,0,0,0,0,0,2016,0,0,
杜紫平,0,1985,1995,2002,2006,2016,0,0,
郭亨孝,0,0,1998,0,2014,2014,0,0,任县
常斌,0,0,2007,0,0,0,0,0,
杨健,0,0,0,0,0,2016,0,0,
罗虎在,0,1990,1995,2000,2006,0,0,0,"锡林郭勒盟,化德县,商都县,集宁区,卓资县,内蒙古自治区"
谭庆,1991,0,2001,2003,0,0,0,2006,
张恩惠,0,0,0,2002,2010,0,0,0,"赤峰市,兴安盟,托克托县,内蒙古自治区"
孙轶男,0,0,0,0,0,0,1984,0,"代县,铁岭市,葫芦岛市,辽宁省,丹东市,建平县,朝阳市"
巴川江,0,0,0,2000,0,2003,0,2013,
李成群,0,0,1990,2016,0,0,0,0,代县
纳云德,0,0,0,0,2015,2016,0,0,
王志杰,0,0,0,0,2011,2016,0,0,蠡县
李江河,1987,1995,0,0,2011,2016,0,0,"萍乡市,宜春市,江西省"
胡海峰,0,0,0,0,2013,2016,0,0,"嘉兴市,丽水市"
孟宪东,0,1996,1998,2002,2008,2016,0,0,"内蒙古自治区,通辽市,敖汉旗,锡林郭勒盟,赤峰市,二连浩特市"
郭元强,0,0,0,0,2008,2011,2018,0,江苏省
林铎,0,0,0,1991,0,2000,2010,2016,"黑龙江省,西城区,辽宁省,北京市,哈尔滨市,城区"
张敬华,1987,1993,1994,1996,0,2009,2016,0,"江苏省,徐州市,河北省,滦县,南京市,镇江市"
赵飞,0,0,1992,1999,0,2011,0,2014,"荆门市,天津市,黄石市,武汉市,湖北省"
刘莉,0,1979,0,0,2002,2006,2016,0,"安庆市,安徽省"
刘江,1992,1994,1999,0,2009,2012,0,0,
"卢雍政同志,男,汉族,1967年9月出生,湖南益阳人,1989年7月参加工作,1986年1月加入中国共产党,在职研究生学历,法学博士。",0,0,0,0,0,0,2016,0,
陈小山,0,1984,1991,1998,2003,2016,0,0,
曹炯芳,0,1992,1996,2001,2004,2016,0,0,"湖南省,澧县,湘潭市"
奇巴图,0,1999,0,0,2013,0,0,0,"兴安盟,乌审旗,土默特左旗,鄂尔多斯市,准格尔旗,呼和浩特市,内蒙古自治区"
赵长富,0,0,0,0,0,2015,0,0,"辽宁省,丹东市,凤城市,营口市"
夏新,0,0,0,1983,0,2015,0,0,"天津市,宁河县,东丽区"
顾琨,0,0,0,0,0,2016,0,0,
刘可为,0,0,0,0,0,0,0,1982,"湖南省,河北省,长沙市,衡水市"
焦兰生,0,1988,0,2008,2011,2016,0,0,
刘事青,1988,1991,0,0,1993,1996,0,0,"代县,蓝山县,娄底市,双峰县,双牌县,湖南省,永州市,邵阳市"
阳卫国,1993,1995,1998,2002,2006,2016,0,0,"陵县,桃江县,茶陵县,湖北省,株洲市"
杨军,0,1995,0,0,2007,2012,0,0,
杜延安,0,0,1997,2000,2009,2011,0,0,"黄山市,砀山"
王奋彦,0,0,1996,2001,0,2002,0,0,"代县,城区"
陈清,0,0,0,0,0,0,2014,0,"北京市,门头沟区,房山区"
付兆庚,0,0,2016,0,0,0,0,0,"山西省,通州区,北京市,怀柔区,门头沟区"
陈冰冰,0,0,0,0,2012,2016,0,0,"明光市,滁州市,安庆市,池州市"
刘惠,1990,0,0,0,0,2006,0,0,"天津市,河西区,津南区"
朱伟,0,0,0,0,0,2011,0,0,
谈文胜,0,1999,2006,0,2007,2016,0,0,"宁乡县,长沙市,湘潭市,芙蓉区"
唐一军,0,0,1992,1993,1999,2005,2016,2017,"舟山市,辽宁省,浙江省,青田县,宁波市"
王业天,1993,0,0,2002,0,0,0,0,
王胜,1993,1995,1997,2007,2012,2016,0,0,"代县,南县"
华源,0,0,1996,0,0,0,0,0,"上海市,杨浦区,青浦区,奉贤区"
许传智,0,0,0,1988,1998,2006,0,0,"新泰市,山东省"
李明生,1984,1991,1995,1999,2009,2016,0,0,
李小三,0,1988,0,1997,2000,2003,2016,0,"抚州市,江西省"
李邑飞,0,0,1996,2001,2003,2009,2016,0,
何平,0,0,0,1982,2005,2016,0,0,郊区
陈振亮,0,0,0,0,2004,2016,0,0,"朔州市,山西省,晋城市,陵川县,运城市,寿阳县"
刘予强,0,0,0,2001,2013,2016,0,0,"山西省,高平市,晋城市,临汾市,忻州市,泽州县,城区"
史万钧,1983,0,0,2001,2010,2016,0,0,"丰台区,巴林左旗,喀喇沁旗,上海市,北京市,乌海市,赤峰市,呼伦贝尔市,内蒙古自治区"
杨逢春,0,0,0,0,2003,2010,2016,0,江西省
马秋林,0,0,0,0,0,0,2016,0,江苏省
胡五岳,0,1993,1996,2001,0,2016,0,0,"河南省,封丘县,许昌市"
张建慧,1991,1995,0,2001,2009,2016,0,0,"河南省,郑州市,商丘市,洛阳市,嵩县,洛龙区"
农生文,1991,1993,1994,1996,2005,2016,0,0,
朱鹤新,0,1993,0,2000,0,0,2016,0,"江苏省,北京市,南通市"
吴信宝,0,0,0,0,0,2016,0,0,"上海市,萧县,浦东新区,虹口区"
霍好胜,0,0,0,1988,0,1997,0,0,"河南省,驿城区,西平县,泌阳县,遂平县,驻马店市,滑县,南阳市,城区"
王登喜,1984,1993,2002,0,2006,2016,0,0,"河南省,许昌市,安阳市,安阳县,新乡市,汤阴县"
杨树海,0,1994,1998,1999,0,0,0,0,
祁美文,0,0,2012,2016,0,0,0,0,
石强,0,0,2003,2016,0,0,0,0,
刘中伯,0,0,1995,2002,0,2016,0,0,
王常松同志简历,1987,1988,1990,1993,0,2010,2016,0,"黑龙江省,河南省,江苏省,吉林省,松原市"
李希信,1985,1991,0,1997,2007,2016,0,0,"陵县,临邑县,山东省,泰安市,聊城市,平原县,德州市"
程志毅,0,0,0,0,0,2016,0,0,
蒲彬彬,0,1993,0,0,0,2007,0,0,
徐万忠,1997,0,0,0,0,2003,0,0,
敖刘全,0,0,0,0,2016,2018,0,0,
罗清泉,1991,1995,1998,2001,2003,2016,0,0,
殷昭举,0,2001,0,0,2006,2008,0,0,砀山
张兴益,0,0,1998,2003,2011,2016,0,0,
刘小强,0,2001,0,0,0,2007,0,0,
种及灵,0,0,1998,1999,0,2009,0,0,
钟畅姿,1997,2000,0,0,2009,2020,0,0,
马波,0,1990,0,1995,2001,2005,0,0,
王俊,1994,0,1998,1998,0,2006,0,0,
李猛,0,1995,0,0,2006,2016,0,0,"凤台县,淮南市,德州市,丰县,铜陵市,芜湖市,安徽省"
方利旭,1992,1996,1996,1997,0,2005,0,0,
余红胜,0,0,0,0,2011,2016,0,0,"厦门市,福建省,三明市"
王成,0,1994,1998,2000,2011,2016,2019,0,"榆社县,山西省,忻州市,晋中市,太原市"
陈旭东,1991,1995,1997,2002,0,2016,0,0,
刘桂平,0,0,0,1989,0,0,2016,0,"上海市,福建省"
尤猛军,0,1988,1997,2001,2009,2016,0,0,"晋江市,代县,平潭县,泉州市,惠安县,安溪县,福建省,福州市"
于立新,0,1994,1994,0,0,2013,0,0,"呼伦贝尔市,呼和浩特市,内蒙古自治区"
王立彤,1995,0,2003,2006,2012,2017,0,0,"唐山市,代县,城区,洞头县,邯郸市,永嘉县,温州市,河北省,浙江省,巢湖市,瑞安市,鹿城区,安徽省"
陈平,0,1992,1998,2003,2009,2016,0,0,"代县,沧州市,无极县,邯郸市,廊坊市,河北省"
赵卫星,0,0,2016,0,0,0,0,0,"上海市,浦东新区,长宁区,金山区"
李云峰,0,1996,0,0,2008,2020,0,0,"山西省,阳泉市,平定县,临汾市,盂县,矿区"
张德华,1994,1996,2000,2005,0,2016,0,0,
刘志宏,0,0,1994,1998,2005,2016,0,0,"榆次区,代县,朔州市,山西省,运城市,晋中市,湖南省,昔阳县"
梅亦,0,0,1993,0,2003,2016,0,0,"江西省,景德镇市,横峰县"
危伟汉,0,0,0,0,1987,2018,0,0,
李建勤,0,0,1989,1993,1996,2002,0,0,北京市
田树槐,0,1991,1997,2006,2015,2016,0,0,"建昌县,葫芦岛市,本溪市,辽宁省,绥中县"
李建辉,0,1996,0,1998,2006,2015,0,0,"晋江市,鲤城区,莆田市,泉州市,安溪县,城区,福建省"
许维泽,0,1982,2000,2001,2010,2016,0,0,"石狮市,龙岩市,丰泽区,泉港区,泉州市,南平市,福建省"
尚朝阳,0,1989,0,1998,2003,2016,0,0,"河南省,信阳市,临颍县,漯河市,洛阳市,舞阳县"
孟海,0,0,1995,1997,2011,2016,0,0,"辽宁省,代县,本溪市"
库尔玛什·斯尔江,1991,1994,1998,0,0,2004,0,0,"北京市,城区,东城区"
木合亚提·加尔木哈买提,0,1996,0,1999,2007,0,0,0,
范少军,0,0,0,0,0,2015,0,0,"天津市,宝山区,上海市,河东区,普陀区"
刘南昌,0,1993,1994,1997,2003,2016,0,0,"河南省,三门峡市"
冯飞,0,0,1995,1997,0,0,2016,0,浙江省
高兴夫,0,0,0,1991,0,0,2016,0,浙江省
郑光照,0,0,0,0,0,2016,0,0,
孙登峰,0,1989,1992,1999,2009,0,0,0,
林应武,0,1989,1995,2000,0,2016,0,0,
梅建华,1990,1993,0,1999,2000,0,0,0,"莱芜市,湖北省,山东省"
黄海昆,0,0,0,0,0,2016,0,0,
凌云,0,0,0,1988,2003,2016,0,0,"合肥市,安徽省"
左俊,1983,1993,0,2000,2015,2016,0,0,"马鞍山市,鞍山市,淮南市,芜湖市,安徽省"
何焕秋,0,0,0,1998,2000,2009,0,0,"辽宁省,本溪市,铁岭市,本溪满族自治县"
陈如桂,0,0,0,0,0,2001,2017,0,
许达哲,0,0,0,0,0,1995,2016,2016,"余干县,湖南省,江西省"
刘宛康,0,0,1987,0,0,2016,0,0,"河南省,洛阳市"
卢勇,1998,2000,0,0,0,2007,0,0,
马升昌,0,0,1991,0,0,2012,0,0,
杨建武,0,0,0,0,0,2016,0,0,
汪明浩,0,0,0,0,0,2016,0,0,"北京市,平谷区"
余功斌,0,0,0,0,2005,2016,0,0,"鞍山市,营口市"
张战伟,0,0,1997,1999,0,2015,0,0,"河南省,济源市"
桑维亮,0,1984,1997,2006,2011,2016,0,0,
李延强,1984,1988,0,0,1998,2016,0,0,
戴启远,1986,0,1996,2002,2003,2016,0,0,"淮北市,怀远县,郊区,滁州市,淮南市,泗县,蚌埠市,安徽省,五河县"
宋殿宇,1984,1991,1996,1999,2004,2016,0,0,"濮阳市,河南省,洛阳市"
蒿慧杰,0,0,0,0,2016,2016,0,0,"河南省,漯河市"
张冬云,1991,1996,0,0,2007,2014,0,0,"宿州市,合肥市,安徽省,宣城市"
吴群刚,0,0,0,0,0,2002,0,0,"怀柔区,通州区,北京市"
姜天波,0,0,0,0,0,2016,0,0,
滕宏伟,0,0,1998,2000,0,2016,0,0,
郝春荣,0,0,0,0,1990,1992,2018,0,"辽宁省,盘锦市,辽阳市,太子河区,朝阳市"
王德佳,0,0,0,0,0,2016,0,0,"辽宁省,锦州市"
王力威,0,1989,0,1992,2001,2012,0,0,"葫芦岛市,辽宁省,丹东市,元宝区,东港市,凤城市"
徐建国,0,1992,1994,1999,0,2006,2019,0,"黑龙江省,佳木斯市,七台河市"
戴源,0,0,1989,1992,2001,2016,0,0,"盐城市,镇江市,常州市"
张爱军,1987,0,2000,2001,2006,2016,0,0,"扬州市,通州市,海安县,宿迁市"
刘长龙,0,0,0,0,0,0,0,2016,"吉林省,长春市"
曾文明,1993,1994,0,2002,0,2014,0,0,"西湖区,南昌市,赣州市,新建县,江西省"
薛占海,0,1992,0,1997,2006,2016,0,0,
任建华,0,1990,0,1996,2001,2008,2016,0,"栾川县,河南省,山西省,新乡市,洛阳市"
信长星,0,0,1991,1994,0,0,2016,0,安徽省
张力兵,0,0,0,0,0,2014,0,0,"通州区,北京市,门头沟区,兴县,大兴区,石景山区"
张晓兵,0,1996,0,0,2002,2014,0,0,"锡林郭勒盟,锡林浩特市,巴彦淖尔市,内蒙古自治区"
任正晓,0,1981,1989,0,0,0,2016,0,"湖南省,河南省,衡南县,南县"
苏春雨,1988,1989,1992,1994,2000,2009,0,0,"黑龙江省,邵武市,河北省,兴县,福建省"
王秋实,1990,1993,0,0,2007,2016,0,0,"黑龙江省,七台河市,鹤岗市,双鸭山市,齐齐哈尔市"
乔学智,0,0,0,0,0,2016,0,0,
武宏文,0,1984,0,2001,2006,2016,0,0,"大同市,山西省,晋城市,运城市,万荣县,泽州县,永济市"
迪力夏提·柯德尔汗,0,0,1995,0,0,2001,0,0,"天津市,丰县,北辰区"
郭建英,0,1992,1994,1998,2000,2016,0,0,"石家庄市,沧州市,邯郸市,黄骅市,保定市,井陉县,盐山县"
费东斌,0,0,0,0,2005,2007,0,0,"呼和浩特市,内蒙古自治区"
武卫东,0,0,1993,2001,2007,2016,0,0,"石家庄市,邯郸市,张家口市,裕华区"
李干杰,0,1993,1994,1996,0,2001,2016,2020,"湖南省,河北省,平江县,山东省"
范继英,0,0,0,1988,0,2001,2016,0,"沈阳市,辽宁省"
王少峰,0,1989,0,1994,0,0,2016,0,"湖南省,代县,包头市,内蒙古自治区"
蔡奇,0,0,1983,1987,1993,1997,2007,2016,"台州市,北京市,杭州市,浙江省,三明市,福建省,衢州市"
陈辐宽,0,0,0,1997,0,0,2016,0,"上海市,山东省"
许尔锋,0,1986,1995,1998,2008,2008,0,0,
吴胜华,0,0,1997,0,2003,2016,0,0,武汉市
刘学新,0,0,0,0,2001,2004,2016,0,"上海市,福建省"
刘化文,0,1996,2000,0,0,2005,0,0,"四平市,江源县,吉林省,通化市,白山市,白城市,双辽市"
王志厚,0,1981,0,2001,2001,2016,0,0,"吉县,永吉县,吉林省,吉林市,通化市,白山市,磐石市,蛟河市"
沙尔合提·阿汗,0,0,0,1994,2012,0,0,0,代县
阿更登,0,0,1996,2002,2006,2016,0,0,代县
廉毅敏,0,0,0,0,0,2011,2016,0,"太原市,山西省"
朱涛,0,1986,0,1993,2005,2016,0,0,
李正印,0,0,0,0,1997,2012,0,0,"朔州市,山西省,吕梁市"
陈舜,0,0,0,0,1998,0,2016,0,
赵力平,0,0,0,0,0,0,2016,0,"江西省,上饶市"
梁君彦议员,0,0,0,0,0,0,0,0,
苏嘎尔布,0,0,0,0,2011,2016,0,0,
沈左权,0,0,0,0,0,2016,0,0,
姚斌,0,0,1995,0,0,2008,0,0,双桥区
高志立,1989,1992,1997,1998,0,0,2016,0,"河北省,沙河市"
王正升,0,0,0,2001,2003,2007,2016,0,
韩福春,0,0,0,0,0,2016,2020,0,"四平市,吉林省"
王乃学,0,0,1992,1999,2001,2016,0,0,
童道驰,0,0,0,0,2000,0,2016,0,湖北省
孙志浩,0,0,1980,1990,2009,2009,0,0,"建昌县,代县,辽宁省,丹东市,朝阳县,连山区,兴城市"
韩库,0,1988,0,1991,2002,2016,0,0,"七台河市,汤原县,伊春市,佳木斯市,桦川县,同江市,双鸭山市"
李宁平,0,0,0,0,0,2016,0,0,
邓修明,0,0,0,0,0,2002,2016,0,天津市
王赋,0,0,1988,1995,2001,0,2016,0,"山西省,运城市"
普尔巴·图格杰加甫,0,0,0,0,0,2016,0,0,
虢正贵,0,1991,1994,2000,2008,2016,0,0,"代县,宁乡县,张家界市,湖南省,长沙市"
王诚,0,1986,0,1997,2003,2016,0,0,"淮南市,杭州市,田家庵区,蚌埠市,城区,上城区"
王远鹤,1990,0,0,2006,2006,2016,0,0,"湖北省,咸宁市,红安县,黄冈市"
孙正东,0,1992,0,1995,2003,2009,0,0,"宁国市,阜阳市,埇桥区,灵璧县,宿州市,砀山,安徽省,宣城市"
高岩,0,0,1995,0,0,2012,0,0,"黑龙江省,牡丹江市"
杨军,0,1995,1997,0,2007,2016,0,0,"淮北市,宿州市"
袁毅,0,0,0,0,0,2016,0,0,"南平市,福建省"
陈训华,1987,1991,1993,1999,0,2010,0,0,
姚来英,0,0,0,1989,0,0,2018,0,"湖南省,天津市,南开区"
于立军,0,0,0,0,0,2016,2019,0,"蓟县,天津市"
曲孝丽,0,1996,0,0,0,2001,2018,0,"山西省,天津市,河西区,红桥区"
李清,0,0,2016,0,0,0,0,0,"天津市,西青区"
关志鸥,1995,0,1997,2000,0,2013,2016,0,"代县,山东省,沈阳市,辽宁省,法库县"
孔德昌,0,0,0,0,0,2016,0,0,"天津市,东丽区"
肖友才,1986,0,0,1993,2005,2016,0,0,代县
龙晓华,0,1992,1994,0,0,2016,0,0,"湖南省,吉首市,花垣县"
谢建辉,0,0,1991,1994,2000,2010,2016,0,"岳麓区,天心区,长沙市,望城县"
刘志仁,0,0,0,0,0,2016,0,0,"湖南省,郴州市"
张值恒,0,0,0,1997,2002,2009,0,0,"娄底市,新化县,湖南省,益阳市,长沙市"
邓沛然,0,0,1988,0,2008,2016,0,0,"石家庄市,唐山市,沧州市,献县,河北省"
屈谦,0,0,1993,0,1998,0,2016,0,
高世宏,1997,1999,0,0,2016,2016,0,0,"额济纳旗,鄂尔多斯市,阿拉善盟,乌海市,阿拉善左旗,呼和浩特市,内蒙古自治区"
李学义,0,0,0,0,0,2016,0,0,"天津市,河西区,郊区,南郊区,津南区"
张子林,1989,1991,1996,2001,2009,2016,0,0,"黑龙江省,齐齐哈尔市,尚志市,绥化市"
田锦尘,0,1989,1994,1998,0,0,2017,0,"延边朝鲜族自治州,吉林省"
郝茂荣,1992,0,1996,0,0,0,2001,0,"包头市,通辽市,内蒙古自治区"
陈雍,0,0,0,1998,2001,2008,2016,0,"辽宁省,沈阳市,北京市,抚顺市,大连市"
张叶飞,0,1998,0,2001,2008,2017,0,0,"江苏省,南长区,无锡市,崇安区,锡山区,镇江市"
林兴禄,0,0,0,0,0,2016,0,0,"龙岩市,福建省,三明市"
冯卫华,1991,1994,1997,2001,2011,2016,0,0,"天津市,北辰区,南开区"
杭迎伟,0,0,2017,0,0,2017,0,0,"上海市,浦东新区"
刘远,1988,1992,0,1997,1998,2016,0,0,"漳平市,漳州市,三明市,长汀县,福建省"
郭锡文,0,0,0,0,0,2016,0,0,"宁德市,福建省"
李斌,0,0,0,0,0,0,2017,0,"黑龙江省,哈尔滨市"
成岳冲,0,0,0,0,0,0,2017,0,"宁波市,浙江省,海曙区"
李宽端,0,1990,0,1998,2002,2011,0,0,"潍坊市,山东省,东营市,即墨市,济南市,青岛市,崂山区,城阳区"
李刚,0,1999,2002,2004,0,2017,0,0,
张之政,0,0,0,0,0,2017,0,0,"连江县,福州市"
彭措,0,0,0,0,0,0,0,0,
丁福浩,0,0,0,0,0,2017,0,0,"河南省,周口市,邙山区,郑州市,焦作市,洛阳市"
谢宝禄,0,0,0,0,0,0,1989,0,"黑龙江省,黑河市,哈尔滨市,鹤岗市"
林冠,1997,0,2002,0,2007,2016,0,0,
方红卫,0,1990,1996,0,2015,2017,0,0,
陈新武,1990,0,0,2002,2009,2015,0,0,"黄梅县,十堰市,孝感市,杭州市,湖北省,浙江省,黄冈市"
周斌,0,0,1984,1994,1995,2017,0,0,"河南省,邙山区,平顶山市,郑州市"
李刚,0,0,0,0,0,0,0,0,
丁纯,0,0,0,0,2003,2017,0,0,"扬州市,江苏省,铜陵市,常州市"
黄伟京,0,1981,0,0,0,2001,0,0,
王炜,0,0,0,0,2016,0,0,0,"武汉市,湖北省,江岸区"
孔昌生,0,0,0,0,0,0,2017,0,"河南省,山西省,天镇县"
王景武,0,0,0,0,0,2015,0,0,"河北省,张家口市,衡水市"
卢蜀江,0,1993,0,1997,2013,2017,0,0,
王大伟,0,1992,1994,1997,0,2001,0,2013,"黑龙江省,辽宁省,哈尔滨市"
赵冲久,0,1990,1994,1997,0,0,0,0,
张春林,0,1993,1994,0,2006,0,0,0,
石谋军,0,1997,2000,2004,2008,0,0,0,"湖南省,常德市"
莫高义,1993,1996,0,2001,2008,2017,0,0,新县
杨亚林,0,0,0,0,0,2017,0,0,
李乐成,0,1984,0,0,2002,2008,2017,0,"荆门市,湖北省,宜昌市"
朱洪武,0,0,0,0,2009,2015,0,0,"湖南省,永州市"
陈坚,0,0,1989,0,0,2017,0,0,
吴晓军,0,1992,1996,0,2006,0,2017,0,"鹰潭市,江西省,南昌市"
唐小平,0,0,2002,0,0,2017,0,0,
张玉卓,0,0,0,0,0,0,2017,0,天津市
刘焕鑫,0,0,0,0,2010,0,2017,0,"开原市,辽宁省,营口市"
莫恭明,0,0,0,0,0,2017,2018,0,
蔡丽新,0,0,0,0,0,2017,0,0,"南京市,淮安市"
贺荣,0,0,0,0,2001,0,2011,0,"朝阳区,北京市"
阴和俊,0,0,0,0,0,0,2017,0,"天津市,北京市"
徐建培,0,0,1988,0,0,0,2017,0,"江苏省,河北省,铜山县,丰县"
陶治国,0,0,0,1996,2002,0,2015,0,"吉林省,托克托县,山东省"
王立山,0,0,0,0,0,0,2017,0,"湖北省,河北省,沧州市,保定市"
许昆林,0,0,1986,1996,0,0,2017,0,"上海市,永春县,泉州市,福建省"
巴德玛拉,1988,0,0,0,1994,2015,0,0,辽宁省
李亚平,0,0,0,1985,2002,2006,0,0,"江苏省,句容县,句容市,苏州市,镇江市"
刘家义,0,0,0,0,1984,0,0,2017,山东省
张文胜,0,1991,0,2005,2008,2017,0,0,
赵文泉,0,1992,0,2004,2015,2017,0,0,
黄建发,0,1992,1994,1996,0,2010,2017,0,"河北省,沧州市,浙江省,福建省"
王洪祥,0,0,0,0,0,0,2017,0,福建省
王晓萍,0,0,1996,1998,0,0,2017,0,吉林省
毕宝文,1989,0,1993,0,0,2004,2017,0,"黑龙江省,山东省,滨州市"
卢彦,0,0,0,0,0,0,2017,0,"北京市,城区,东城区"
许志晖,0,1995,2003,2007,2013,2017,0,0,城区
苏君,0,0,0,0,1997,2017,0,0,
曾菁华,0,1994,0,2000,0,2017,0,0,
戴征社,0,0,0,1995,0,2001,0,0,
谭成旭,0,0,0,0,0,0,2018,0,"辽宁省,本溪市,大连市"
王革冰,0,0,0,1998,2006,2017,0,0,代县
陈军,1997,1998,0,0,2014,2017,0,0,吉县
杜飞进,0,0,0,0,0,0,2017,0,北京市
廉桂峰,1996,2001,2017,0,0,0,0,0,"宁河县,天津市"
毛劲松,0,0,0,0,0,2014,0,0,"天津市,宝坻区,津南区"
张韵声,0,1990,1996,1999,2011,2012,2017,0,黑龙江省
李中武,0,1998,0,0,0,2007,0,0,
陈春江,0,0,0,2000,0,0,0,0,"科尔沁左翼中旗,天津市,和平区"
刘宁,0,0,1983,1996,1998,0,2017,2018,
滕佳材,0,0,0,0,0,2003,0,2010,"吉林省,长春市"
丁巨胜,0,1992,1999,2002,2007,2017,0,0,
施克辉,0,1995,2001,2006,2009,2014,2017,0,"浙江省,泰顺县,金华市"
孙剑楠,0,1996,2001,2003,0,2016,0,0,"天津市,南开区,津市市,武清区"
罗东川,0,0,0,0,0,0,0,0,北京市
于海田,0,0,1996,0,2015,2017,0,0,淄博市
张家胜,1994,0,2000,2003,2010,2017,0,0,"黄石市,宜昌市,荆州市,沙市区,湖北省"
李新,0,1998,0,0,0,2016,0,0,"天津市,河北区,津南区"
李政,0,0,2017,0,0,0,0,0,"嘉定区,黄浦区,卢湾区"
马正勇,1996,1998,0,2003,0,2006,0,0,
戴东强,0,0,0,0,0,0,0,0,"天津市,郊区,东丽区,山东省,青州市,武清区"
田金萍,0,2001,0,0,0,2006,0,0,"天津市,河北区,河东区,南开区"
叶梅芬,1995,2000,2004,2008,0,2017,0,0,
商奎,0,0,0,0,0,2016,0,0,
吴海涛,0,1994,2003,2006,2012,2017,0,0,"黄梅县,宜昌市,孝感市,蕲春县,鄂州市,黄冈市,红安县"
唐德智,0,1992,1993,1999,0,0,0,0,
刘毅,1990,1992,2001,2002,2011,2014,0,0,
殷焕明,1993,1993,0,2002,2010,2017,0,0,
崔茂虎,0,0,0,0,0,2017,0,0,威县
王军,0,1984,1992,1996,2002,2017,0,0,南县
郭承录,0,0,1992,2000,2002,2008,0,0,
崔永辉,0,0,0,2000,2006,2017,0,0,"十堰市,荆州市,茅箭区,湖北省,黄冈市,丹江口市"
常志刚,0,0,0,0,2003,2017,0,0,"巴彦淖尔市,呼和浩特市,武川县,内蒙古自治区"
李毅,0,0,0,0,0,0,2017,0,天津市
曾志权,1989,1992,1995,2000,0,0,2017,0,
陈吉宁,0,0,0,0,0,0,0,2017,北京市
马吉孝,0,0,0,2005,0,2010,2017,0,
王嘉毅,0,0,1994,1998,0,0,2017,0,
田湘利,0,0,0,0,0,2001,2018,0,福建省
文献,0,0,0,0,0,0,0,0,"朝阳区,北京市,石景山区"
郭文奇,0,0,0,0,0,0,2017,0,"岚县,岢岚县,山西省,江苏省"
阿东,0,1998,0,2000,0,2016,2020,0,"江西省,吉林省,贵溪市"
朱鹏,0,0,0,0,2016,2017,0,0,"湖北省,运城市,山西省,郧西县"
戴超：男,0,0,0,1997,2008,2017,0,0,
廖建宇,0,1985,1994,1998,0,0,2017,0,辽宁省
张孝成,0,0,1992,1995,2006,2017,0,0,"怀远县,代县,淮南市,蚌埠市,宿州市,五河县"
贺懋燮,0,0,0,1990,2009,2017,0,0,"蜀山区,包河区,龙凤区,大庆市,芜湖市,合肥市,安徽省"
龚定荣,0,1991,1998,2004,2017,0,0,0,"荆门市,潜江市,沙洋县"
李维超,1985,0,1994,0,0,2003,0,0,江北区
孙大伟,0,0,0,0,0,0,0,0,
戴柏华,0,1992,1994,1997,0,0,2017,0,"河南省,许昌市"
赵永峰,0,0,2017,0,0,0,0,0,"静安区,叶县,虹口区,黄浦区"
冯志礼,0,0,0,1986,2001,0,2017,0,"洞头县,嘉兴市,温州市,浙江省,瑞安市"
杨晓云,1995,1998,1999,0,0,2006,0,0,
许成仓,0,0,0,0,2002,2017,0,0,
胡文容,0,0,0,1996,0,2011,2017,0,山东省
邢善萍,0,0,0,0,1999,0,2017,0,"和县,山东省,历下区,济南市,福建省"
周立云,0,0,2017,0,0,0,0,0,"北京市,大兴区"
王波,0,0,2001,0,2009,2015,0,0,任县
王祥喜,0,1983,0,0,0,2006,2017,0,"湖北省,随州市,荆州市"
郑建新,1995,1997,1998,2000,0,2017,0,0,"湖南省,长沙市,衡阳市"
慕新海,0,0,0,0,0,2017,0,0,
林郑月娥（CarrieLamChengYuet-ngor）,0,0,0,0,0,0,0,0,
何健,1993,1994,2003,0,0,2017,0,0,
何金平,0,0,1995,0,2002,2007,2017,0,河南省
贺天才,0,0,0,1993,0,0,2017,0,山西省
杨维,0,0,0,0,2013,2017,0,0,"抚顺市,葫芦岛市,新抚区"
石嘉兴,0,0,1990,0,2001,2012,0,0,"道里区,阿城市,哈尔滨市,大庆市,平房区"
倪耀明,0,0,2017,0,0,0,0,0,"嘉定区,上海市,闵行区,奉贤区"
赵江涛,0,1991,1993,1999,2001,2017,0,0,"内蒙古自治区,山东省,乌海市,包头市,青岛市,呼和浩特市,市南区,海南区"
王振昌,0,0,1993,1999,2010,2015,0,0,"代县,和县"
祖木热提·吾布力,0,0,0,2001,0,2016,0,0,沙县
张海波,0,1997,0,0,0,2000,0,0,"济南市,历下区,代县,威海市"
童建明,0,0,1991,0,0,0,2009,0,河北省
崔景瑜,1989,0,1994,2001,2006,2017,0,0,
杨贤金,0,0,0,0,0,2007,2017,0,"上海市,福建省"
王江,0,0,1999,0,0,0,2017,0,"江苏省,山东省,上海市,德州市,湖北省"
黄宁生,0,0,0,1999,0,2009,2017,0,
于秀明,0,1993,0,2000,2002,2017,0,0,"上海市,抚州市,德兴市,鹰潭市,宜春市,江西省,鄱阳县,横峰县,景德镇市,玉山县"
彭沉雷,0,0,0,0,0,0,2017,0,"奉贤区,上海市,北京市,青浦区,崇明县"
陈群,0,0,0,0,0,0,2017,0,上海市
于国安,0,0,0,0,0,0,2017,0,山东省
任爱荣,0,0,0,0,0,0,2017,0,山东省
丁向群,0,0,1993,1999,0,0,2018,0,"宁波市,浙江省,安徽省"
尹学群,0,0,0,0,0,2017,0,0,"台州市,丽水市,三门县,浙江省,临海市,金华市"
霍照良,0,1996,0,2004,2011,0,0,0,"内蒙古自治区,锡林郭勒盟,乌海市,海勃湾区,海南区"
贾君,0,0,0,0,0,2002,0,0,"黑龙江省,佳木斯市,七台河市"
陈宇剑,0,0,2017,0,0,0,0,0,"杨浦区,闵行区,松江区"
王玉君,0,0,1993,0,2001,2017,0,0,"临沂市,山东省,东营市"
李文辉,0,0,0,0,0,2017,0,0,
范中杰,0,0,1994,1998,0,2008,0,0,
郑剑戈,0,1999,0,2001,2008,2017,0,0,
金寿浩,1990,0,1996,2001,0,2003,0,0,"和龙市,吉林省,敦化市"
罗萍,2000,0,0,0,2016,2017,0,0,
曾卿,0,1997,0,0,0,2012,0,0,
何树平,0,0,1996,2004,2009,2017,0,0,
迟中华,0,0,0,0,2017,2017,0,0,
金之镇,1997,1999,2001,0,2016,2018,0,0,
刘革安,0,1989,0,0,2015,2017,0,0,"湖南省,张家界市"
陈少荣,1992,1993,0,0,2006,2017,0,0,
张淑萍,0,0,0,0,1996,0,2018,0,"辽宁省,丹东市,大连市,庄河市,旅顺口区"
戴彬彬,0,0,0,0,0,0,0,0,"海淀区,北京市,怀柔区"
王旺盛,0,2001,0,2006,2019,2020,0,0,"兴安盟,吉林省,阿拉善盟,扎赉特旗,阿尔山市,阿拉善左旗,赤峰市,内蒙古自治区"
卢宇国,0,0,0,0,0,2010,0,0,"怀柔区,北京市"
李永群,0,0,0,0,0,2004,0,0,"北京市,代县,城区,东城区"
铁刚,0,0,0,0,1992,0,0,0,"沈阳市,辽宁省"
尧斯丹,0,0,0,1985,1992,2000,2017,0,
蔡朝林,0,0,0,0,0,2017,0,0,
黄伟,1996,1999,2004,2008,2015,2019,0,0,
刘锋,1992,1995,0,2005,0,2017,0,0,"晋城市,屯留县,山西省,太谷县"
曾任宜昌市伍家岗区副区长,0,0,0,0,2016,0,0,0,"伍家岗区,枝江市,宜昌市"
1984=0,1992,1993,2004,2006,2017,0,0,0,"秭归县,枝江市,上海市,宜昌市,伍家岗区,湖北省,闵行区,猇亭区,西陵区"
张利,0,0,0,2016,2016,2019,0,0,"武汉市,汉阳区"
张庆恩,0,0,0,0,0,2017,0,0,"天津市,大港区"
邱丽新,0,1998,1999,2001,2007,2017,0,0,"江苏省,湖北省,河北省,黄冈市,苏州市"
殷向杰,0,0,0,2001,0,2013,0,0,"天津市,宝坻区"
杨玉经,0,2002,0,0,0,2006,0,0,
班忠柏,1989,1992,1995,1995,2004,2017,0,0,
秦春成,1992,0,1996,1997,0,2005,0,0,南县
袁家健,0,2016,2017,0,0,2019,0,0,"天津市,河南省,河西区,红桥区,安阳市"
赵天杰,0,1992,1994,2002,0,0,0,0,
王有国,0,0,0,0,0,2017,0,0,"北京市,大兴区"
郭永红,1994,1999,0,2001,2011,2017,0,0,"黄石市,湖北省,浠水县,黄石港区,随州市,铁山区"
尼牙孜·阿西木,0,0,2002,2006,2017,0,0,0,
张爱国,0,1988,1988,1994,2006,2017,0,0,"荆门市,湖北省,随州市"
刘启俊,0,1998,2017,0,0,0,0,0,神农架林区
张雷明,1995,1998,0,0,0,2017,0,0,"河南省,鹤壁市,平顶山市,淇县"
邹瑾,1992,1993,0,0,0,1998,0,0,任县
朱是西,0,0,0,2001,2011,2017,0,0,"驻马店市,河南省,二七区,郑州市"
郭浩,0,0,2004,2007,0,2017,0,0,"河南省,北京市,鹤壁市"
潘启胜,0,0,0,0,0,2017,0,0,"湖北省,南漳县,孝感市,黄冈市"
张成中,0,0,0,0,0,2017,0,0,阜新市
李士伟,0,0,0,0,0,2017,0,0,"辽宁省,丹东市,铁岭市"
高伟男,0,0,1998,0,2004,2017,0,0,"朝阳市,铁岭市,辽宁省,沈阳市,盘锦市,兴隆台区,新县"
汪莹纯,0,0,0,0,0,2017,0,0,"代县,宿松县,桐城市,安庆市,蚌埠市,枞阳县,安徽省"
张岳峰,0,0,0,0,0,2017,0,0,"铜陵市,马鞍山市,鞍山市,安徽省"
王忠同志,0,1993,2002,0,0,2017,0,0,
雷绍业,1994,1997,0,0,2008,2017,0,0,"怀化市,娄底市,株洲市,湖南省,常德市"
叶露中,0,0,1999,2001,2004,2017,0,0,"淮北市,代县,六安市,琅琊区,滁州市,全椒县,阜阳市,安徽省"
张伟文,0,0,1996,2001,0,2017,0,0,
刘平治,0,1993,1996,1999,0,2006,2017,0,
罗强,0,0,0,1999,0,2017,0,0,
孙兵,1987,1994,1998,2002,2012,2017,0,0,"荆门市,襄阳县,黄石市,孝感市,婺城区,湖北省,浙江省,下陆区,城区,金华市"
许继伟,1987,1990,0,0,2006,2017,0,0,"滁州市,黄山市,安徽省"
张志川,0,0,0,0,0,2017,0,0,"晋城市,河南省,山西省"
邵国强,0,1995,0,1999,0,2006,0,0,"鸡西市,佳木斯市,密山市,恒山区"
唐登杰,0,0,0,0,0,0,2003,2018,"上海市,福建省"
袁光平,1991,0,0,1999,2007,2017,0,0,新华区
凌希,0,0,0,0,0,0,2017,0,"上海市,福建省"
马涛,0,0,0,0,0,0,2018,0,"湖北省,吉林省"
杨征,0,0,0,0,0,0,2018,0,安徽省
韩晓东,0,0,0,0,0,0,2017,0,河北省
孟中康,0,0,0,0,0,0,2018,0,江苏省
蒲永能,0,0,0,0,0,0,0,0,
陈守民,0,0,0,0,0,0,2018,0,
杨笑祥,0,0,0,0,0,0,2017,0,"浙江省,江西省"
姜英宇,0,0,0,0,0,0,0,0,
张利明,0,0,0,0,0,0,0,0,
赵冀鲁,0,0,0,0,0,0,2018,0,"黄骅市,山东省"
冯毅,0,0,0,0,0,0,2018,0,湖南省
姜永申,0,0,0,0,0,0,0,0,
陈飞,0,1986,0,0,2001,0,2018,0,湖南省
谢来发,0,0,0,0,2013,2018,0,0,"宜春市,江西省,九江市,上饶市"
李忠科男,0,0,0,0,0,2018,0,0,
吴仰东,0,1983,1992,1998,2008,2008,0,0,
许勇,0,0,0,0,0,0,0,0,冠县
高键,0,0,0,2001,2003,2018,0,0,"朔州市,山西省,大同市,辽宁省,抚顺市,临汾市,太原市"
李杰云,0,0,0,0,0,2018,0,0,
雷健坤,0,0,0,0,0,0,2005,0,"临汾市,阳泉市,朔州市,山西省"
杨勤荣,0,1994,0,1998,2007,2018,0,0,"新绛县,大同市,山西省,郊区,晋城市,南郊区,长治市,河津市,绛县,永济市,闻喜县"
姜勇,0,0,0,0,0,0,2018,0,北京市
哈丹·卡宾,0,0,0,0,0,0,0,0,
胡永生,0,0,0,0,0,0,2018,0,河南省
郭延红,0,0,0,0,0,2018,0,0,"北京市,房山区"
石迎军,0,0,0,2007,2012,0,0,0,"河南省,二七区,许昌市,郑州市,济源市,三门峡市"
王冰,0,0,2004,2008,0,2018,0,0,"白山市,吉林省"
曲新勇,0,0,0,2001,0,0,2017,0,
刘尚进,1999,2002,0,2008,2009,2009,0,0,"河南省,漯河市,偃师市,浙江省,新乡市,洛阳市,瑞安市"
潘武俊,0,0,0,0,0,0,0,0,
张安疆,1998,2002,2004,2008,2012,2018,0,0,
陈一清,0,0,0,0,0,2018,0,0,
秦文敏,1988,1995,2000,2004,0,2009,0,0,
刘义全,0,0,0,0,0,2007,0,0,
牙生·司地克,0,1996,0,2002,2016,2018,0,0,
韦韬,0,1999,0,0,2017,2018,0,0,
何友生,0,1989,0,1993,0,2006,0,0,
何良军,1998,0,2001,0,2009,2018,0,0,
陆克华,0,1989,1994,0,0,1996,2018,0,
余建,0,0,2002,2005,2010,0,2018,0,
李元平,0,0,0,0,0,0,2018,0,
康义,0,0,1988,0,0,0,2018,0,"湖北省,天津市,福建省"
张韶春,1983,1989,1993,1995,0,2007,0,0,"湖北省,六安市,安徽省,内蒙古自治区"
费志荣,0,1983,1992,1997,0,0,0,0,
叶贞琴,0,1989,0,1995,1998,0,2018,0,"湖南省,朝阳区,北京市"
彭金辉,0,0,0,0,0,0,2018,0,
刘新云,0,0,1993,1997,0,2005,2018,0,"菏泽市,淄川区,山东省,山西省,淄博市,济南市"
魏国楠,0,0,1999,2000,0,0,2002,0,"北京市,乌海市,包头市,呼伦贝尔市,昌平区,内蒙古自治区"
叶寒冰,0,1992,1997,0,2004,2014,2018,0,"温州市,浙江省,湖州市,杭州市"
于杰,0,0,0,0,0,0,2018,0,山东省
刘金波,0,0,0,0,0,0,2018,0,"天津市,吉林省,宁河县"
王明山,1989,1991,1995,0,2001,0,0,0,
任华,1991,1992,1995,2000,2006,0,0,0,
哈德尔别克·哈木扎,0,1992,0,1995,0,2003,0,0,"北京市,城区,东城区"
崔玉英,0,1987,0,1992,1997,0,0,0,福建省
王红,0,0,0,0,0,0,2018,0,"北京市,石景山区"
董家禄,0,0,0,0,2004,2013,2018,0,天津市
刘凯,0,0,0,2000,0,2005,2018,0,"上海市,青浦区,河北省,浙江省,宁波市"
夏延军,0,1987,1997,2001,0,0,2018,0,"南皮县,河北省,威县"
时清霜,1990,1992,1998,0,0,0,2018,0,"河北省,平泉县"
男,0,0,0,0,0,0,1999,0,"黑龙江省,哈尔滨市"
龚道安,0,0,0,0,0,0,2018,0,"上海市,湖北省,咸宁市,澧县"
王文序,0,0,0,0,0,0,2018,0,"绍兴市,浙江省,湖州市,桐乡市"
王翠凤,0,0,0,0,0,0,2018,0,"马鞍山市,鞍山市,安徽省"
孙菊生,0,0,0,0,0,0,2018,0,江西省
胡强,1989,1990,1994,2000,0,0,2018,0,江西省
杨云彦,0,0,0,1999,0,0,2018,0,"武汉市,湖北省"
王一宏,1984,1989,1994,1997,0,2008,2018,0,
王世杰,0,0,0,0,0,0,2018,0,
吴强,0,0,0,1996,2011,0,2018,0,天津市
罗梅,0,1993,1998,2000,0,0,0,0,
孟晓林,0,0,0,0,0,2012,0,0,
江白,0,0,1993,0,0,1997,0,0,"朝阳区,江苏省,北京市,南京市"
陈国强,1984,0,1994,2000,0,0,2018,0,
胡明朗,0,0,2001,2005,2008,0,2018,0,任县
张世珍,0,0,0,2000,2002,2007,2018,0,
李沛兴,1995,0,0,0,2004,0,2018,0,
何伟,0,1992,0,0,2002,0,2018,0,
欧阳晓晖,0,0,0,0,0,2010,0,0,内蒙古自治区
李秉荣,0,0,1996,0,2007,0,0,0,"九原区,包头市,郊区,内蒙古自治区"
孟庆海,0,0,0,0,0,2013,2018,0,辽宁省
李金科,1995,2000,2001,2003,0,0,2018,0,辽宁省
李悦,0,1992,0,0,0,0,2018,0,"通化市,吉林省"
朱天舒,0,0,1994,1996,0,2003,2018,0,"江苏省,宿迁市,吉林省,吉林市"
安立佳,0,0,0,0,0,0,2018,0,吉林省
刘旸,0,1996,1998,2002,0,2014,2018,0,"江苏省,烟台市,山东省"
陈星莺,0,0,2004,0,0,0,2018,0,"江苏省,南京市"
郑建闽,0,0,0,0,0,2012,2018,0,"福建省,福州市"
关建勋,0,0,0,0,0,2018,0,0,"临猗县,阳泉市,山西省"
孙大军,0,0,0,0,0,0,0,2018,"长治市,山西省"
孙继业,0,0,0,0,0,0,2018,0,"潍坊市,山东省,寿光市"
刘伟,1991,1992,1995,1998,0,2013,2018,0,"河南省,柘城县"
霍金花,0,0,1996,0,1999,0,2018,0,"河南省,焦作市,武陟县"
余艳红,0,0,0,0,0,0,2018,0,
李彬,0,0,1997,2000,2004,0,0,0,
全桂寿,0,1984,0,0,2009,2018,0,0,
苻彩香,1989,1992,0,0,0,0,2018,0,
邓恢林,0,1991,1996,2000,2009,0,2018,0,"湖北省,宜昌市,通山县"
任军号,0,1984,0,1997,0,0,2002,0,长安区
李玛琳,0,0,0,0,0,0,2018,0,
张黎,0,0,0,0,0,0,2018,0,
杨培君,0,0,1997,2004,2008,2015,0,0,
张军,0,0,0,0,0,2018,0,0,
王建太,0,0,0,1994,2003,2018,0,0,
丁晖,0,1997,2000,2000,0,2018,0,0,湖南省
赵建平,0,0,0,1996,2008,2018,0,0,"朔州市,山西省,朔城区,应县,运城市,晋中市,城区"
李爱武,0,0,0,0,2016,2018,0,0,"湖南省,北湖区,郴州市,岳阳市"
陈龙,0,0,0,0,0,2018,0,0,金华市
汤飞帆,0,0,0,0,0,2018,0,0,"义乌市,衢州市"
吴晓东,0,0,0,2006,2012,2018,0,0,"舟山市,丽水市,浙江省,绍兴市,普陀区,定海区"
姚高员,0,0,0,1998,2015,2018,0,0,"代县,平湖市,温州市,嘉兴市,嘉善县"
何中伟,1993,1998,0,2002,2008,2018,0,0,"赵县,浙江省,舟山市,绍兴市"
张承义,0,1993,0,0,1995,0,0,2013,
杨廷双,1994,1996,1998,2000,0,2018,0,0,"黑龙江省,牡丹江市,宾县,七台河市"
王庭凯,0,0,0,0,0,2018,0,0,"二道区,长春市,吉林市,绿园区"
马晓晖,0,0,0,0,0,2018,0,0,"台州市,代县,路桥区,宁海县,杭州市,温州市,湖州市"
邓群策,1988,1991,1993,2000,2013,2018,0,0,"湖南省,祁阳县,衡阳市"
余琨,0,0,1995,1998,0,0,2017,0,
方伟,0,0,0,0,0,2018,0,0,"无锡市,苏州市,连云港市,泰州市"
黄钦,0,0,0,1997,2005,2018,0,0,"张家港市,无锡市,苏州市,昆山市"
王昊,0,0,1994,1998,2002,0,2008,0,"江苏省,徐州市,宿迁市,沛县,邳州市,砀山"
黄玉林,0,1983,0,0,1988,1997,0,0,
何庆,1996,1997,0,0,2007,2012,0,0,
蔡锦军,0,1996,2001,0,2006,2018,0,0,"九江市,江西省,九江县"
郑大光,1991,1993,2000,2004,2016,2018,0,0,"双鸭山市,齐齐哈尔市"
李春临,1997,2000,2003,2007,0,2008,0,0,巴彦县
丁中平,0,0,2018,0,0,0,0,0,
袁勤华,0,0,0,0,0,2018,0,0,
付忠伟,0,0,0,0,0,2018,0,0,"辽宁省,盘锦市"
谭丕创,0,1991,2003,0,2006,2018,0,0,
徐绍川,0,0,1985,1990,1992,1995,1997,0,"河北省,唐山市"
马国强,0,0,1993,1997,0,0,2018,0,"湖北省,武汉市"
王水平,1996,1997,2000,2003,0,2018,0,0,"宜春市,江西省"
傅华,0,0,0,0,0,2007,2018,0,"北京市,城区,西城区"
周旭,0,0,0,1994,0,0,0,2002,
谢一平,0,1985,1992,1995,2005,2018,0,0,"南昌市,星子县,鹰潭市,江西省,九江市"
陈敏,0,1993,1997,1998,0,2008,0,0,城区
张兆民,0,0,0,0,0,1997,0,0,"南平市,平潭县,福建省,龙岩市"
林文耀,0,0,0,0,0,0,0,0,"厦门市,南安市,泉州市,漳州市,福建省"
斯琴毕力格,1988,1990,0,0,2003,2018,0,0,"鄂尔多斯市,锡林浩特市,西乌珠穆沁旗,锡林郭勒盟,正蓝旗,内蒙古自治区"
陈平,0,0,1995,2002,2011,2018,0,0,"菏泽市,潍坊市,山东省,泰安市,聊城市,潍城区,寒亭区,寿光市,城区"
犹王莹（合拼）,0,1999,0,0,2011,2017,0,0,"江西省,新余市"
于长辉,0,0,2018,0,0,0,0,0,"丰台区,黑龙江省,石景山区,北京市,昌平区"
刘建洋,0,0,0,1985,0,2004,0,0,"莆田市,江西省,南昌市"
王力军,0,0,0,0,0,2018,0,0,"丰台区,天津市,西城区,北京市,城区"
孟庆斌,0,0,1993,1997,2011,2018,0,0,"济南市,临沂市,山东省,市中区"
孙军民,1997,1999,2002,2004,0,2011,0,0,"丰台区,北京市,顺义区"
金晖,0,0,0,0,0,0,0,0,"北京市,城区,昌平区,东城区"
赵磊,0,0,0,2005,2009,2018,0,0,"丰台区,通州区,北京市"
王合生,0,0,0,0,0,0,0,0,"北京市,大兴区,昌平区"
石光亮,0,0,1998,0,2017,2018,0,0,"山东省,济宁市"
1984=0,1992,1994,1998,2001,2011,2018,0,0,"江苏省,徐州市,润州区,泰州市,盐城市,镇江市"
孙弘,0,0,0,0,0,2018,0,0,"朝阳区,辽源市,吉林省,长春市"
夏心旻,0,1986,0,1999,0,2016,0,0,"江苏省,淮安市,洪泽县,扬州市,淮阴县"
刘吉男,0,0,0,0,1998,2018,0,0,
郭灵计,0,0,2000,0,0,2016,0,0,"山西省,四平市,隰县,长春市"
周慧琳,0,0,0,0,0,0,2018,0,上海市
买买提明·卡德,0,1995,1997,2001,2017,2018,0,0,
杨兵,0,0,0,2003,0,2017,0,0,"天津市,南开区"
李清,0,0,0,0,0,2018,0,0,"天津市,河西区,红桥区"
贺亦农,0,1995,0,0,0,2010,0,0,"天津市,河西区,静海县,津南区"
张伟,0,1995,0,0,0,2011,0,0,"天津市,津南区"
徐大彤,0,0,0,0,2010,2018,2019,0,"天津市,武清区"
王兴宁,0,0,0,0,0,0,2018,0,
白凤祥,0,0,2007,0,0,2013,0,0,"天津市,西青区,东丽区,塘沽区"
王宝雨,2001,2001,2011,0,0,0,0,0,"天津市,宝坻区,北辰区"
张福海,0,0,0,0,2005,0,2018,0,辽宁省
姜德志,0,0,0,0,2007,2011,0,0,"天津市,河东区,河西区,红桥区"
宇向东,1990,1992,1997,2000,2016,2018,0,0,"济南市,滨州市,山东省,东营市"
刘强,0,1992,1996,1998,0,0,2018,0,江西省
郑钢淼,0,0,0,0,0,0,2018,0,上海市
黄汉标,0,0,0,0,0,2018,0,0,
陈之常,0,0,2019,0,0,2019,0,0,"江苏省,北京市,东城区,淮安市,崇文区,城区,石景山区"
朱桂云,0,0,1997,2002,2012,0,0,0,"宁河县,天津市"
刘勇,0,0,0,0,0,2018,0,0,
邵革军,0,0,0,0,0,1992,0,0,
刘坪,1988,1989,0,0,0,0,0,1996,"代县,宾县"
吴旭,0,0,1996,0,2000,2018,0,0,
李婧,0,0,1989,2003,0,2012,0,0,
马相忠,0,0,0,1993,2004,2018,0,0,
何光中,0,1984,0,1998,2003,2018,0,0,"湖北省,随州市,荆州市"
元方,0,0,2005,2006,2010,2018,0,0,
陶方启,0,0,0,0,0,1982,0,0,"代县,郊区,潜山县,安庆市,望江县,宣城市"
周伟,0,1997,0,2006,2013,2018,0,0,
刘洪建,0,1998,0,2008,0,2018,0,0,"南平市,宁德市,霞浦县,福鼎市,福建省"
梁伟新,0,0,0,0,0,1996,0,0,"武夷山市,邵武市,宁德市,漳州市,南平市,福建省"
王永礼,1994,1995,1999,2001,2018,2018,0,0,"泉州市,福建省"
王磊,1994,2000,2003,2010,2015,0,0,0,"山东省,菏泽市,淄川区,淄博市"
李永红,1995,1998,2005,2009,2014,2018,0,0,山东省
喻红秋,0,0,1987,1996,2010,2011,2012,0,河南省
贾瑞云,0,0,0,2000,2007,2018,0,0,
常正国,1991,1995,1997,2001,2004,2011,2018,0,
沈丹阳,1985,0,0,1992,0,0,2018,0,"江苏省,无锡市,厦门市,福建省"
陈善光,1986,1988,1996,2018,0,0,0,0,"平潭县,连江县,蕉城区,宁德市,城区,福建省"
马里,0,1993,1997,2002,2005,2010,0,0,"黑龙江省,东宁县,绥化市,海林市,黑河市,佳木斯市,牡丹江市"
杨鑫,0,1989,1994,1997,2006,2013,2017,0,
姜小林,0,0,0,0,0,2018,0,0,"辽宁省,本溪市"
巢克俭,0,0,0,0,0,1996,0,0,"上海市,黄浦区"
陆方舟,0,0,0,0,0,2018,0,0,"嘉定区,上海市,浦东新区"
周学文,0,0,0,0,0,0,2018,0,
杲云,0,0,2013,0,0,0,0,0,"徐汇区,黄浦区,嘉定区,长宁区"
章曦,0,0,0,0,0,2014,2020,0,"徐汇区,上海市,嘉定区,安徽省"
来鹤,0,0,0,0,0,2018,0,0,"辽宁省,抚顺市"
张爱军,0,1997,2002,2004,0,2018,0,0,"扶沟县,新安县,河南省,洛阳市"
石玉钢,0,1989,1997,0,0,0,2018,0,吉林省
刘强,0,0,0,0,0,0,2018,0,"上海市,山东省"
靳磊,0,1992,2002,0,2015,2018,0,0,"安阳市,河南省,周口市,郑州市"
李云泽,1997,1999,2000,2001,0,0,2018,0,天津市
张光军,0,0,0,0,0,0,2018,0,
石爱作,1987,1994,0,2006,2007,2018,0,0,"鱼台县,菏泽市,山东省,济宁市,梁山县,枣庄市,邹城市,郓城县,巨野县"
马富国,0,1986,1996,2003,2011,2011,0,0,"河南省,鹤壁市,永城市,民权县,商丘市,梁园区"
陆晓栋,0,0,0,0,0,0,0,0,"静安区,上海市,南市区,黄浦区"
杨青玖,0,1997,0,2009,2016,2018,0,0,"河南省,代县,漯河市,焦作市,舞阳县,濮阳市"
卢柯,0,0,0,0,0,0,2018,0,"辽宁省,沈阳市"
韩玉起,0,0,0,1985,0,2018,0,0,"辽宁省,鞍山市"
牛一兵,0,0,0,0,0,0,2018,0,
李晓波,0,0,0,0,0,2018,0,0,
朱国贤,0,0,0,0,0,0,0,0,浙江省
王文宇,0,0,0,0,0,2018,0,0,代县
赵刚,0,0,0,0,0,0,2018,0,
方光华,0,0,0,0,0,0,2018,0,
于洪涛,0,0,0,1997,0,1998,0,0,"黑龙江省,大同区,萨尔图区,七台河市,鸡西市,大庆市"
巢克俭,0,0,0,0,0,2015,0,0,"静安区,上海市,黄浦区"
赵志远,0,1996,1999,0,2000,0,0,2005,"潍坊市,山东省,东营市,诸城市,高密市,威海市"
穆红玉,0,1986,0,1994,0,2009,2018,0,"天津市,西城区,北京市,塘沽区,城区"
刘爽,0,1996,1999,2002,0,2014,2018,0,河北省
王鲁明,0,0,0,0,2003,2010,0,0,"青岛市,城阳区,威海市"
刘锋,1989,1991,0,2005,2013,2018,0,0,"广丰县,鄱阳县,上饶市,玉山县,江西省,余干县,景德镇市,丰县"
郭宁宁,0,0,0,0,0,0,2018,0,"江苏省,福建省"
刘海军,0,0,2000,0,2009,2018,0,0,"嘉鱼县,十堰市,宜昌市,湖北省,鄂州市,黄冈市,房县,咸宁市,西陵区"
柴伟,0,0,0,0,2004,0,0,0,"四平市,桦甸市,吉林省,公主岭市,吉林市,辽源市,松原市"
杨晋柏,1994,2000,0,2003,0,0,2020,0,北京市
陈瑞峰,0,0,0,0,0,2016,0,0,"湖北省,随州市,武汉市"
何忠华,0,0,0,2001,2003,2018,0,0,"黑龙江省,佳木斯市,同江市,南县,大庆市,饶河县,桦南县"
郑莉,0,1996,0,0,0,2012,0,0,
朱政学,0,0,0,0,0,2018,0,0,"赵县,秦皇岛市,邢台市"
杨志斌,0,0,0,0,0,0,2018,0,
王艳勇,0,1986,0,1997,0,0,2018,0,
李宁,0,0,0,0,0,0,2018,0,河北省
李军,0,0,0,0,0,0,2018,0,天津市
吴亚非,0,0,0,0,0,0,2018,0,江西省
吴晓华,1995,1996,1998,2004,0,2013,0,0,"安徽省,河北省,衡水市"
惠新安,0,0,0,1985,1998,2007,0,0,"市北区,潍坊市,青岛市,山东省"
蓝庆华,0,0,0,0,2000,2018,0,0,
邓正权,1993,1997,2000,2004,2015,2018,0,0,
沈莹,0,0,0,1999,2003,0,2018,0,黑龙江省
赵万山,1987,1988,1996,1999,2004,2014,0,0,"绥化市,黑龙江省,富裕县,伊春市,齐齐哈尔市,泰来县,拜泉县"
李步彬,0,1989,0,2001,0,2014,0,0,城区
冯文平,0,0,0,0,0,0,2019,0,浙江省
毛平,1993,0,0,0,0,2007,0,0,"江北区,北京市,怀柔区"
蒋牧宸,0,2000,2005,2006,0,2011,0,2015,
男,0,0,0,0,0,2016,0,0,"上海市,青浦区,金山区"
于波,0,0,0,0,0,2019,0,0,"房山区,昌平区,北京市,雄县"
刘维,0,0,0,0,0,0,2019,0,吉林省
杨东,0,1988,1996,1998,0,0,0,0,
周成方,0,0,0,0,0,0,0,0,安徽省
李晓波,0,0,1995,1996,0,2019,0,0,"太原市,山西省"
张果,0,0,0,2005,0,2012,0,0,
韩强,0,0,0,0,0,0,2019,0,山西省
郑雁雄,0,0,0,0,2005,2008,2019,0,
佘春明,0,0,0,0,0,2019,0,0,"滨州市,山东省,济宁市"
李石松,0,0,0,0,0,2019,0,0,
吴秀章,0,0,1999,0,0,0,0,0,
宗明,0,0,0,0,0,0,2019,0,"上海市,杨浦区,浦东新区"
张义珍,0,0,0,0,0,0,2019,0,"涿鹿县,唐山市,河北省"
邵玉龙,0,0,0,1998,2009,2019,0,0,"福建省,漳州市"
张迎春,0,0,0,2006,2012,2019,0,0,"长沙县,沙县,宁乡县,雨花区,湘潭市,长沙市,开福区,芙蓉区"
刘炳国,0,1988,0,1997,2001,2017,0,0,"潍坊市,山东省,蓬莱市,莱山区,德州市,烟台市,莱阳市,海阳市,龙口市"
何录春,1996,1999,2002,2006,2013,2014,0,0,"临武县,桂东县,常宁市,衡阳市,湖南省,永州市,郴州市,安仁县,苏仙区"
男,0,0,0,0,0,2019,0,0,"静安区,浦东新区,闵行区"
韩志凯,0,0,0,0,0,0,2018,0,
于天敏,0,0,0,0,0,0,2019,0,辽宁省
李平,0,0,0,0,2016,2019,0,0,"山东省,通化市,枣庄市,吉林省"
金汇江,0,0,0,0,0,0,0,0,"蓟县,天津市"
史根治,1981,1987,1997,1999,2006,2018,0,0,"河南省,周口市,许昌市,南关区,开封市,杞县,兰考县,商丘市,通许县,尉氏县"
郭鹤立,0,0,1992,2002,2005,2019,0,0,
张虎,1991,0,1996,1997,0,2011,2019,0,
覃伟中,0,0,1998,2000,0,0,2019,0,"吉林市,吉林省"
苏保成,0,0,0,0,0,0,0,0,
许桂清,0,0,0,0,0,2019,0,0,"辽宁省,营口市"
王东群,0,0,2005,2007,2016,0,0,0,"唐山市,代县,定州市,路南区,滦县,乐亭县"
张涛,1999,1999,2002,2009,2018,0,0,0,"定州市,涿州市"
王现坤,0,0,1997,2000,2017,0,0,0,"邯山区,河北省,邯郸市,辛集市"
邸义,0,0,0,2009,2016,0,0,0,"辛集市,唐山市,古冶区,河北省"
田军,1996,2001,0,2008,2019,0,0,0,"定州市,辛集市"
魏建锋,0,0,0,1999,2011,2013,0,0,
傅永国,0,0,0,0,0,0,2019,0,"黑龙江省,河北省,山西省"
李雅林,0,0,0,0,2001,2019,0,0,
林涛,1996,2001,2004,2006,0,0,2011,0,"江苏省,无锡市"
谢又生,1996,2000,2002,2005,2018,2019,0,0,泰县
于强,0,1996,1999,2001,2019,2019,0,0,"松原市,吉林省"
袁古洁,0,0,0,0,2011,2019,0,0,"江苏省,盐城市"
刘涛,0,0,1993,1995,0,0,2019,0,
旦巴旺久,0,1999,2002,2006,2019,0,0,0,吉县
郑宏范,0,0,0,0,0,0,0,0,内蒙古自治区
凌文,0,0,0,0,0,0,2019,0,山东省
石岱汉族,0,0,0,0,0,0,0,0,
徐贱云,0,0,0,0,0,0,0,0,"丰台区,北京市"
男,0,0,2020,0,0,0,0,0,"怀柔区,北京市,顺义区"
孙硕,0,0,2019,0,0,0,0,0,"北京市,城区,西城区"
张涛,0,0,0,0,2004,2013,0,0,"泰安市,东平县,山东省"
吕岩松,0,0,0,0,2000,0,2019,0,山西省
曾劲,0,0,0,0,0,2019,0,0,"海淀区,北京市"
王卫东,0,1992,1998,2000,0,0,2018,0,
张维亮,0,0,1994,2000,2013,2016,0,0,"唐山市,邯郸市,滦南县,河北省,张家口市,南县"
冯忠华,1995,1998,0,2006,0,0,2019,0,
高志国,0,0,0,0,0,2019,0,0,"吉林省,通化市"
卢建军,0,0,0,0,0,0,2019,0,
廖仁松,0,1985,0,0,2001,2016,0,0,
张立林,0,0,2000,2001,0,0,2019,0,"辽宁省,上海市,虹口区"
胡广杰,0,0,2019,0,0,0,0,0,"闸北区,黄浦区,虹口区"
郭芳,0,0,0,0,0,0,0,0,"黄浦区,奉贤区,徐汇区,上海市,松江区,普陀区"
张科,1992,1993,1998,0,2012,2019,0,0,
龚宗元,0,0,0,0,0,0,0,0,"海淀区,北京市,大兴区"
江敦涛,0,0,0,0,0,2019,0,0,"崂山区,青岛市,淄博市"
袁方,0,0,0,0,2003,2019,0,0,"马鞍山市,鞍山市,安庆市,淮南市,蒙城县,浙江省,宿州市,萧县,安徽省"
张宏森,0,0,0,1997,2002,0,2019,0,"湖南省,山东省,淄博市"
汤志平,0,0,0,0,0,0,2019,0,"徐汇区,上海市,黄浦区"
许罗德,0,0,1983,1996,1999,0,2019,0,浙江省
李波,0,0,0,0,0,0,2019,0,
王凤朝,0,0,0,1994,2005,0,0,0,
王岚,0,0,2019,0,0,0,0,0,"上海市,长宁区"
谭炯,1990,1993,0,0,0,0,2019,0,武汉市
曾任中国农业银行辽宁省分行国际业务部总经理助理、副总经理、总经理,0,0,0,0,0,0,2019,0,"黑龙江省,辽宁省,辽阳市,河北省,大连市"
吴伟,0,0,1998,0,0,0,2019,0,"辽宁省,武汉市,山西省"
陈小平,0,0,0,0,0,0,0,0,"泰和县,吉安市,抚州市,赣州市,江西省,和县"
蔡东,0,0,2000,2002,0,0,2019,0,"天津市,吉林省"
赵刚,0,1984,0,2001,2006,2015,0,0,
颜伟,0,0,0,0,0,2019,0,0,
宋晓路,0,0,2006,2006,2011,2019,0,0,
连茂君,0,0,0,2007,2008,2016,2019,0,"沈阳市,天津市,辽宁省,于洪区"
操龙灿,0,1991,1997,1999,2009,2019,0,0,"阜阳市,池州市,蚌埠市,安徽省"
艾俊涛,0,1991,1995,2000,0,0,0,0,
姜冬冬,0,0,1996,0,0,0,0,0,"静安区,普陀区"
张忠,0,0,0,0,0,0,2019,0,吉林省
倪耀明,0,0,0,0,0,0,0,0,"嘉定区,上海市,闵行区,奉贤区"
胡卫国,0,0,0,0,0,0,0,0,"闸北区,上海市,松江区,金山区"
王以志,0,0,0,0,0,2019,0,0,
黄志强,0,0,1999,2002,0,0,0,0,"辽宁省,浙江省,内蒙古自治区"
高开贤,0,0,0,0,0,0,0,0,
于会文,1994,1998,2001,2002,2014,2019,0,0,"辽宁省,沈阳市"
1980=0,0,0,1992,1995,2006,2015,0,0,"衡南县,娄底市,衡阳市,南县,湖南省,郴州市,邵阳市,石鼓区"
陈杰,0,0,2020,0,0,0,0,0,"宝山区,上海市,浦东新区"
薛侃,0,0,2020,0,0,0,0,0,"福州市,杨浦区,福建省,鼓楼区"
李谦,0,0,0,0,0,2019,0,0,"上海市,松江区"
张永霞,0,1998,0,2001,0,2003,0,0,"烟台市,山东省,威海市"
李新,0,0,0,0,2019,0,0,0,"天津市,河北区,北京市,石景山区,津南区"
李新,0,0,0,0,2019,0,0,0,"天津市,河北区,北京市,石景山区,津南区"
李新,0,0,0,0,2019,0,0,0,"天津市,河北区,北京市,石景山区,津南区"
许永锞,1991,0,1996,2000,2002,2019,0,0,
熊燕斌,1997,2001,0,2004,2010,2019,0,0,"新县,江西省,朔州市,永新县"
张佰成,0,1998,0,0,0,2003,0,0,"呼和浩特市,内蒙古自治区"
唐毅,0,2001,2006,0,2015,2016,0,0,"乌海市,内蒙古自治区"
王纲,0,0,0,0,0,2019,0,0,"浙江省,湖州市"
何智能,0,0,0,0,2018,2019,0,0,"天津市,和平区,红桥区,张家界市,湖南省"
姜国杰,0,2004,2008,2014,2017,2019,0,0,莘县
王一鸥,0,0,0,1990,0,2019,0,0,"辽宁省,岳阳市,湖南省"
陈金虎,0,1996,0,2000,0,0,2002,0,"江苏省,无锡市,丹阳市,常州市"
王晖,0,1997,2003,0,2009,2019,0,0,南通市
张宝娟,1994,1997,2000,2005,2012,2019,0,0,"扬州市,江苏省,泗阳县"
吴海平,0,1984,0,2005,2012,2019,0,0,"代县,台州市,温岭市,仙居县,浙江省"
马坚,1996,2000,2002,2005,2009,2013,0,0,"白山市,吉林省,山西省"
李长萍,0,1998,2006,2008,2016,2018,0,0,"朝阳区,山东省,海淀区,北京市,聊城市"
邓忠,1994,1996,2001,2003,2012,2019,0,0,
邹广,0,1999,2005,2007,0,0,2008,0,
男,0,0,0,2006,2012,2020,0,0,"湖北省,随州市"
高洪波,0,0,0,1997,0,2006,0,0,江北区
张新,0,0,0,0,0,0,2020,0,"上海市,攸县"
李新,0,0,0,0,0,2019,0,0,"天津市,河北区,北京市,石景山区,津南区"
胡元坤,1991,1996,1999,2001,0,2013,0,0,江苏省
范波,0,0,1991,2003,0,2020,0,0,
虞平,0,1996,2000,2005,2011,2020,0,0,宾县
刘健,0,0,2020,0,0,0,0,0,金山区
缪京,0,0,0,0,2019,2020,0,0,"上海市,青浦区,奉贤区"
孙大海,0,0,0,2000,0,2018,2020,0,"天津市,厦门市,福建省"
2020=0,0,0,0,0,0,0,0,0,辽宁省
邱月潮,0,0,0,0,0,0,2020,0,山东省
王春宁,0,0,0,0,0,0,0,0,北京市
张宝伟,1993,1994,0,2002,2006,0,0,0,"黑龙江省,萨尔图区,鹤岗市,龙凤区,大庆市"
张国智,0,0,0,0,0,2019,0,0,
贾晖,2003,2005,2008,2011,0,0,0,0,
2018=0,0,0,0,0,0,0,0,0,
逯峰,0,2003,2005,2008,0,2020,0,0,
1982=0,0,0,0,0,2001,2020,0,0,"吴江市,江苏省,苏州市,镇江市"
何清凤,0,0,0,0,0,0,2020,0,
刘孝华,0,0,0,0,0,0,2020,0,安徽省
2020=0,0,0,0,0,0,0,0,0,江苏省
朱健,0,2002,0,2009,0,0,2017,0,"江苏省,怀化市,长沙市,衡阳市"
张国旺,0,0,0,2006,2011,2020,0,0,"南平市,延平区,福建省,龙岩市"
马森述,0,0,0,0,0,0,2019,0,江西省
姜四清,1989,1991,2001,2004,2009,0,0,0,"阳泉市,芜湖市,安徽省"
男,0,1991,2000,2004,0,0,2020,0,"黑龙江省,吉林省,邯郸市,河北省,伊通满族自治县"
吴浩,0,0,0,0,0,2016,2020,0,"河南省,江西省"
白松涛,0,0,0,2003,2009,2020,0,0,
储祥好,1996,1999,2001,2005,2011,2020,0,0,"山西省,安徽省,运城市"
罗文,0,0,0,1985,0,0,2020,0,安仁县
衡晓帆,1993,1994,1995,1998,2004,2011,0,0,"丰台区,北京市,内蒙古自治区"
王安德,0,0,1996,0,0,2020,0,0,"惠民县,山东省,临沂市"
任维,0,0,0,0,0,0,0,0,
闫剑波,0,1998,2001,2005,2006,2020,0,0,"禹城市,菏泽市,济宁市,德州市,临沂市,威海市"
杨志文,0,0,0,0,0,0,2020,0,
杨国宗,0,1998,0,0,2007,2016,0,0,上海市
亓延军,0,0,0,0,0,0,0,0,"河南省,北京市,潍坊市,山东省"
卢小亨,1999,2001,2001,2006,2011,2020,0,0,代县
程晓波,1996,1998,0,2003,0,0,2020,0,"黑龙江省,双城市"
朱忠明,0,1998,0,0,2005,0,2020,0,"湖南省,温州市,浙江省"
吴小杰男,0,0,0,0,0,2020,0,0,"北京市,平谷区"
初军威,0,0,0,0,0,2020,0,0,"丰台区,通州区,北京市,顺义区"
包洪文,1997,2000,2004,2007,0,0,0,0,"闽侯县,福建省"
2020=0,0,0,0,0,0,0,0,0,"池州市,安徽省"
2020=0,0,0,0,0,0,0,0,0,北京市
才仁郎公,0,0,1996,2005,0,2020,0,0,
王瑞军,0,0,0,0,0,2020,0,0,
马欣,0,1994,2000,2001,2006,2012,2020,0,"天津市,江苏省"
党晓龙,0,0,0,0,0,2017,0,0,保定市
卢东亮,0,0,0,0,0,0,2020,0,山西省
李仰哲,0,0,0,0,0,0,2020,0,福建省
胡斌,1998,0,2002,2007,0,2020,0,0,四平市
黄祖英,0,0,1994,0,2009,2012,0,0,江北区
王琳,0,0,0,0,0,2019,0,0,
刘玉江,0,0,0,2001,0,0,2020,0,河南省
何仁学,0,0,0,0,0,0,0,0,
陈兆明,0,0,0,0,0,0,2020,0,河南省
王力,0,0,0,0,0,2020,0,0,
汲斌昌,0,0,0,0,2000,2010,2020,0,山东省
