姓名,?职位,性别,年份,民族,籍贯,博士,硕士及以上,党员,中央党校经历,参加工作年份,参加工作时的年龄,县委书记,秘书,县长,企业经历,(副)市长,党委(副)书记,省份数量,地区数量,是否有跨省任职经历,潜力
阿布,西藏自治区昌都市委书记,男,1967,回族,西藏,无,有,有,有,1989,22,无,无,有,无,有,无,1,2,无,无
阿更登,青海省海北藏族自治州州长,男,1967,藏族,青海,无,无,有,无,1990,23,无,有,有,有,无,无,2,1,有,无
安伟,河南省三门峡市市长,男,1966,汉族,河南,有,有,有,无,1991,25,无,有,无,无,有,无,1,5,无,无
巴德玛拉,新疆维吾尔自治区博尔塔拉蒙古自治州州长,男,1961,蒙古族,新疆,无,无,有,有,1984,23,无,无,无,有,有,有,3,2,有,无
白凤祥,天津市西青区区长,男,1972,汉族,天津,无,有,有,无,1995,23,无,无,无,无,无,无,1,6,无,无
白加扎西,青海省果洛藏族自治州州长,男,1964,藏族,青海,无,有,有,无,1981,17,有,有,有,无,无,无,1,1,无,无
白松涛,广西玉林市委副书记、市长,男,1972,满族,辽宁,有,有,有,无,,,有,有,无,有,有,有,3,6,有,有
班忠柏,广西壮族自治区防城港市市长,男,1964,壮族,广西,无,有,有,无,1981,17,有,无,有,无,有,无,1,5,无,无
包洪文,海南省三亚市人民政府代理市长,男,1968,汉族,福建,无,有,有,无,1989,21,无,无,无,有,有,有,2,3,有,有
才让太,青海省玉树藏族自治州州长,男,1969,藏族,青海,无,无,有,无,1987,18,有,有,有,有,无,无,2,2,有,无
才仁郎公,那曲市市长,男,1965,藏族,西藏,无,有,有,有,1983,18,无,无,有,无,有,无,1,1,无,无
蔡锦军,广西壮族自治区北海市市长,男,1968,汉族,江西,无,有,有,无,1986,18,无,有,有,无,有,无,2,4,有,无
操龙灿,安徽省池州市市长,男,1965,汉族,安徽,有,有,有,有,1986,21,无,无,无,有,有,无,1,5,无,无
曹炯芳,湖南省湘潭市委书记,男,1964,汉族,湖南,无,有,有,无,,,无,有,无,无,无,无,1,1,无,无
曹立军,湖南省常德市市长,男,1972,汉族,湖南,无,有,有,无,1994,22,无,有,无,无,有,无,1,6,无,有
曹路宝,江苏省盐城市市长,男,1971,汉族,安徽,有,有,有,无,1993,22,无,无,无,有,有,无,2,6,有,无
曹清尧,重庆市荣昌区委书记,男,1963,汉族,湖南,无,有,有,有,1986,23,无,有,无,无,无,无,3,3,有,有
曾菁华,重庆市潼南区委书记,男,1966,汉族,重庆,无,有,有,有,,,无,有,无,无,无,有,2,4,有,无
曾卿,四川省广安市市长,男,1969,汉族,四川,无,有,有,无,1991,22,无,有,无,有,有,无,1,3,无,有
曾文明,江西省赣州市市长,男,1963,汉族,江苏,无,无,有,有,1984,21,有,无,无,无,有,无,2,5,有,无
曾赞荣,北京市通州区委书记,男,1969,汉族,湖南,无,有,有,无,1992,23,无,无,无,有,无,无,1,4,无,有
常丽虹,河北省承德市市长,女,1962,汉族,河北,无,有,有,有,1984,22,无,无,无,无,有,无,1,6,无,无
陈冰冰,安徽省安庆市市长,女,1962,汉族,安徽,无,有,有,有,1982,20,无,有,无,无,有,无,1,1,无,无
陈昌旭,贵州省铜仁市委书记,男,1970,汉族,贵州,无,有,有,有,1988,18,有,有,有,无,有,有,1,5,无,有
陈飞,湖南省副省长,男,1963,汉族,江苏,无,有,有,有,1986,23,无,有,无,有,有,无,1,4,无,无
陈飞,山东省烟台市市长,男,1975,汉族,山东,有,有,有,无,1997,22,无,无,无,有,有,无,1,4,无,有
陈金虎,江苏省常州市市长,男,1967,汉族,江苏,无,有,有,无,1992,25,无,有,无,无,有,无,1,5,无,无
陈敏,广东省梅州市委书记,男,1965,汉族,江苏,有,有,有,无,1991,26,有,有,无,有,有,有,2,8,有,有
陈少荣,贵州省铜仁市市长,男,1966,汉族,贵州,无,无,有,无,1987,21,有,无,无,有,有,无,2,4,有,无
陈新武,湖北省十堰市市长,男,1968,汉族,湖北,无,有,有,无,1990,22,无,有,有,无,有,无,3,5,有,有
陈星,河南省驻马店市委书记,男,1965,汉族,河南,无,有,有,无,1989,24,有,无,有,有,有,有,1,7,无,无
陈训华,贵州省安顺市委书记,男,1961,汉族,贵州,无,有,有,无,1983,22,无,有,无,无,有,无,2,3,有,无
陈晏,"贵州省贵阳市市长,贵州贵安新区管委会主任",男,1963,汉族,江苏,无,无,有,无,1986,23,无,无,无,有,有,无,1,3,无,无
陈振亮,山西省朔州市委书记・,男,1963,汉族,山西,有,有,有,无,1983,20,无,有,无,无,有,无,1,2,无,无
陈之常,江苏省淮安市市长,男,1974,汉族,四川,无,无,有,无,1996,22,无,无,无,无,有,无,1,2,无,有
迟中华,云南省楚雄彝族自治州州长,男,1967,彝族,,无,有,有,无,1990,23,无,有,无,有,无,有,1,1,无,无
储祥好,山西省运城市委副书记、市长,男,1968,汉族,安徽,有,有,有,有,1986,18,无,有,无,有,有,无,3,2,有,无
崔洪刚,山东省泰安市委书记,男,1961,汉族,山东,无,有,有,无,1978,17,无,有,无,有,有,有,1,9,无,无
崔景瑜,甘肃省陇南市市长,男,1963,汉族,辽宁,无,有,有,无,,,无,无,无,有,有,无,1,2,无,无
崔永辉,湖北省荆州市市长,男,1970,汉族,湖北,无,无,有,无,1991,21,无,无,无,无,有,无,1,6,无,有
代小红,重庆市江北区区长,女,1966,汉族,重庆,无,有,有,有,1990,24,有,无,有,无,无,无,1,5,无,无
戴启远,安徽省淮北市市长,男,1963,汉族,安徽,无,有,有,无,1982,19,无,有,有,无,有,无,1,8,无,无
戴源,江苏省盐城市委书记,男,1962,汉族,安徽,无,无,有,无,1982,20,无,有,无,有,有,无,2,5,有,无
邓沛然,河北省石家庄市市长,男,1963,汉族,河北,有,有,有,无,1980,17,无,无,无,有,有,无,1,4,无,有
邓群策,中共衡阳市委书记、市人大常委会党组书记、市人大常委会主任,男,1964,汉族,湖南,无,有,有,有,1984,20,无,有,无,无,有,无,1,1,无,无
邓正权,四川省遂宁市市长,男,1966,汉族,重庆,无,有,有,无,1989,23,无,无,无,无,有,无,1,3,无,无
邓忠,海南省三沙市代市长,男,1968,汉族,广东,无,有,有,无,1991,23,无,有,无,无,有,无,1,2,无,无
迪力夏提・柯德尔汗,新疆维吾尔自治区克孜勒苏柯尔克孜自治州州长,男,1966,柯尔克孜族,新疆,无,有,有,有,1990,24,无,无,无,有,无,有,2,6,有,有
丁纯,安徽省铜陵市委书记,男,1970,汉族,江苏,无,有,有,无,1995,25,无,无,无,有,有,无,2,4,有,无
丁晖,海南省海口市市长,男,1971,汉族,江苏,有,有,有,无,1992,21,无,无,无,有,有,有,3,2,有,有
丁巨胜,甘肃省嘉峪关市市长,男,1967,汉族,甘肃,无,有,有,有,1985,18,无,无,无,无,有,无,1,2,无,无
丁小强,山西省运城市委书记,男,1972,汉族,江苏,有,有,有,有,1995,23,无,无,无,有,有,无,2,5,有,有
丁绣峰,河北省唐山市市长,男,1965,汉族,河北,无,有,有,有,1981,16,无,有,无,无,有,无,1,5,无,无
董卫民,湖北省黄石市委书记,男,1968,汉族,湖北,无,有,有,无,1990,22,无,无,有,无,有,无,2,9,有,有
董晓宇,河北省邢台市市长,男,1969,汉族,河北,无,有,有,无,1987,18,有,有,无,无,有,无,1,7,无,无
董一兵,山西省临汾市委书记,男,1963,汉族,山西,无,有,有,无,1985,22,有,有,有,无,有,无,1,7,无,无
杜小刚,江苏省无锡市市长,男,1976,汉族,江苏,无,有,有,无,1999,23,无,无,无,有,有,无,1,7,无,有
杜延安,安徽省亳州市市长,男,1966,汉族,安徽,无,有,有,无,1988,22,无,有,无,无,有,无,1,2,无,有
杜紫平,四川省宜宾市市长,男,1962,汉族,四川,无,有,有,无,1984,22,有,无,有,无,有,有,1,2,无,无
范波,四川省自贡市委书记,男,1969,汉族,湖北,无,有,有,无,1991,22,无,有,无,无,无,无,2,2,有,无
范中杰,广东省肇庆市委书记,男,1966,汉族,四川,有,有,有,无,,,无,有,无,无,有,有,2,4,有,有
方红卫,陕西省汉中市市长,男,1966,汉族,陕西,有,有,有,无,1989,23,无,无,无,有,有,有,1,3,无,无
费东斌,内蒙古自治区乌兰察布市市长,男,1970,汉族,辽宁,无,有,有,无,1991,21,无,无,无,有,有,有,2,9,有,有
冯韶慧,河北省廊坊市委书记,男,1965,汉族,河北,无,有,有,有,1985,20,无,有,无,有,有,无,1,1,无,有
冯卫华,天津市北辰区委书记,男,1965,汉族,天津,无,无,有,无,1987,22,无,无,无,有,无,无,1,4,无,无
冯玉臻,内蒙古自治区通辽市委书记,男,1963,汉族,内蒙,无,有,有,无,1980,17,无,有,无,有,有,无,2,12,有,无
傅明先,山东省济宁市委书记,男,1964,汉族,山东,无,有,有,无,,,无,无,无,有,有,有,1,6,无,无
高宏志,河北省邯郸市委书记,男,1967,汉族,河北,无,有,有,无,1986,19,无,无,无,无,有,无,2,3,有,有
高洪波,重庆市荣昌区区长,男,1965,汉族,,无,无,有,有,1982,17,无,有,无,有,无,无,2,4,有,无
高键,辽宁省抚顺市市长,男,1969,汉族,山西,无,有,有,无,1992,23,无,有,无,无,有,无,2,5,有,无
龚文密,湖南省邵阳市委书记,男,1961,汉族,湖北,无,有,有,无,1987,26,无,有,无,无,有,无,2,3,有,有
郭安,江西省鹰潭市委书记,男,1962,汉族,江西,无,有,有,有,1981,19,有,无,无,无,有,无,1,7,无,有
郭大进,云南省昭通市市长,男,1974,汉族,安徽,有,有,有,无,1996,22,无,无,无,有,有,有,2,3,有,有
郭锋,广东省清远市委书记,男,1960,汉族,广东,无,有,有,无,1976,16,无,无,无,无,有,无,1,5,无,无
郭浩,河南省鹤壁市市长,男,1974,汉族,江苏,有,有,有,无,1999,25,无,有,无,无,有,无,2,2,有,有
郭亨孝,四川省达州市市长,男,1964,汉族,四川,无,有,有,有,1987,23,无,无,有,无,有,有,1,4,无,有
郭建英,河北省保定市市长,男,1962,汉族,河北,无,有,有,有,1983,21,有,有,有,无,有,无,1,8,无,无
郭灵计,吉林四平市委书记,男,1968,汉族,山西,无,有,有,有,1998,30,无,无,无,有,有,无,3,3,有,无
郭永航,广东省珠海市委书记,男,1965,汉族,山东,有,有,有,无,,,无,有,无,有,无,无,1,3,无,无
郭永红,陕西省商洛市委书记,女,1968,汉族,湖北,无,有,有,无,1990,22,无,无,无,无,有,无,2,7,有,无
虢正贵,湖南省张家界市委书记,男,1964,汉族,湖南,无,有,有,有,1984,20,有,有,有,无,有,无,1,5,无,无
果果,西藏自治区拉萨市市长、城关区委书记,男,1967,藏族,西藏,无,有,有,有,1984,17,无,无,有,无,有,无,1,1,无,无
韩库,黑龙江省伊春市市长,男,1963,汉族,,无,有,有,无,1984,21,有,有,有,有,有,有,1,7,无,无
韩立华,黑龙江省大庆市委书记,男,1963,汉族,黑龙,有,有,有,无,1989,26,无,无,无,无,有,无,1,2,无,无
韩玉起,辽宁省鞍山市委书记,男,1962,汉族,辽宁,无,无,有,无,,,无,有,无,有,无,无,1,1,无,无
杭迎伟,上海市浦东新区区长,男,1969,汉族,江苏,无,无,有,有,1989,20,无,有,无,有,无,有,1,3,无,无
蒿慧杰,河南省漯河市委书记,男,1968,汉族,河南,无,有,有,无,1991,23,无,有,无,无,有,有,1,1,无,有
何光中,湖北省荆州市委书记,男,1962,汉族,湖南,无,有,有,无,1984,22,无,有,无,无,有,有,2,3,有,无
何健,宁夏回族自治区中卫市委书记,男,1965,汉族,江苏,无,有,有,无,1986,21,无,有,无,有,无,无,2,3,有,无
何良军,广西壮族自治区崇左市市长,男,1971,汉族,,无,有,有,无,1994,23,无,无,无,有,有,有,2,5,有,无
何录春,广西壮族自治区贵港市市长,男,1971,汉族,湖南,无,无,有,无,1995,24,有,无,有,无,有,有,2,8,有,有
何平,四川省巴中市市长,男,1964,汉族,四川,无,有,有,有,1986,22,有,无,无,有,有,有,1,3,无,无
何庆,重庆市北碚区区长,男,1968,汉族,四川,无,有,有,无,1989,21,无,无,无,有,无,无,2,2,有,无
何树平,四川省自贡市市长,男,1968,汉族,四川,有,有,有,无,1987,19,有,有,有,无,有,有,2,5,有,无
何辛幸,广西壮族自治区河池市委书记,男,1962,汉族,山东,无,有,有,无,1983,21,无,无,无,有,有,无,2,4,有,无
何友生,重庆市巴南区区长,男,1966,汉族,重庆,无,有,有,无,1988,22,无,有,无,无,无,有,1,3,无,无
何智能,天津市红桥区代理区长,男,1975,汉族,湖南,有,有,有,无,1999,24,无,无,无,无,无,无,2,5,有,有
何中伟,浙江省舟山市市长,男,1970,汉族,河北,有,有,有,无,1993,23,无,有,无,无,有,无,1,3,无,无
何忠华,黑龙江省大庆市市长,男,1963,汉族,黑龙,无,有,有,无,1980,17,无,有,无,无,有,无,1,6,无,无
贺懋燮,安徽省芜湖市市长,男,1963,汉族,安徽,无,有,有,无,1984,21,无,无,无,无,有,无,1,7,无,无
贺亦农,天津市津南区区长,男,1965,汉族,天津,无,有,有,无,1986,21,无,无,无,无,无,有,1,7,无,有
贺志亮,吉林市委副书记、市政府党组书记、市长,男,1970,汉族,内蒙,无,有,有,无,1995,25,有,有,无,有,有,无,2,6,有,无
侯红,河南省开封市委书记,女,1967,汉族,河南,无,有,有,有,,,无,有,无,无,有,无,1,2,无,有
胡斌,四平市代市长,男,1976,汉族,江西,有,有,有,无,1998,22,无,无,无,有,有,有,2,2,有,有
胡海峰,浙江省丽水市委书记,男,1972,汉族,安徽,无,有,有,无,1998,26,无,无,无,无,有,无,1,2,无,有
胡启生,安徽省铜陵市市长,男,1971,汉族,安徽,有,有,有,无,1993,22,无,有,无,无,有,无,2,8,有,有
胡五岳,河南省许昌市委书记,男,1963,汉族,河南,无,无,有,有,,,无,有,无,无,有,无,1,3,无,无
胡元坤,四川省眉山市市长,男,1970,汉族,江苏,有,有,有,无,1991,21,无,有,无,无,有,无,2,4,有,有
黄钦,江苏省无锡市委书记,男,1962,汉族,江苏,无,有,有,有,1985,23,无,有,无,有,有,有,2,5,有,无
黄伟,遵义市市长,男,1972,汉族,贵州,无,有,有,无,,,无,有,无,有,有,无,1,3,无,无
黄喜忠,江西省南昌市市长,男,1969,汉族,广东,有,有,有,无,1993,24,无,无,无,有,有,无,2,4,有,无
黄晓武,安徽省淮北市委书记,男,1965,汉族,安徽,无,有,有,有,1983,18,有,有,有,无,有,无,1,5,无,无
黄玉林,重庆市渝中区委书记,男,1963,汉族,重庆,无,有,有,有,1981,18,有,有,无,无,无,无,2,3,有,有
黄宗华,重庆市武隆区委书记,男,1964,汉族,重庆,有,有,有,有,1984,20,有,无,无,有,无,有,5,6,有,无
惠进才,陕西省宝鸡市市长,男,1962,汉族,陕西,无,有,有,无,1982,20,有,无,有,无,有,有,3,7,有,无
惠新安,山东潍坊市委书记,男,1963,汉族,山东,无,有,有,无,,,无,有,无,有,无,无,1,3,无,有
霍好胜,河南省南阳市市长,男,1963,汉族,河南,无,有,有,无,1982,19,无,无,有,无,有,有,1,7,无,有
贾瑞云,四川省攀枝花市委书记,男,1963,汉族,河南,无,有,有,无,1981,18,有,有,无,有,无,无,2,5,有,无
蹇彪,辽宁省朝阳市委书记,男,1964,满族,辽宁,有,有,有,无,1988,24,无,有,无,有,有,有,1,6,无,无
江涛,重庆市沙坪坝区委书记,男,1962,汉族,重庆,无,无,有,无,1983,21,有,有,有,有,无,无,2,2,有,有
姜德志,天津市河西区区长,男,1964,汉族,天津,有,有,有,无,1986,22,无,无,无,有,无,有,1,7,无,无
姜国杰,重庆市铜梁区区长,男,1976,汉族,山东,有,有,有,无,2003,27,有,无,无,有,有,无,3,3,有,有
姜建军,广东省湛江市市长,男,1964,汉族,河南,无,有,有,无,,,无,无,无,有,有,无,3,7,有,无
姜四清,山西省阳泉市委书记,男,1965,汉族,湖北,有,有,有,无,1986,21,无,无,无,有,有,无,3,3,有,无
蒋斌,江西省新余市委书记,男,1968,汉族,安徽,无,无,有,有,1988,20,无,无,无,无,有,无,1,3,无,有
焦兰生,广东省阳江市市委书记,男,1962,汉族,河南,无,有,有,有,1982,20,无,无,无,有,有,有,1,4,无,无
金寿浩,吉林省延边朝鲜族自治州州长,男,1962,朝鲜族,吉林,无,有,有,有,1979,17,无,无,无,无,无,有,2,7,有,有
金之镇,新疆维吾尔自治区昌吉回族自治州党委副书记、州长,男,1970,回族,江苏,无,有,有,无,1991,21,无,无,无,有,无,有,2,7,有,无
靳磊,四川省德阳市委书记,男,1970,汉族,河南,无,有,有,无,1992,22,无,有,无,有,有,无,2,5,有,无
康涛,福建省泉州市委书记,男,1963,汉族,江苏,无,有,有,无,1984,21,无,无,无,无,有,无,1,4,无,无
孔晓宏,安徽省宣城市市长,男,1966,汉族,安徽,无,有,有,无,1989,23,无,无,有,有,有,无,1,5,无,无
库尔玛什・斯尔江,新疆维吾尔自治区伊犁哈萨克自治州州长,男,1959,哈萨克族,新疆,无,有,有,有,1984,25,无,无,无,无,无,有,2,5,有,有
兰开驰,四川省雅安市委书记,男,1961,汉族,四川,无,有,有,有,1980,19,有,有,有,有,有,有,1,5,无,无
蓝庆华,重庆市璧山区委书记,男,1966,汉族,重庆,有,有,有,无,1994,28,有,无,无,有,无,有,1,1,无,无
雷应敏,广西壮族自治区来宾市市长,男,1964,汉族,广西,无,有,有,无,1986,22,无,有,无,有,有,无,1,6,无,无
李爱武,湖南省岳阳市市长,女,1968,汉族,湖南,无,有,有,无,,,无,无,无,有,有,无,1,1,无,无
李步彬,重庆市大足区区长,男,1963,汉族,重庆,无,无,有,无,1982,19,无,有,有,无,无,有,2,2,有,无
李成辉,新疆维吾尔自治区哈密市委书记,男,1968,汉族,甘肃,无,有,有,无,1988,20,无,无,有,有,有,有,2,4,有,无
李春临,陕西省榆林市市长,男,1968,汉族,黑龙,无,有,有,无,,,无,无,无,有,有,无,1,3,无,有
李大义,黑龙江省大兴安岭地委书记,男,1961,汉族,,无,有,有,无,1982,21,有,有,无,有,有,无,1,6,无,无
李峰,枣庄市委书记,男,1961,汉族,山东,无,有,有,无,1977,16,无,有,有,有,有,无,1,6,无,无
李公乐,河南省安阳市委书记,男,1962,汉族,河南,无,无,有,无,,,有,无,有,无,有,有,1,10,无,无
李红军,广东省茂名市委书记,男,1965,汉族,湖北,有,有,有,有,1987,22,无,有,无,无,有,有,2,3,有,无
李宏庆,广西壮族自治区贺州市委书记,男,1963,汉族,广西,无,有,有,无,1985,22,无,无,无,有,有,无,1,3,无,有
李建成,福建省龙岩市委书记,男,1967,汉族,天津,无,有,有,有,1988,21,无,有,无,无,无,有,2,7,有,无
李建辉,福建省莆田市市长,男,1963,汉族,福建,无,有,有,有,1981,18,有,无,无,无,有,有,1,6,无,无
李建勤,四川省广安市委书记,男,1963,汉族,江苏,有,有,有,有,1987,24,无,有,无,无,有,无,2,3,有,有
李宽端,山东省东营市委书记,男,1963,汉族,山东,无,有,有,无,1985,22,有,无,无,无,有,有,1,7,无,无
李猛,山东省德州市委书记,男,1967,汉族,安徽,无,有,有,无,1987,20,无,有,无,无,无,无,2,7,有,无
李世峰,黑龙江省黑河市市长,男,1976,汉族,浙江,无,有,有,无,,,无,无,无,无,有,无,2,6,有,有
李维超,重庆市江北区委书记,男,1961,汉族,四川,无,无,有,无,1985,24,无,无,有,无,有,无,2,3,有,无
李小豹,江西省萍乡市委书记,男,1968,汉族,湖南,有,有,有,无,1988,20,无,有,无,无,有,无,2,5,有,有
李新元,广西壮族自治区贵港市委书记,男,1962,汉族,江苏,无,有,有,有,1980,18,无,有,无,有,有,有,1,5,无,无
李雅林,广东省潮州市委书记,男,1964,汉族,山东,有,有,有,无,1988,24,无,有,无,无,有,无,4,4,有,无
李亚平,江苏省苏州市市长,男,1963,汉族,江苏,有,有,有,有,1985,22,无,无,有,有,有,有,2,5,有,有
李延强,广西壮族自治区防城港市委书记,男,1963,汉族,河北,无,有,有,有,1984,21,无,无,无,有,有,有,2,4,有,无
李贻伟,广东省惠州市委书记,男,1965,汉族,山东,有,有,有,无,1988,23,无,有,无,有,有,有,1,4,无,有
李应兰,重庆市合川区委书记,男,1965,汉族,重庆,无,有,有,无,1983,18,有,有,有,有,无,无,2,3,有,无
李永红,山东省日照市市长,男,1970,汉族,山东,无,有,有,无,1991,21,无,有,无,无,有,无,1,2,无,无
李玉刚,黑龙江省齐齐哈尔市市长,男,1965,汉族,江苏,无,有,有,有,1985,20,无,无,无,有,有,无,1,5,无,无
李跃旗,浙江台州市委书记,男,1970,汉族,上海,无,有,有,无,1990,20,无,无,无,有,无,无,1,3,无,无
李云峰,山西省临汾市委副书记、市长,男,1969,汉族,山西,无,有,有,有,1994,25,有,有,无,无,有,无,1,5,无,无
李长萍,山东省聊城市委副书记、市长,女,1975,汉族,山东,无,无,有,无,1997,22,无,有,无,有,有,无,2,7,有,有
李智远,陕西省铜川市市长,男,1969,汉族,陕西,无,有,有,无,1991,22,有,无,有,有,有,有,1,5,无,无
梁维东,广东省东莞市委书记,男,1962,汉族,广东,无,有,有,无,1981,19,无,无,无,有,有,有,1,4,无,无
廖仁松,四川省资阳市委书记,男,1963,汉族,四川,无,有,有,无,1981,18,有,无,无,有,无,有,1,3,无,无
林彬杨,江西省九江市委书记,男,1963,汉族,江西,无,有,有,无,,,有,有,有,有,有,有,2,6,有,有
林红玉,山东省济宁市代市长,男,1970,汉族,山东,无,有,有,无,1989,19,无,有,无,无,有,有,1,9,无,无
林应武,广东省江门市委书记,男,1963,汉族,广东,无,有,有,有,1981,18,无,无,无,无,无,无,1,2,无,有
蔺雪峰,天津市静海区委书记,男,1966,汉族,河北,有,有,有,无,1987,21,无,无,有,无,无,无,1,3,无,无
凌云,安徽省合肥市市长,女,1964,汉族,安徽,无,有,有,无,,,无,无,无,有,有,无,1,3,无,无
刘超,四川省绵阳市委书记,男,1971,汉族,辽宁,有,有,有,无,1993,22,无,有,无,无,有,无,3,6,有,有
刘芳震,湖北省恩施土家族苗族自治州州长,男,1962,土家族,湖北,无,无,有,有,,,有,无,有,无,有,有,1,1,无,无
刘革安,湖南省张家界市市长,男,1966,汉族,湖南,无,有,有,无,1989,23,无,无,无,无,有,无,1,2,无,无
刘海军,鄂州市委副书记、市长,男,1968,汉族,湖北,无,有,有,无,1990,22,有,无,无,有,有,有,1,8,无,无
刘洪建,福建省南平市市长,男,1973,汉族,福建,无,有,有,无,,,无,有,有,有,有,有,1,5,无,有
刘虎山,西藏自治区日喀则市市长,男,1967,汉族,湖南,无,有,有,有,1987,20,无,有,无,无,有,无,1,2,无,无
刘继标,河南省周口市委书记,男,1963,汉族,河南,无,有,有,无,1985,22,无,无,无,无,有,有,1,6,无,无
刘建洋,福建省莆田市委书记,男,1966,汉族,江西,无,有,有,有,1985,19,无,有,无,有,有,有,2,3,有,有
刘强,四川省泸州市委书记,男,1965,汉族,四川,无,有,有,有,1983,18,无,无,无,无,有,有,2,7,有,无
刘强,重庆市委常委、政法委书记,男,1961,汉族,重庆,无,有,有,有,1984,23,无,无,无,无,有,有,2,7,有,无
刘强,山东省委常委、秘书长、副省长,男,1971,汉族,宁夏,有,有,有,有,,,无,有,无,无,有,有,2,7,有,有
刘强,江西省委常委、组织部部长,男,1962,回族,山东,无,有,有,无,1984,22,有,无,有,无,有,有,2,7,有,无
刘尚进,河南省漯河市市长,男,1970,汉族,河南,无,无,有,无,1993,23,无,有,无,无,有,无,2,7,有,有
刘事青,湖南省邵阳市市长,男,1964,汉族,湖南,无,有,有,有,1981,17,有,无,有,无,有,有,1,8,无,有
刘宛康,河南省洛阳市市长,男,1962,汉族,河南,无,有,有,有,,,无,无,无,有,有,无,1,4,无,无
刘小强,重庆市九龙坡区区长,男,1971,汉族,重庆,无,有,有,有,1989,18,无,无,无,有,无,有,2,1,有,有
刘毅,广东省江门市市长,男,1963,汉族,广东,无,有,有,无,1984,21,无,有,无,有,有,无,2,4,有,无
刘有明,广西壮族自治区崇左市委书记,男,1963,汉族,广西,有,有,有,无,1987,24,有,有,有,无,无,无,1,5,无,无
刘远,福建省漳州市市长,男,1963,汉族,福建,无,无,有,无,1983,20,无,有,无,有,有,无,1,5,无,无
刘志强,天津市河北区委书记,男,1971,汉族,河北,无,有,有,无,1992,21,无,无,无,有,无,无,2,4,有,有
刘中伯,四川省宜宾市委书记,男,1962,汉族,四川,无,有,有,无,1980,18,有,无,有,无,无,无,1,2,无,无
柳鹏,甘肃省武威市委书记,男,1971,汉族,甘肃,无,有,有,有,1991,20,无,无,无,无,有,有,1,3,无,有
龙晓华,湖南省湘西土家族苗族自治州州长,女,1963,苗族,湖南,无,有,有,有,1981,18,无,有,无,无,无,无,1,2,无,无
卢红,重庆市武隆区区长,女,1968,汉族,四川,无,有,有,无,1989,21,无,无,有,有,无,无,2,3,有,无
卢小亨,甘肃省庆阳市市长,男,1972,汉族,甘肃,无,有,有,有,1993,21,有,有,有,无,有,无,1,4,无,无
鲁毅,广东省佛山市委书记,男,1964,汉族,湖北,有,有,有,无,1982,18,无,有,无,有,有,有,2,2,有,无
逯峰,汕尾市委副书记，市政府党组书记、市长,男,1972,汉族,河南,有,有,有,无,1993,21,无,有,无,无,有,无,2,4,有,有
罗红江,云南省西双版纳傣族自治州州长,男,1962,傣族,云南,无,无,有,无,1982,20,有,无,无,有,无,有,1,1,无,无
罗萍,云南省红河哈尼族彝族自治州州长,女,1971,哈尼族,云南,无,有,有,无,1993,22,无,无,无,无,无,无,1,1,无,无
罗应光,云南省玉溪市委书记,男,1966,拉祜族,,有,有,有,有,1988,22,有,无,无,无,有,有,2,6,有,有
罗增斌,四川省巴中市委书记,男,1967,汉族,四川,有,有,有,无,1990,23,无,无,无,有,有,无,1,3,无,有
吕玉印,肇庆市委副书记、市长，市政府党组书记,男,1970,汉族,河南,有,有,有,无,,,无,有,无,无,有,无,1,3,无,有
吕志成,辽宁省阜新市委书记,男,1966,汉族,河北,无,有,有,无,1990,24,有,无,有,无,有,有,2,8,有,无
马波,四川省内江市委书记,男,1964,土家族,重庆,无,有,有,有,1982,18,无,有,无,有,有,无,1,2,无,有
马承祖,江西省上饶市委书记,男,1962,汉族,江西,无,无,有,有,1982,20,有,无,有,无,有,无,1,5,无,有
马富国,河南省鹤壁市委书记,男,1963,汉族,河南,无,有,有,无,1981,18,有,有,有,有,有,有,1,5,无,无
马坚,吉林省白山市委副书记、市长,男,1972,汉族,山西,无,有,有,有,1995,23,无,无,无,无,有,有,5,6,有,有
马里,黑龙江省黑河市委书记,男,1963,汉族,黑龙,无,无,有,无,,,有,有,有,无,有,有,4,8,有,无
马文田,广东省汕头市委书记,男,1965,汉族,河南,有,有,有,无,1984,19,无,无,无,无,有,有,2,6,有,无
马相忠,甘肃省临夏回族自治州州长,男,1962,回族,甘肃,无,有,有,有,1984,22,有,有,有,无,无,无,1,2,无,无
马正勇,清远市委副书记，市政府党组书记、市长,男,1973,汉族,宁夏,有,有,有,无,1994,21,无,有,无,无,有,有,1,4,无,无
买买提明・卡德,新疆维吾尔自治区吐鲁番市市长,男,1965,维吾尔族,新疆,无,无,有,有,1984,19,无,无,有,无,有,无,1,2,无,无
毛平,重庆市江津区区长,男,1967,汉族,四川,无,有,有,无,1989,22,无,有,无,无,无,无,3,7,有,有
毛腾飞,湖南省株洲市委书记,男,1962,汉族,湖南,有,有,有,无,1983,21,无,无,有,有,有,无,1,6,无,无
梅世彤,河北省沧州市市长,男,1969,汉族,河北,无,有,有,无,1992,23,有,无,无,无,有,无,1,3,无,有
孟海,青海省海西蒙古族藏族自治州州长,男,1971,蒙古族,青海,无,有,有,有,1992,21,无,有,有,无,有,无,3,2,有,有
孟庆斌,山东省临沂市市长,男,1968,汉族,山东,有,有,有,无,1989,21,无,无,无,有,有,无,2,4,有,无
孟宪东,内蒙古自治区赤峰市委书记,男,1965,汉族,内蒙,无,有,有,有,1988,23,无,有,无,有,有,无,1,6,无,无
孟祥伟,湖北咸宁市委书记,男,1966,汉族,河北,有,有,有,无,1989,23,有,有,有,有,有,无,2,10,有,无
倪斌,天津市武清区区长,男,1972,汉族,内蒙,有,有,有,有,1994,22,有,有,无,无,有,无,3,9,有,有
牛俊雁,内蒙古自治区鄂尔多斯市委书记,男,1962,汉族,山西,无,有,有,有,1979,17,无,无,无,有,有,有,1,7,无,无
农生文,广西壮族自治区来宾市委书记,男,1965,壮族,广西,无,有,有,无,1990,25,无,无,有,无,无,无,1,2,无,有
潘朝晖,安徽省芜湖市委书记,男,1968,汉族,安徽,无,有,有,有,1986,18,无,有,无,无,有,无,2,5,有,有
潘临珠,北京市密云区委书记,男,1962,汉族,山西,有,有,有,无,1983,21,无,无,有,有,有,无,3,6,有,有
裴伟东,辽宁省丹东市委书记,男,1964,汉族,内蒙,无,有,有,无,,,无,有,无,无,有,无,1,5,无,无
蒲继承,重庆市梁平区区长,男,1964,汉族,重庆,无,有,有,有,1984,20,无,无,有,无,无,有,2,2,有,无
普布顿珠,西藏自治区山南市市长,男,1972,藏族,西藏,无,有,有,无,1996,24,无,有,有,无,有,有,1,3,无,有
钱三雄,河北省邢台市委书记,男,1967,汉族,浙江,无,无,有,无,1990,23,无,无,无,无,有,有,2,10,有,无
郄英才,湖北省襄阳市市长,男,1975,汉族,山东,无,有,有,无,1996,21,无,有,无,无,有,无,1,3,无,有
秦春成,广西壮族自治区桂林市市长,男,1966,汉族,广西,无,有,有,无,1985,19,无,有,无,有,有,有,1,7,无,有
秦文敏,重庆市璧山区区长,男,1965,汉族,重庆,无,有,有,无,1988,23,无,无,无,有,无,无,2,4,有,无
邱丽新,湖北省黄冈市市长,女,1968,满族,河北,无,有,有,无,1990,22,无,有,无,有,有,无,3,3,有,无
瞿海,湖南省益阳市委书记,男,1966,苗族,湖南,无,有,有,无,1984,18,无,有,无,无,有,无,1,2,无,有
曲敏,黑龙江省绥化市委书记,男,1963,汉族,黑龙,无,有,有,无,1986,23,无,无,无,无,有,有,1,2,无,有
全桂寿,广西壮族自治区梧州市委书记,男,1964,汉族,广西,无,有,有,有,1984,20,无,有,无,有,有,无,1,1,无,有
冉华章,重庆市开州区委书记,男,1966,土家族,重庆,无,有,有,无,1983,17,无,有,有,无,无,无,2,1,有,无
任泽锋,安徽省黄山市委书记,男,1966,汉族,内蒙,有,有,有,无,1990,24,无,有,无,有,有,无,2,2,有,无
尚朝阳,河南省信阳市市长,男,1963,汉族,河南,无,有,有,有,1981,18,有,有,有,无,有,无,1,6,无,无
邵国强,黑龙江省佳木斯市市长,男,1965,汉族,山东,无,有,有,无,1985,20,无,有,无,无,有,有,1,5,无,有
石爱作,山东省枣庄市市长,男,1965,汉族,山东,无,有,有,有,,,有,有,有,有,有,有,1,8,无,无
史根治,河南省许昌市市长,男,1965,汉族,河南,无,有,有,有,1981,16,有,有,有,无,有,有,1,9,无,无
史立军,江苏省泰州市委书记,男,1963,汉族,黑龙,有,有,有,无,1984,21,无,无,无,有,有,有,3,3,有,无
史万钧,内蒙古自治区乌海市委书记,男,1963,蒙古族,内蒙,无,有,有,有,,,无,有,无,无,有,无,3,11,有,无
史翔,安徽省宿州市委书记,男,1963,汉族,安徽,无,有,有,有,1982,19,无,无,无,无,有,无,1,2,无,无
斯琴毕力格,内蒙古自治区鄂尔多斯市市长,男,1963,蒙古族,内蒙,无,有,有,无,1986,23,无,无,无,有,有,无,1,7,无,无
宋朝华,四川省南充市委书记,男,1962,汉族,四川,无,无,有,无,1983,21,有,无,有,无,有,无,1,4,无,无
宋殿宇,河南省濮阳市委书记,男,1963,汉族,河南,无,有,有,有,1984,21,无,有,无,无,有,无,2,4,有,无
宋宏伟,黑龙江省双鸭山市委书记,男,1963,汉族,黑龙,无,有,有,有,1986,23,无,无,无,无,有,无,1,2,无,有
宋晓路,贵州省安顺市市长,男,1969,仡佬族,贵州,无,有,有,无,1987,18,有,有,有,无,有,无,1,2,无,无
苏嘎尔布,四川省凉山彝族自治州州长,男,1964,彝族,四川,无,有,有,有,1985,21,有,有,有,无,无,无,1,1,无,无
苏君,甘肃省白银市委书记,女,1966,汉族,江苏,无,有,有,有,1984,18,无,无,无,无,有,无,1,4,无,无
隋显利,辽宁省铁岭市市长,男,1964,汉族,吉林,无,有,有,无,1985,21,无,有,无,有,有,无,1,4,无,无
孙爱军,山东省聊城市委书记,男,1972,汉族,山东,有,有,有,有,2000,28,无,无,无,有,有,有,1,3,无,有
孙兵,湖北省荆门市市长,男,1966,汉族,湖北,无,有,有,有,1987,21,有,有,有,无,有,无,2,10,有,有
孙剑楠,天津市南开区区长,男,1968,汉族,江西,无,有,有,无,1991,23,无,有,无,有,无,无,1,5,无,无
孙军民,北京市顺义区区长,女,1970,汉族,北京,无,有,有,无,,,无,无,无,无,无,无,1,3,无,无
孙正东,安徽省阜阳市市长,男,1963,汉族,安徽,有,有,无,有,1981,18,无,有,有,有,有,有,1,7,无,无
索南东智,青海省海南藏族自治州州长,男,1962,藏族,青海,无,无,有,有,1983,21,无,无,有,无,无,有,2,1,有,无
谭丕创,广西壮族自治区钦州市市长,男,1968,汉族,广西,有,有,有,无,1991,23,无,有,有,有,有,无,1,7,无,无
唐小平,重庆市铜梁区委书记,男,1969,汉族,重庆,无,有,有,无,1988,19,无,有,无,无,无,无,2,1,有,无
唐晓明,甘肃省定西市委书记,男,1963,汉族,甘肃,无,有,有,无,,,无,有,无,无,有,无,1,2,无,无
唐毅,内蒙古自治区乌海市市长,男,1975,汉族,四川,无,有,有,无,1999,24,无,无,有,有,有,有,3,4,有,有
唐云舒,广西壮族自治区河池市市长,男,1963,瑶族,广西,无,有,有,有,1984,21,有,无,有,无,有,有,1,2,无,无
滕宏伟,重庆市永川区委书记,男,1964,汉族,安微,有,有,有,有,1986,22,无,无,无,有,无,有,1,1,无,无
田庆盈,山东省潍坊市市长,男,1967,汉族,山东,无,有,有,无,1988,21,无,无,无,有,有,有,1,9,无,无
田树槐,辽宁省本溪市市长,男,1965,汉族,辽宁,无,有,有,有,1984,19,有,无,有,无,有,有,1,6,无,无
汪一光,安徽省亳州市委书记,男,1965,汉族,安徽,无,无,有,无,,,有,无,无,有,有,有,1,5,无,无
王安德,山东省临沂市委书记,男,1963,汉族,山东,无,无,有,无,1987,24,无,无,有,无,无,有,1,3,无,无
王冰,吉林省白山市委书记、市长,男,1969,满族,,无,有,有,无,,,无,无,无,有,有,无,1,2,无,无
王诚,安徽省蚌埠市市长,男,1965,汉族,安徽,无,有,有,有,,,无,无,无,无,有,无,1,6,无,无
王登喜,河南省新乡市市长,女,1963,汉族,河南,无,有,有,无,,,无,有,无,有,有,有,2,8,有,无
王菲,四川省广元市委书记,男,1963,汉族,四川,有,有,有,有,1986,23,有,无,有,有,有,无,1,3,无,无
王奋彦,甘肃省平凉市市长,男,1962,汉族,甘肃,无,有,有,有,1982,20,无,无,有,有,有,无,1,6,无,有
王刚,新疆维吾尔自治区克拉玛依市市长,男,1973,汉族,河南,无,无,有,无,1995,22,无,有,无,有,有,无,1,1,无,有
王洪海,天津市宁河区委书记,男,1964,汉族,天津,无,有,有,有,1983,19,无,无,有,无,无,有,1,4,无,无
王晖,江苏省南通市市长,男,1968,汉族,江苏,有,有,有,无,1994,26,无,无,无,有,有,有,2,4,有,有
王建军,青海省委书记、省人大常委会主任,男,1958,汉族,湖北,无,有,有,有,1978,20,无,有,无,无,有,无,1,3,无,无
王建军,陕西省汉中市委书记,男,1963,汉族,陕西,无,有,有,有,1983,20,无,无,无,无,有,无,1,3,无,无
王健,辽宁省葫芦岛市委书记,男,1965,汉族,,无,有,有,无,1988,23,有,无,无,无,无,无,2,8,有,无
王军,甘肃省天水市市长,男,1962,汉族,甘肃,无,有,有,有,1979,17,有,无,无,无,有,有,1,3,无,无
王俊,重庆市大渡口区委书记,男,1966,汉族,新疆,无,有,有,无,,,无,有,无,有,无,无,3,4,有,无
王力威,辽宁省葫芦岛市市长,男,1963,汉族,辽宁,无,有,有,无,1985,22,无,无,无,无,有,无,1,6,无,无
王立,湖北省鄂州市委书记,男,1966,汉族,山东,无,有,有,无,1988,22,无,有,无,无,有,无,1,3,无,无
王立奇,甘肃省酒泉市市长,男,1977,汉族,辽宁,无,有,有,无,2003,26,无,无,无,有,有,无,1,8,无,有
王立伟,山西省吕梁市市长,男,1963,汉族,山西,无,有,有,无,1984,21,有,有,有,无,有,无,1,5,无,有
王林虎,青海省海东市市长,男,1969,汉族,山西,无,有,有,无,1990,21,无,有,无,有,有,有,1,2,无,无
王乃学,广西壮族自治区北海市委书记,男,1962,汉族,山东,有,有,有,无,1984,22,无,有,无,无,有,无,3,3,有,有
王秋实,黑龙江省鹤岗市市长,男,1965,汉族,吉林,无,有,有,有,,,无,有,无,有,有,无,2,5,有,无
王少玄,江西省吉安市市长,男,1968,汉族,江西,无,有,有,无,1992,24,无,无,无,无,有,无,2,4,有,有
王胜,广东省云浮市市长,男,1968,汉族,山东,无,有,有,无,1989,21,有,无,有,无,有,无,1,5,无,无
王旺盛,内蒙古自治区赤峰市市长,男,1972,蒙古族,辽宁,无,有,有,无,1994,22,无,无,无,无,有,有,2,8,有,无
王文力,黑龙江省牡丹江市市长,男,1965,汉族,黑龙,无,无,有,无,,,无,有,无,无,有,有,1,6,无,无
王小平,河南省焦作市委书记,男,1962,汉族,河北,无,有,有,无,1984,22,有,无,有,有,有,有,1,13,无,有
王一兵,辽宁省辽阳市市长,男,1964,汉族,,有,有,有,无,1985,21,有,有,无,有,有,有,1,10,无,有
王一鸥,湖南省岳阳市委书记,男,1967,汉族,辽宁,无,有,有,无,1990,23,无,无,无,有,无,无,2,1,有,无
王永礼,福建省泉州市市长,男,1966,汉族,福建,有,有,有,无,,,无,有,无,有,有,无,2,1,有,无
王远鹤,湖北省咸宁市市长,男,1963,汉族,湖北,无,有,有,无,1985,22,有,有,无,有,有,无,1,3,无,无
王战营,河南省商丘市委书记,男,1965,汉族,河南,有,有,有,无,1988,23,无,有,无,无,有,无,2,4,有,有
王震,山西省晋城市委副书记、市长,男,1965,汉族,山西,无,有,有,有,1988,23,有,无,无,有,有,无,2,8,有,无
王子联,吉林省松原市委书记,男,1968,汉族,,无,有,有,无,,,无,有,无,无,有,无,1,6,无,有
旺堆,西藏自治区林芝市市长,男,1963,藏族,西藏,无,有,有,有,1984,21,有,有,无,无,有,无,1,2,无,无
危伟汉,中山市人民政府市长,男,1965,汉族,广东,无,有,有,无,1983,18,有,有,无,有,有,有,1,2,无,无
卫岗,云南省德宏傣族景颇族自治州州长,男,1969,傣族,云南,无,无,有,无,1989,20,无,无,有,无,有,有,1,1,无,无
卫华,陕西省咸阳市市长,女,1968,汉族,河南,无,无,有,无,1991,23,无,无,无,无,有,无,1,2,无,有
卫星,云南省普洱市委书记,男,1964,汉族,云南,有,有,有,无,,,无,有,无,有,有,无,1,3,无,无
魏建锋,陕西省渭南市委书记,男,1966,汉族,河南,有,有,有,有,1991,25,无,有,无,无,有,无,1,3,无,有
魏树旺,贵州省遵义市委书记,男,1967,汉族,河北,有,有,有,有,1986,19,无,有,无,无,有,无,3,5,有,无
温湛滨,广东省阳江市市长,男,1971,汉族,广东,有,有,有,无,1993,22,有,无,有,有,有,有,1,8,无,有
吴海平,浙江省台州市市长,男,1965,汉族,浙江,无,有,有,有,1984,19,有,有,有,无,有,有,1,4,无,无
吴海涛,湖北省孝感市市长,男,1967,汉族,湖北,无,无,有,无,1986,19,有,有,有,无,有,无,1,7,无,无
吴锦,湖北省黄石市人民政府市长,男,1969,汉族,湖北,有,有,有,无,1991,22,无,无,无,有,有,无,2,6,有,无
吴胜华,贵州省黔南布依族苗族自治州州长,男,1966,布依族,贵州,无,有,有,无,1988,22,有,无,有,有,无,有,1,2,无,无
吴炜,广西壮族自治区柳州市市长,男,1968,汉族,广东,无,有,有,有,1987,19,有,有,有,有,有,无,1,3,无,无
吴晓东,浙江省丽水市市长,男,1965,汉族,浙江,无,有,有,无,,,无,无,无,无,有,无,1,4,无,无
吴晓华,衡水市市长,男,1965,汉族,安徽,无,有,有,无,1983,18,无,有,无,有,有,无,2,2,有,无
吴旭,四川省资阳市市长,女,1970,汉族,四川,无,有,有,有,1991,21,无,无,无,有,有,无,1,5,无,无
吴仰东,甘肃省酒泉市委书记,男,1963,汉族,甘肃,无,有,有,无,1983,20,无,无,无,有,有,无,1,2,无,有
武宏文,山西省大同市市长,男,1962,汉族,山西,无,有,有,无,1979,17,无,有,有,无,有,有,1,5,无,无
武卫东,河北省张家口市市长,男,1969,汉族,河北,无,有,有,有,1989,20,无,无,无,有,有,无,1,5,无,无
夏心F,江苏省扬州市委书记,男,1965,汉族,江苏,无,有,有,无,1985,20,无,有,有,无,有,无,1,4,无,无
夏新,天津市东丽区委书记,男,1963,汉族,河南,无,有,有,无,1983,20,无,无,有,无,无,无,1,5,无,无
项雪龙,江苏省连云港市委书记,男,1963,汉族,江苏,无,无,有,无,1984,21,有,有,无,无,有,有,1,6,无,无
肖亚非,广东省东莞市市长,男,1966,汉族,江西,无,有,有,无,1988,22,无,无,无,有,有,无,2,3,有,无
肖友才,四川省甘孜藏族自治州州长,男,1965,藏族,四川,无,有,有,有,,,有,无,有,有,有,有,1,2,无,无
谢来发,江西省九江市市长,男,1967,汉族,江西,有,有,有,有,1987,20,无,无,无,有,有,无,1,5,无,无
谢又生,甘肃省张掖市市长,男,1966,汉族,甘肃,无,有,有,无,,,有,有,有,有,有,有,1,4,无,无
辛国荣,重庆市巴南区委书记,男,1963,汉族,重庆,无,有,有,无,,,有,无,有,有,无,有,2,3,有,无
熊燕斌,山西省朔州市市长,男,1968,汉族,江西,无,有,有,有,1991,23,无,无,无,有,有,有,4,5,有,无
徐惠民,江苏省南通市委书记,男,1963,汉族,江苏,无,有,有,有,1981,18,无,有,无,无,有,有,1,6,无,无
徐江,重庆市黔江区区长,男,1965,汉族,重庆,有,有,有,无,1987,22,无,无,无,无,无,无,2,3,有,无
徐曙海,江苏省镇江市委副书记、代理市长,男,1968,汉族,江苏,有,有,有,无,1990,22,无,有,无,无,有,无,1,6,无,无
徐万忠,重庆市合川区区长,男,1967,汉族,重庆,无,有,有,无,1986,19,无,有,无,无,无,无,2,1,有,无
徐文光,浙江省衢州市委书记,男,1968,汉族,浙江,无,有,有,无,1990,22,无,有,无,无,有,有,1,6,无,有
徐衣显,河南省焦作市市长,男,1967,汉族,河北,有,有,有,无,1990,23,无,有,有,无,有,无,3,5,有,无
许继伟,安徽省滁州市长,男,1964,汉族,安徽,无,有,有,无,1985,21,无,有,无,有,有,有,1,2,无,无
许永锞,广西壮族自治区钦州市委书记,男,1967,汉族,广东,无,有,有,有,,,无,无,无,无,无,无,3,4,有,无
许志晖,广东省茂名市委书记,男,1968,汉族,广东,有,有,有,无,1990,22,有,无,有,有,有,有,1,4,无,无
薛斌,新疆维吾尔自治区塔城地委书记,男,1966,汉族,陕西,无,有,有,无,1987,21,无,有,无,无,有,有,2,5,有,无
薛占海,陕西省延安市市长,男,1963,汉族,陕西,有,有,有,无,1987,24,有,无,有,有,有,有,1,2,无,无
牙生・司地克,新疆维吾尔自治区乌鲁木齐市市长,男,1968,维吾尔族,新疆,无,有,有,有,1986,18,无,无,有,有,有,有,1,3,无,无
闫剑波,山东省威海市代市长,男,1971,汉族,山东,无,有,有,无,1994,23,无,无,无,有,有,无,1,8,无,无
严华,湖南省永州市委书记,男,1968,汉族,湖南,有,有,有,有,,,无,无,无,无,无,无,1,4,无,无
阳卫国,湖南省株洲市市长,男,1967,汉族,湖南,无,有,有,无,1990,23,有,有,无,有,有,无,2,5,有,无
杨兵,天津市南开区委书记,男,1967,汉族,湖北,无,有,有,无,1989,22,无,无,无,有,无,无,1,4,无,无
杨博,黑龙江省佳木斯市委书记,男,1968,汉族,内蒙,无,有,有,有,1987,19,无,有,无,有,有,无,2,8,有,有
杨发森,新疆维吾尔自治区和田地委书记,男,1971,汉族,甘肃,无,无,有,无,1990,19,有,无,无,无,有,无,1,2,无,无
杨国宗,云南省大理白族自治州委副书记、州长,男,1968,白族,云南,无,有,有,无,1990,22,有,有,无,无,无,无,2,4,有,无
杨洪涛,山东省德州市市长,男,1966,汉族,山东,无,无,有,无,1988,22,无,无,有,无,有,有,1,7,无,无
杨军,云南省保山市市长,男,1973,汉族,四川,无,有,有,无,1995,22,无,无,无,无,有,无,1,3,无,有
杨军,安徽省宿州市市长,男,1965,汉族,吉林,有,有,有,无,,,无,有,有,无,有,无,1,3,无,无
杨克宁,四川省阿坝藏族羌族自治州州长,男,1962,藏族,四川,无,有,有,无,1982,20,有,有,无,有,无,无,1,1,无,无
杨林兴,四川省泸州市市长,男,1965,土家族,重庆,无,有,有,无,1986,21,有,有,无,无,有,无,2,6,有,有
杨青玖,河南省濮阳市市长,男,1969,汉族,河南,有,有,有,无,1990,21,有,有,有,无,有,有,1,6,无,无
杨廷双,黑龙江省牡丹江市委书记,男,1965,汉族,黑龙,有,有,有,无,1987,22,无,有,无,无,无,无,1,3,无,有
杨维俊,甘肃省张掖市委书记,男,1962,汉族,甘肃,无,有,有,有,1982,20,有,有,有,无,有,无,1,4,无,无
杨永英,贵州省黔西南布依族苗族自治州州长,女,1964,布依族,贵州,无,有,有,无,1985,21,无,无,无,无,无,无,1,1,无,无
杨玉经,宁夏回族自治区银川市市长,男,1963,回族,宁夏,无,有,有,有,1981,18,无,无,无,无,有,无,1,1,无,有
杨长亚,陕西省铜川市委书记,男,1962,汉族,陕西,无,无,有,有,1981,19,有,有,有,有,有,无,1,2,无,无
姚高员,浙江省温州市市长,男,1968,汉族,浙江,无,有,有,无,1990,22,有,有,有,无,有,有,1,5,无,无
姚奕生,广东省珠海市市长,男,1965,汉族,广东,无,有,有,有,1987,22,有,无,无,无,有,有,1,2,无,无
叶露中,安徽省六安市市长,男,1963,汉族,安徽,无,有,有,无,1986,23,无,无,有,无,有,无,3,9,有,无
殷向杰,天津市宝坻区委书记,男,1965,汉族,湖北,有,有,无,无,,,无,有,无,无,无,无,1,3,无,无
殷昭举,广东省潮州市市长,男,1972,汉族,安徽,有,有,有,无,1993,21,无,有,无,无,有,无,2,5,有,有
尤猛军,福建省福州市市长,男,1962,汉族,福建,无,无,有,有,,,有,无,有,无,有,有,1,8,无,无
犹王莹（合拼）,江西省新余市市长,男,1973,土家族,贵州,无,无,有,无,,,无,有,无,无,有,无,3,3,有,有
于海田,山东省淄博市市长,男,1969,汉族,,有,有,有,无,1994,25,无,无,无,有,有,有,1,2,无,无
于洪涛,黑龙江省鸡西市市长,男,1967,汉族,山东,无,有,有,无,1989,22,无,有,无,无,有,无,1,8,无,有
于会文,重庆市大足区委书记,男,1968,满族,辽宁,有,有,有,无,1993,25,无,有,无,无,有,无,3,3,有,有
于军,北京市海淀区委书记,男,1964,汉族,山东,有,有,有,无,1987,23,无,无,无,有,无,有,2,3,有,无
于立新,内蒙古自治区呼伦贝尔市委书记,男,1965,蒙古族,内蒙,无,无,有,有,1987,22,无,无,无,有,有,有,1,3,无,无
于强,松原市委副书记、市长,男,1967,汉族,,无,无,有,无,,,无,有,无,有,有,无,1,3,无,无
于秀明,江西省鹰潭市市长,男,1964,汉族,江西,无,有,有,有,1983,19,有,有,有,无,有,无,2,11,有,无
于学利,辽宁省锦州市市长,男,1963,汉族,,无,无,有,无,1981,18,无,有,有,有,有,有,1,5,无,无
余功斌,辽宁省鞍山市市长,男,1967,汉族,,有,有,有,无,1990,23,无,有,无,无,有,无,3,3,有,无
余长明,重庆市黔江区委书记,男,1965,汉族,四川,有,有,有,无,1984,19,无,有,无,无,无,无,2,2,有,无
俞东来,浙江省舟山市委书记,男,1963,汉族,浙江,无,有,有,有,1981,18,无,有,无,有,有,无,1,6,无,无
虞平,四川省攀枝花市市长,男,1968,汉族,四川,无,有,有,无,1986,18,有,无,有,无,有,有,1,3,无,无
宇向东,山东省滨州市市长,男,1964,汉族,山东,有,有,有,无,1985,21,无,有,无,有,有,无,1,4,无,无
元方,四川省绵阳市市长,男,1974,汉族,陕西,有,有,有,无,1995,21,无,无,无,有,有,有,1,4,无,有
袁方,安徽省马鞍山市市长,男,1969,汉族,安徽,无,有,有,有,1991,22,有,无,无,有,有,有,2,8,有,无
袁古洁,广东省茂名市委副书记、市长,女,1968,汉族,贵州,有,有,有,有,1988,20,无,无,无,有,有,无,3,5,有,无
袁光平,海南省儋州市委书记,男,1966,汉族,重庆,有,有,有,无,1990,24,无,无,无,有,有,无,1,5,无,无
袁家健,安阳市市长,男,1971,汉族,安徽,无,有,有,无,1994,23,无,无,无,无,有,无,2,4,有,无
张爱国,湖北省荆门市委书记,男,1962,汉族,湖北,无,有,有,无,1982,20,无,无,无,有,有,无,1,3,无,无
张爱军,江苏省宿迁市委书记,男,1964,汉族,江苏,无,有,有,无,1984,20,有,无,有,有,有,有,1,5,无,无
张爱军,广东省梅州市市长,男,1970,汉族,河南,无,有,有,无,1993,23,无,有,无,有,有,有,1,5,无,无
张安疆,重庆市潼南区区长,男,1971,汉族,甘肃,无,有,有,无,1997,26,无,无,无,无,有,无,2,5,有,无
张佰成,内蒙古自治区呼和浩特市市长,男,1968,汉族,黑龙,无,有,有,无,1998,30,无,有,无,无,有,无,2,4,有,有
张宝娟,江苏省扬州市市长,女,1967,汉族,江苏,无,有,有,有,1990,23,无,无,无,无,有,无,1,4,无,有
张德华,云南省玉溪市市长,男,1966,汉族,江苏,无,有,有,无,,,无,无,无,无,有,无,2,1,有,有
张国旺,福建省龙岩市市长（代）,男,1964,汉族,福建,无,有,有,无,,,无,无,无,有,有,有,1,3,无,无
张国伟,河南省新乡市委书记,男,1963,汉族,河南,无,有,有,无,1982,19,有,有,有,无,有,有,1,6,无,无
张果,重庆市永川区区长,男,1971,汉族,四川,有,有,有,无,1994,23,无,有,无,有,无,有,2,2,有,无
张海波,山东省威海市市委书记,男,1969,汉族,山东,无,有,有,无,1991,22,无,无,有,无,有,有,1,6,无,有
张鸿星,江西省抚州市市长,男,1967,汉族,江西,无,有,有,有,1985,18,有,有,有,有,有,有,1,6,无,无
张惠,山东省日照市委书记,女,1967,汉族,山东,无,有,有,无,1989,22,无,无,无,无,有,无,1,3,无,有
张集智,贵州省毕节市市长,男,1969,汉族,贵州,无,有,有,无,1989,20,无,无,无,无,有,有,1,6,无,无
张家胜,湖北省宜昌市市长,男,1968,汉族,湖北,无,有,有,无,1989,21,无,无,无,无,有,有,3,4,有,无
张建慧,河南省商丘市市长,女,1964,汉族,河南,无,有,有,有,,,无,无,无,无,有,无,1,5,无,无
张科,揭阳市市长,男,1968,汉族,重庆,无,有,有,无,1989,21,无,无,无,无,有,无,1,4,无,无
张雷明,河南省平顶山市市长,男,1966,汉族,河南,无,无,有,无,1988,22,无,有,无,无,有,无,2,3,有,有
张利,宁夏石嘴山市市长,男,1976,汉族,河南,有,有,有,无,2000,24,无,无,无,无,有,无,1,2,无,有
张瑞书,河北省秦皇岛市市长,男,1963,汉族,河北,无,无,有,无,1983,20,无,无,有,有,有,无,2,5,有,有
张术平,山东省烟台市委书记,男,1964,汉族,山东,无,有,有,无,1984,20,无,有,无,有,有,有,1,9,无,有
张彤,四川省乐山市市长,男,1973,汉族,四川,有,有,有,无,1994,21,无,无,有,无,有,无,1,4,无,有
张维亮,河北省邯郸市市长,男,1964,汉族,河北,无,有,有,无,1990,26,无,无,无,有,有,有,1,5,无,有
张伟,天津市宁河区区长,男,1967,汉族,天津,无,有,有,无,1989,22,无,无,无,无,无,有,3,5,有,无
张伟文,甘肃省兰州市市长,男,1966,汉族,湖南,无,有,有,无,1990,24,无,无,无,有,有,有,1,3,无,无
张文深,河南省南阳市委书记,男,1961,汉族,河南,无,有,有,有,1982,21,有,无,无,无,有,无,1,10,无,无
张文胜,新疆维吾尔自治区吐鲁番市委书记,男,1968,汉族,河南,无,有,有,有,1990,22,无,有,无,有,无,无,1,3,无,无
张祥安,安徽省滁州市委书记,男,1964,汉族,安徽,无,有,有,无,1985,21,无,有,有,无,有,无,1,5,无,无
张晓兵,内蒙古自治区巴彦淖尔市市长,男,1971,汉族,山东,有,有,有,无,1993,22,无,有,无,有,有,有,2,6,有,有
张晓强,汕尾市委书记、市人大常委会主任,男,1975,汉族,浙江,无,有,有,有,1996,21,有,无,有,有,有,无,1,10,无,有
张晓容,青海省西宁市市长,男,1963,汉族,青海,有,有,有,无,1978,15,无,无,无,有,有,有,2,3,有,无
张孝成,安徽省淮南市市长,男,1964,汉族,江苏,无,有,有,无,1983,19,有,无,有,有,有,无,1,7,无,无
张兴益,重庆市南川区区长,男,1964,汉族,重庆,无,有,有,有,1983,19,无,有,无,无,无,有,2,1,有,无
张秀兰,云南省文山壮族苗族自治州州长,女,1966,苗族,云南,无,有,有,有,1984,18,有,无,有,无,无,无,2,1,有,无
张旭晨,甘肃省白银市市长,男,1969,汉族,甘肃,有,有,有,无,,,无,无,无,无,有,无,1,3,无,有
张迎春,湘潭市委副书记、市长,女,1970,汉族,湖南,无,有,有,有,1988,18,无,无,无,有,有,有,1,10,无,无
张永霞,甘肃省金昌市委书记,女,1968,汉族,山东,无,有,有,无,1990,22,无,无,无,无,有,无,3,5,有,无
张值恒,湖南省益阳市市长,男,1970,汉族,湖南,无,有,有,有,1991,21,无,有,无,无,有,无,2,5,有,有
张子林,黑龙江省绥化市市长,男,1963,汉族,,无,有,有,无,1987,24,无,有,无,有,有,有,1,4,无,无
赵德光,云南省保山市委书记,男,1962,彝族,,无,有,有,无,1982,20,有,无,有,无,有,无,1,1,无,无
赵革,河北省廊坊市市长,男,1970,汉族,黑龙,无,有,有,无,1992,22,有,有,有,有,有,无,2,2,有,无
赵建平,山西省晋中市市委书记,男,1963,汉族,山西,无,有,有,无,1983,20,无,无,有,有,有,无,1,6,无,无
赵江涛,内蒙古自治区包头市市长,男,1962,蒙古族,内蒙,无,有,有,有,1984,22,无,无,无,无,有,无,2,6,有,无
赵俊民,陕西省安康市市长,男,1968,汉族,河南,有,有,有,无,1990,22,无,无,无,无,有,无,1,3,无,无
赵磊,北京市通州区区长,男,1972,汉族,河南,有,有,有,无,1995,23,无,无,无,有,无,无,1,4,无,无
赵凌云,甘肃省甘南藏族自治州州长,男,1966,藏族,甘肃,无,有,有,无,,,无,有,有,有,无,无,1,1,无,无
赵世庆,重庆市长寿区委书记,男,1964,汉族,重庆,有,有,有,有,,,无,无,无,有,有,有,2,3,有,无
赵万山,黑龙江省伊春市委书记,男,1962,汉族,,无,有,有,有,1980,18,有,有,有,无,有,有,1,7,无,无
赵文泉,新疆维吾尔自治区克拉玛依市委书记,男,1963,汉族,安徽,无,无,有,无,1986,23,有,有,无,有,有,无,1,2,无,无
郑大光,黑龙江省双鸭山市市长,男,1964,汉族,河南,无,有,有,无,1989,25,无,无,无,无,有,无,2,3,有,无
郑建新,长沙市人民政府市长,男,1968,汉族,贵州,有,有,有,有,1990,22,无,有,无,无,有,无,4,4,有,有
郑剑戈,广东省汕头市市长,男,1964,汉族,广东,无,有,有,有,1986,22,无,无,无,无,有,有,1,4,无,无
郑俊康,广西壮族自治区柳州市委书记,男,1959,汉族,浙江,无,有,有,无,1977,18,无,无,无,有,有,有,1,4,无,无
郑莉,四川省内江市市长,女,1969,汉族,山东,无,有,有,无,1991,22,无,无,无,无,有,无,1,3,无,有
郑连生,山西省忻州市委书记、市长,男,1965,汉族,山西,无,有,有,无,1985,20,无,有,无,无,有,无,1,5,无,无
郑人豪,广东省湛江市委书记,男,1968,汉族,广东,有,有,有,有,1990,22,无,有,无,有,有,无,1,5,无,有
钟畅姿,广西壮族自治区梧州市市长,女,1971,水族,广西,无,有,有,无,1995,24,无,有,无,无,有,无,1,4,无,无
钟志生,江西省景德镇市委书记,男,1963,汉族,江西,无,有,有,有,1982,19,无,无,无,无,有,有,1,5,无,有
种及灵,重庆市涪陵区区长,男,1966,汉族,山东,有,有,有,无,1986,20,无,有,无,有,无,无,1,3,无,无
周斌,河南省平顶山市委书记,男,1962,汉族,河南,无,有,有,有,1983,21,无,有,无,无,有,无,1,4,无,无
周德睿,湖南省常德市委书记,男,1966,汉族,湖南,无,有,有,无,1989,23,无,有,无,无,有,无,1,2,无,无
周少政,重庆市涪陵区委书记,男,1963,汉族,重庆,无,有,有,无,1982,19,无,无,无,无,有,无,3,3,有,有
周铁根,江苏省徐州市委书记,男,1962,汉族,江苏,无,有,有,无,1985,23,有,有,无,无,有,无,1,8,无,无
周伟,甘肃省武威市市长,男,1966,汉族,甘肃,无,无,有,无,1988,22,有,有,无,无,有,无,1,2,无,无
周异决,广西壮族自治区百色市市长,男,1965,壮族,广西,有,有,有,无,1988,23,无,有,无,有,有,无,2,2,有,有
周勇,重庆市九龙坡区委书记,男,1964,汉族,重庆,无,有,有,无,,,无,有,无,有,有,无,2,1,有,有
朱洪武,湖南省永州市市长,男,1971,黎族,海南,无,有,有,有,1994,23,无,无,无,无,有,无,2,2,有,有
朱立凡,江苏省泰州市市长,男,1971,汉族,江苏,无,有,有,无,1993,22,无,无,无,有,有,有,1,5,无,无
朱是西,河南省驻马店市市长,男,1966,汉族,河南,无,有,有,无,1990,24,无,无,无,有,有,有,1,6,无,无
朱晓东,山西省忻州市市长,女,1972,汉族,山西,无,有,有,无,1996,24,有,无,无,有,有,无,1,4,无,有
邹瑾,四川省雅安市市长,男,1964,汉族,四川,无,有,有,有,1986,22,有,有,有,无,有,无,1,4,无,有
邹自景,四川省广元市市长,男,1968,汉族,河北,无,有,有,无,1991,23,无,无,无,无,有,无,2,2,有,无
祖木热提・吾布力,新疆维吾尔自治区哈密市市长,女,1965,维吾尔族,新疆,无,无,有,有,1982,17,无,无,有,有,有,无,2,5,有,无
