姓名,副科级,正科级,副处级,正处级,副厅级,正厅级,副部级,正部级,现级别,工作省份,工作地区,企业经历,(副)市长,党委(副)书记
王宁,0,1987,1994,0,0,2006,2015,0,7,北京,"宣武区,兴县,城区,西城区,北京,郊区",0,1,0
王少峰,0,0,0,0,0,0,0,0,0,北京,北京,0,0,0
程连元,0,0,0,0,0,2012,2016,0,7,"北京,云南","北京,朝阳区,朝阳,昆明",1,0,1
吴桂英,1993,1994,1994,1998,2008,2012,2018,0,7,"北京,湖南","北京,朝阳,朝阳区",1,0,0
隋振江,0,0,0,0,1999,2004,2015,0,7,北京,"北京,城区,西城区,海淀区",1,1,0
夏林茂,0,0,0,0,0,2011,0,0,6,北京,"东城区,城区,北京,石景山区",0,0,0
卢映川,0,0,0,0,0,2013,0,0,6,北京,"北京,城区,顺义区,西城区",0,0,0
侯君舒,0,0,0,0,0,2010,0,0,6,北京,"北京,昌平区",0,0,0
齐静,0,0,0,0,0,2011,2017,0,7,北京,"北京,怀柔区",0,0,0
常卫,0,0,0,0,0,0,0,0,6,北京,"北京,石景山区",0,0,0
张吉福,0,0,0,0,0,2010,2016,0,7,"北京,山西","北京,大同,平谷区",1,0,1
李志军,0,0,0,2012,0,0,0,0,6,北京,"北京,延庆县",0,0,0
冀国强,0,1993,1998,2000,0,2015,2017,0,7,"北京,天津","宣武区,天津,蓟县,北京,静海县,津,代县",0,0,1
李树起,0,0,0,0,1998,2008,2015,0,7,天津,"南区,津南区,天津,津,宁河县",0,1,1
袁桐利,0,1986,1994,0,2000,2002,2012,0,7,"天津,河北","天津,大连,新区,津,武清区",1,0,1
宗国英,0,0,0,0,2009,2010,2013,0,7,"天津,云南","津,天津,新区",1,1,1
田向利,0,1985,1992,1995,1996,2001,2008,0,7,"四川,河北","西区,唐山,石家庄,张家口,桥西区,秦皇岛",0,0,0
商黎光,0,1989,1992,1997,1999,2013,2016,0,7,"河北,山西","平乡县,秦皇岛,沧州,邢台",0,1,0
高宏志,0,0,0,0,2001,2003,0,0,6,"北京,河北","北京,邯郸,衡水",0,1,0
回建,0,1985,1991,1993,0,0,0,1999,6,"天津,河北","唐山,天津,邯郸,张家口,河间,津,沧县,沧州",0,1,1
孟祥伟,0,1993,1996,1999,2008,2013,0,0,6,"湖北,河北","保定,秦皇岛,兰州,邢台,咸宁,代县,阜平县,赵县,徐水县,沙河",1,1,0
聂瑞平,0,0,1987,1996,2003,2011,2018,0,0,河北,"保定,秦皇岛,廊坊,献县",0,1,1
邢国辉,0,1985,1991,1994,0,2011,2016,0,7,河北,"张家口,正定县,石家庄",1,1,0
焦彦龙,0,1988,1990,1993,1996,2003,2015,0,7,河北,"唐山,沧州,衡水",0,1,0
冯韶慧,1987,1993,0,1996,0,2002,0,0,6,河北,廊坊,1,1,0
李谦,0,1988,1989,1997,2001,2009,2017,0,0,河北,"保定,石家庄,衡水,新乐,裕华区,深泽县,赵县,郊区",0,1,0
杨慧,0,0,0,0,0,2012,0,0,6,河北,"沧州,衡水",0,1,0
耿彦波,1987,1990,1993,1995,2003,2008,0,0,0,山西,"灵石县,大同,太原,榆次区,和顺县,晋中",0,1,1
李俊明,0,0,1992,1994,0,2000,2018,0,0,山西,"定襄县,太原,大同,忻州",1,1,1
陈永奇,0,1993,1998,2000,0,2011,2018,0,7,"山西,辽宁,西藏","阳泉,大连",0,1,0
胡玉亭,1989,0,0,0,0,2011,2018,0,7,"北京,山西","北京,大同,太原,晋中",1,1,0
王清宪,0,0,0,0,0,2008,2016,0,7,"山东,黑龙江,山西","晋城,运城,青岛,吕梁",0,1,0
郑连生,0,1992,1998,2001,2004,2012,0,0,6,山西,"忻州,长治,代县,长治县,临汾",0,1,0
罗清宇,0,0,0,1995,0,2008,2016,0,7,山西,"忻州,大同,太原,临汾,原平",1,1,1
岳普煜,0,0,0,0,0,2012,2018,0,0,山西,"临汾,太原",1,1,1
秦义,0,0,0,0,2006,2011,2018,0,7,"内蒙古,江西","赤峰,呼和浩特,克什克腾旗,呼伦贝尔,内蒙古自治区",1,1,1
包钢,1994,0,1998,0,2006,2013,2018,0,7,内蒙古,"包头,阿拉善盟,呼和浩特,乌海,内蒙古自治区,乌审旗",0,1,0
云光中,0,0,0,1997,2001,2006,2014,0,0,内蒙古,"满洲里,鄂尔多斯,呼和浩特,乌海,呼伦贝尔,内蒙古自治区",0,1,0
段志强,0,1994,0,2002,2006,2011,2018,0,7,内蒙古,"海拉尔区,新巴尔虎右旗,赤峰,呼伦贝尔,内蒙古自治区,巴彦淖尔",1,1,0
杜学军,0,0,0,0,0,0,1993,0,6,"北京,内蒙古","石景山区,满洲里,包头,额尔古纳,兴安盟,北京,乌兰察布,内蒙古自治区,呼伦贝尔,陈巴尔虎旗",1,1,0
张院忠,1987,1990,0,0,1999,0,2016,0,7,内蒙古,"包头,锡林郭勒盟,呼和浩特,内蒙古自治区,土默特左旗",0,1,0
冯玉臻,0,0,0,2000,2004,2017,0,0,6,"海南,内蒙古","和林格尔县,南区,海南区,阿拉善盟,新区,乌兰察布,呼和浩特,乌兰察布盟,内蒙古自治区,乌海,通辽,玉泉区",1,1,0
陈海波,0,0,0,0,0,1998,2008,0,7,"黑龙江,辽宁","盘锦,沈阳,鞍山,哈尔滨,海城",0,1,1
吴忠琼,0,0,1997,1998,0,2010,2018,0,7,"北京,江西,辽宁","北京,鞍山",1,1,0
高宏彬,0,0,0,2002,2007,2010,0,0,6,"辽宁,新疆","沈阳,塔城,抚顺,本溪,东陵区,法库县,代县",1,1,0
王正谱,0,0,1994,1997,2008,2010,2016,0,7,"北京,安徽,四川,辽宁","合作,任县,辽阳,北京,涡阳县",0,1,0
孙国相,0,0,0,0,0,2002,2018,0,7,辽宁,"盘锦,鞍山",0,1,0
蹇彪,1989,1993,0,0,1998,2010,0,0,6,辽宁,"朝阳,盘锦,沈阳,新区,桂林,新城子区",1,1,1
王明玉,0,1991,1994,1996,0,2010,2018,0,7,辽宁,"朝阳,锦州",0,1,1
高广滨,0,0,1992,0,0,1997,2007,0,7,吉林,"龙井,通化,松原,长春,吉林,公主岭",0,1,1
姜治莹,0,0,0,0,0,1996,2012,0,0,吉林,"延边朝鲜族自治州,双阳区,长春,吉林,白城",0,1,1
金育辉,1991,0,1994,0,2000,2011,2017,0,0,吉林,"通化,松原,前郭尔罗斯蒙古族自治县,吉林,临江,扶余县,辽源",0,1,0
李相国,0,0,0,1989,0,0,2009,0,6,吉林,"吉林,松原,长春",1,1,0
张安顺,0,0,1994,1997,0,2001,2011,0,7,"吉林,黑龙江","通化,延边朝鲜族自治州,长春,吉林,朝阳区,朝阳",1,1,0
李景浩,0,0,0,1985,2007,2013,2017,0,7,吉林,"龙井,吉林,和龙,延边朝鲜族自治州",0,1,0
康志文,1983,0,1989,1997,2002,2013,0,0,0,黑龙江,"穆棱,密山,大庆,鸡西,牡丹江",0,1,0
张雨浦,0,1990,1996,0,2004,2004,2016,0,7,"台湾,黑龙江","鹤岗,哈尔滨,望奎县,兰西县,呼兰县,牡丹江",0,1,0
王爱文,0,0,1995,0,0,2005,2016,0,0,"安徽,四川,黑龙江,河北","伊春,霍山县,佳木斯,康保县",0,1,0
高环,0,0,1993,1999,2001,2005,0,0,0,,"齐齐哈尔,伊春",1,1,0
王兆力,0,0,1992,0,0,2000,2017,0,7,黑龙江,"汤原县,佳木斯,哈尔滨,鸡西",1,1,1
孙喆,0,0,0,0,0,1999,2018,0,7,黑龙江,"双鸭山,齐齐哈尔,佳木斯,哈尔滨",1,1,0
韩立华,1991,1992,1996,2000,2012,2012,0,0,6,黑龙江,"七台河,大庆",0,1,0
张恩亮,0,0,0,0,2000,2002,0,0,6,黑龙江,"黑河,绥滨县,鹤岗,望奎县",0,1,0
过剑飞,0,0,2006,2010,0,0,0,0,6,上海,"徐汇区,浦东新区,上海,新区",0,0,0
程向民,0,0,0,2013,0,0,0,0,6,上海,"松江区,普陀区,上海",0,0,0
翁祖亮,0,0,0,0,0,1998,2017,0,7,上海,"卢湾区,浦东新区,闸北区,黄浦区,新区,上海,北区",1,0,1
安路生,0,0,0,0,0,0,2009,0,6,上海,"闸北区,成都,上海,武汉,北区,郑州,静安区",0,0,1
吴清,0,0,0,2010,0,0,2018,0,7,上海,"虹口区,上海",0,1,1
曹立强,0,0,0,2013,0,0,0,0,6,上海,"虹口区,普陀区,上海",1,0,1
陈寅,1989,0,0,0,0,2003,2016,0,7,上海,"徐汇区,杨浦区,上海",1,1,0
诸葛宇杰,0,0,0,2013,0,0,2017,0,7,上海,"杨浦区,上海",1,0,1
汪泓,0,0,0,2012,0,0,0,0,6,上海,"上海,宝山区",1,0,0
方世忠,0,0,0,2013,0,0,0,0,6,上海,"徐汇区,上海,宝山区",0,0,1
沈晓明,0,0,0,0,0,0,2008,2017,8,"上海,海南,浙江","上海,浦东新区,温州,新区",0,1,1
李跃旗,0,0,0,2011,0,2019,0,0,6,浙江,"金山区,杨浦区,台州",1,0,0
赵惠琴,0,0,0,2012,0,0,0,0,6,上海,"青浦区,上海",0,0,1
庄木弟,0,0,0,2013,0,0,0,0,6,上海,"上海,奉贤区",1,0,0
黄莉新,1987,1989,1993,1996,0,1997,2003,2018,8,江苏,"无锡,南京,沭阳县,新区",0,0,0
汪泉,0,1990,1994,1995,2013,0,2013,0,0,江苏,"睢宁县,常州,苏州,南京,沭阳县,无锡",1,1,1
费高云,0,1995,2000,0,2004,2008,2018,0,7,江苏,"启东,仪征,常州,南通,通州区,通州,扬州",0,1,1
周乃翔,0,0,1995,0,2003,2010,2016,0,0,"江苏,上海","苏州,南京,上海,泰州",1,1,0
张国华,0,1995,0,2002,2005,2011,2018,0,7,"江苏,云南","徐州,苏州,吴江,昆山,南京,南通",1,1,1
姚晓东,0,0,1990,1993,1996,2004,2020,0,0,江苏,"淮安,南京,常州,沭阳县",1,1,1
谢正义,0,1996,1996,0,0,2000,0,0,0,江苏,"徐州,扬州",1,1,1
张雷,0,0,0,0,0,1982,2014,0,7,"江苏,辽宁","沈阳,合作,苏州,新区,泰州,昆山,南京",1,1,1
陆志鹏,0,0,0,1999,2002,2010,0,0,0,江苏,"建邺区,南京,南通,泰州",1,1,0
男,0,1996,1998,1999,0,2001,2017,0,7,江苏,"启东,苏州,泰州,如皋,新区,南京,宿迁,南通",1,1,1
龚正,0,0,0,1986,0,0,2008,2017,8,"山东,浙江,天津,上海","天津,深圳,津,上海,杭州",1,1,0
刘奇,0,0,0,0,0,1996,2008,2016,8,"江西,浙江","义县,温州,武义县,衢州,宁波",1,1,1
陈金彪,0,0,0,0,0,2015,2016,0,7,浙江,绍兴,0,1,0
鲁俊,0,0,0,0,0,2010,0,0,6,浙江,嘉兴,1,1,0
周江勇,0,0,2001,2002,0,2012,2017,0,7,浙江,"象山县,温州,新区,代县,鄞州区,余姚,舟山,杭州,宁波",0,1,1
张兵,0,0,0,0,0,2013,0,0,6,浙江,"嘉兴,丽水,台州",0,1,1
王永康,0,0,1991,1996,1998,2009,2016,0,7,"重庆,黑龙江,浙江,上海,陕西","西安,重庆,哈尔滨,丽水,上海,武汉,余姚,宁波",1,1,0
吴存荣,0,1991,0,1995,0,1999,2011,0,7,"安徽,重庆","重庆,合肥,枞阳县,新区",0,1,0
潘朝晖,0,1988,0,0,2002,2013,0,0,6,"安徽,江苏","中区,黄山,歙县,芜湖,南通",0,1,0
王宏,1996,0,1997,2001,2002,2006,0,0,0,安徽,"鞍山,中区,淮南,马鞍山,南京,池州",0,1,0
黄晓武,0,1991,1998,2001,0,2013,0,0,6,安徽,"怀宁县,安庆,淮北,代县,望江县",0,1,0
宋国权,0,0,1996,2007,0,2009,2016,0,0,安徽,"合肥,鞍山,中区,铜陵,巢湖,马鞍山,黄山,新区,芜湖",1,1,1
侯淅珉,0,0,1992,1995,2010,2011,2017,0,7,"吉林,安徽","吉林,铜陵",0,1,0
虞爱华,0,1992,1998,0,2002,2006,2016,0,7,安徽,"安庆,霍山县,合肥,宣城",0,1,0
魏晓明,0,0,0,0,0,2013,0,0,6,安徽,安庆,0,1,0
任泽锋,0,1996,1997,2000,2003,2013,0,0,6,"安徽,内蒙古","黄山,合作",1,1,0
张祥安,0,1990,1995,0,2002,2012,0,0,6,安徽,"中区,滁州,阜阳,含山县,六安",0,1,0
李平,0,1978,0,1989,2006,2013,2018,0,0,安徽,"合肥,潜山县,怀宁县,枞阳县,安庆,阜阳,池州",0,1,1
张曙光,0,0,0,2001,2003,2010,2016,0,7,安徽,"宿州,阜阳,池州",0,1,0
史翔,1990,1992,0,0,2008,2013,0,0,6,安徽,"宿州,合肥",0,1,0
姚玉舟,0,0,1990,1992,1995,2003,2016,0,0,"安徽,天津","东至县,天津,鞍山,滁州,淮南,铜陵,马鞍山,凤台县,津,大通区,宣城",1,1,0
韩军,0,1992,0,1999,2003,2012,2018,0,0,安徽,"阜阳,芜湖,宣城",0,1,0
孙云飞,0,1984,1993,1998,2001,2005,2016,0,7,安徽,"六安,杜集区,淮北,阜阳",0,1,0
沈强,0,1979,0,1999,2003,2010,2018,0,7,安徽,"宿州,淮南,亳州,淮北,砀山",0,1,0
杨岳,0,0,0,0,1999,0,2008,0,7,"北京,江苏,福建","通州区,通州,北京,福州",0,0,0
梁建勇,0,0,0,0,1997,0,2001,0,7,"北京,福建","北京,莆田,福州,龙岩",0,1,0
杜源生,0,0,0,2002,2007,2012,2018,0,0,福建,"闽侯县,福州,福清,三明,平潭县",0,1,0
郑新聪,0,0,0,0,2010,2011,2018,0,7,福建,"宁德,泉州",1,1,1
檀云坤,0,0,0,1998,0,2004,2018,0,0,福建,漳州,0,1,0
裴金佳,0,0,0,0,1999,2006,2015,0,0,福建,"南平,厦门,思明区",0,1,0
林宝金,0,0,0,0,2005,2008,2019,0,7,福建,"南平,莆田",0,1,1
王文涛,1991,1992,0,0,2002,2005,2011,2018,8,"江西,黑龙江,上海,山东,云南","松江区,黄浦区,南昌,济南,上海,昆明",1,1,1
郭安,0,0,1995,2000,2002,2006,0,0,6,江西,"樟树,南昌,鹰潭,景德镇,万载县,高安,宜春",0,1,0
刘昌林,1988,0,1990,1992,0,2008,2015,0,7,"北京,江西,湖北,甘肃","北京,景德镇",0,1,0
颜赣辉,0,0,0,0,0,0,0,0,0,,,0,0,0
李小豹,0,0,0,0,0,2010,0,0,6,"湖南,江西","永兴县,兴县,南昌,青山湖区,萍乡",0,1,0
殷美根,0,0,0,1993,2008,2011,2015,0,7,江西,"新区,九江,南昌",0,1,0
钟志生,0,1986,1990,1993,1996,2003,0,0,6,江西,"分宜县,新余,鹰潭,九江,景德镇",0,1,1
刘捷,0,1998,1998,2000,0,2008,0,2011,7,"北京,湖南,江西,贵州","北京,新余,湘潭",1,1,0
陈兴超,0,0,0,1996,0,2001,2016,0,7,江西,"鹰潭,景德镇,吉安",0,1,1
胡世忠,0,0,0,0,0,0,0,0,7,江西,吉安,0,1,0
蒋斌,0,0,0,0,2000,2011,0,0,6,江西,"吉安,新余,宜春",0,1,0
徐景颜,0,1990,1994,0,0,1997,0,0,0,山东,"聊城,淄博,临沂",0,1,1
张术平,0,1986,1995,1997,0,2000,0,0,6,山东,"阜新,临沂,烟台,济宁,安丘,新区,枣庄,潍坊,曲阜",1,1,1
张江汀,0,0,0,0,0,1995,2015,0,7,山东,"诸城,烟台,青岛,青州,潍坊",0,1,0
孟凡利,0,0,0,0,0,2000,2017,0,7,山东,"青岛,烟台",1,1,1
刘曙光,0,0,1993,1997,0,2000,0,0,6,"山东,辽宁","营口,烟台,栖霞,东营,潍坊",1,1,0
孙述涛,0,0,0,0,2001,2008,2018,0,7,山东,"济南,南京,威海,菏泽",0,1,0
张惠,0,0,1995,2001,0,2003,0,0,6,山东,"威海,日照,青岛",0,1,0
李同道,0,0,0,0,2011,2011,0,0,0,山东,"枣庄,日照",1,1,1
林峰海,0,0,0,1992,0,2001,2017,0,7,山东,"聊城,临沂",0,1,0
王忠林,0,1989,1995,2000,0,2007,2016,0,7,"山东,湖北","滕州,中区,山亭区,聊城,城区,枣庄,济南,武汉,峄城区",0,1,1
张光峰,0,0,0,0,1999,2006,0,0,0,山东,滨州,1,1,1
崔洪刚,0,0,1986,1993,2001,2013,0,0,6,山东,"张店区,济宁,新区,滨州,泰安,博山区,周村区,淄博,淄川区",1,1,1
孙爱军,0,0,0,0,0,2001,0,0,6,山东,"聊城,菏泽,烟台",1,1,1
马懿,0,0,1983,1989,1996,2010,2016,0,0,"河南,宁夏","银川,新安县,新区,洛阳,郑州",0,1,0
祁金立,0,1981,1991,1993,2000,2006,0,0,6,河南,"漯河,宝丰县,平顶山,丰县,郑州,开封",0,1,0
张国伟,1983,1985,1992,1994,2001,2013,0,0,6,河南,"方城县,南阳,平顶山,西峡县,新乡,商丘",0,1,1
张文深,1984,0,1986,1989,2002,2011,0,0,6,河南,"禹州,襄城县,许昌县,焦作,南阳,许昌,商丘,郑州,开封,驻马店",0,1,0
魏小东,0,0,1990,1994,2004,2011,2017,0,7,"北京,河南","鹤壁,北京,洛阳,厦门,郑州,商丘",0,1,0
范修芳,0,1986,1989,1990,0,2000,0,0,0,"北京,河南,天津","鹤壁,天津,北京,津,郑州,濮阳",0,1,0
王战营,1989,1991,1993,1998,0,2001,2011,0,6,"河南,广西","武汉,新乡,郑州,商丘",0,1,0
穆为民,0,0,1992,1994,0,2003,2016,0,7,河南,"南阳,郑州,巩义",0,1,0
程志明,1989,1991,1996,1997,2002,2009,2018,0,7,"河南,黑龙江","新乡,郑州,南阳,开封",0,1,0
陶明伦,0,0,0,0,0,0,1979,0,7,"安徽,河南","泌阳县,遂平县,驻马店,沙河,商丘",0,1,0
郭瑞民,0,0,1987,0,2003,2006,2017,0,7,"河南,贵州","郑州,辉县,信阳,封丘县,平顶山,上蔡县,新乡,驻马店",0,1,1
乔新江,1989,1992,0,2000,0,2001,2018,0,7,河南,"郑州,信阳",1,1,0
徐光,1985,0,1988,1992,1996,2006,2017,0,0,"河南,天津","鹤壁,天津,淇县,安阳,津,周口",0,1,0
刘继标,0,0,1995,0,2001,2013,0,0,6,河南,"鹤壁,三门峡,濮阳县,周口,濮阳,驻马店",0,1,1
武国定,0,1983,0,1991,0,2003,2018,0,7,河南,"舞钢,叶县,平顶山,许昌,驻马店",0,1,1
王宇燕,0,0,2002,0,2006,2008,2017,0,7,"河南,山西,青海","项城,运城,修武县,济源,周口",0,1,0
阮成发,0,1985,0,1987,1992,1998,2004,2016,8,"湖北,云南","武汉,襄樊,黄石,武昌区",1,1,0
唐良智,0,0,0,1987,2001,2003,2011,2018,8,"四川,湖北,重庆,上海","重庆,襄樊,成都,上海,武汉,襄阳",1,1,1
周先旺,0,1981,1993,1994,1998,2002,2017,0,7,湖北,"黄石,建始县,恩施,宣恩县,武汉",0,1,1
王君正,0,0,1988,1993,1998,2007,2012,0,7,"吉林,新疆,山东,湖北,云南","丽江,长春,吉林,襄阳,昆明",1,1,1
周霁,0,1994,0,2004,0,2010,2016,0,7,湖北,"仙桃,谷城县,宜昌,襄樊,十堰,宜城",1,1,1
张维国,0,1992,1998,1999,2005,2012,2018,0,7,湖北,"郧县,房县,十堰",1,1,1
黄楚平,0,0,0,2004,0,2007,2012,0,7,湖北,"武汉,宜昌,咸宁,江汉区",0,1,0
马旭明,0,0,0,0,0,2010,2018,0,0,"辽宁,浙江,北京,上海,湖北","黄石,嵊州,宜昌,合作,北京,上海,武汉",0,1,0
万勇,0,0,0,1994,1996,0,2005,0,7,湖北,"武汉,荆门,南区,西湖区",0,1,1
肖菊华,0,1994,0,1997,1997,2005,2019,0,7,湖北,"武汉,青山区,荆州,荆门",0,1,0
李兵,1984,0,1990,1991,1992,2000,2018,0,0,湖北,"武汉,鄂州,黄石,咸宁",1,1,0
刘雪荣,0,1985,1989,1992,0,2000,2018,0,7,湖北,"黄冈,黄石,竹山县,潜江,十堰",0,1,0
陈安丽,0,1987,1991,1996,0,2003,2018,0,7,"湖北,黑龙江","武汉,黄冈,随州",0,1,0
任振鹤,0,0,1988,1990,2001,2008,2015,0,7,"浙江,湖北,江苏,上海","黄冈,鹤峰县,咸宁,利川,恩施,上海,襄阳,普陀区,郊区",1,1,1
丁小强,0,0,0,0,2004,2007,0,0,6,"湖北,山西","运城,合作,咸宁,赤壁,武汉",1,1,0
郄英才,0,1996,0,0,2003,2013,0,0,6,湖北,"襄阳,黄石,随州",0,1,0
周文霞,0,1994,2000,2002,2012,0,0,0,0,湖北,"仙桃,荆门,丰镇,京山县",0,1,1
柯俊,0,0,1993,1997,2007,2017,0,0,0,"湖北,浙江","黄石,铁山区,天门,路桥区,恩施,台州,黄石港区",1,1,1
吴锦,0,1998,2003,2008,0,2019,0,0,6,"湖北,新疆","西陵区,当阳,黄石,兰州,宜昌,天门",1,1,0
黄剑雄,0,2001,2002,2004,2009,2013,0,0,0,"湖北,福建","漳州,潜江,咸宁,延安,厦门",1,1,1
周森锋,0,0,2008,2009,0,0,0,0,0,湖北,"宜城,神农架林区,襄樊",0,1,1
易炼红,0,0,1992,0,0,2000,2011,2018,8,"陕西,湖南,江西,辽宁","沈阳,长沙,邵阳,陵县,岳阳,沅陵县,涟源,株洲",1,0,0
张剑飞,0,0,0,0,0,2007,2013,0,7,湖南,长沙,0,1,1
毛腾飞,1991,1993,1996,2000,2007,2013,0,0,6,湖南,"武冈,长沙,湘潭,郴州,邵阳,株洲",1,1,0
龚文密,0,1992,1993,1995,0,1999,0,0,6,"台湾,湖南","邵阳,张家界,湘潭",0,1,0
盛荣华,0,1985,1989,2001,2003,2011,2016,0,0,"宁夏,湖南","衡阳县,岳阳,衡阳,新区",0,1,0
周德睿,1992,1995,1998,2005,2006,2013,0,0,6,湖南,"常德,永州",0,1,0
杨光荣,0,0,0,2002,2006,2013,2016,0,7,"安徽,湖南","长沙,沙县,张家界,天心区,长沙县,阜阳",0,0,0
许显辉,1992,1994,1996,2000,0,2013,2018,0,7,"湖南,内蒙古","武陵源区,益阳,内蒙古自治区,张家界",0,1,1
胡忠雄同志,0,0,0,0,1997,2011,0,2018,7,"湖南,贵州","长沙,岳阳,新区,益阳,永州",0,1,0
瞿海,0,0,1994,1998,2002,2011,0,0,6,湖南,"益阳,郴州",0,1,0
陈文浩,0,1989,0,1992,2001,2008,2018,0,7,湖南,"长沙,石门县,常德,代县,永州",0,1,0
严华,0,0,0,0,2002,2019,0,0,6,湖南,"韶山,岳阳,永州,湘潭",0,0,0
易鹏飞,1988,1990,1992,1996,0,2008,2018,0,7,湖南,"娄底,怀化,郴州",0,1,0
叶红专,1988,1992,0,2006,0,2008,2018,0,7,湖南,"湘西土家族苗族自治州,龙山县,凤凰县,吉首",1,0,1
王荣,0,0,0,0,0,1999,2004,2015,8,"江苏,广东","苏州,深圳,南京,滨海县,无锡",0,1,1
许勤,0,1988,1992,1997,0,2008,2010,2017,8,"北京,河北,广东","北京,深圳",1,1,0
郑人豪,0,1995,1999,0,0,2003,0,0,6,广东,"珠海,阳江,汕头,中山,湛江",1,1,0
郑振涛,0,1988,0,1995,0,1998,2020,0,0,"湖北,广东",韶关,0,1,0
李贻伟,0,0,0,2000,0,2010,0,0,6,广东,"广州,江门,佛山,惠州",1,1,1
王中丙,0,0,0,1996,2003,2011,0,0,6,"北京,湖北,广东","广州,北京,武汉,荆州,湛江",1,1,0
李红军,0,1993,1999,0,2003,2013,0,0,6,"湖北,广东","当阳,韶关,茂名",0,1,1
郭锋,0,1980,1989,2000,2003,2010,0,0,6,广东,"清远,惠州,肇庆,津,中山",0,1,0
谭君铁,0,0,1996,2000,2004,2007,0,0,0,广东,"城区,梅州,阳江",1,1,0
温国辉,0,1990,1996,2000,0,2007,2015,0,7,广东,"广州,汕尾,湛江",1,1,1
何忠友,0,0,0,1989,0,2007,2016,0,7,"海南,广东","海口,河源",1,0,1
江凌,0,1988,0,0,2004,2011,2017,0,7,"河南,广东","珠海,合作,东莞,清远,韶关",1,1,1
薛晓峰,0,0,0,0,0,2005,2020,0,0,"北京,广东,山西","汾阳,广州,北京,吕梁,武汉,中山",0,1,0
陈良贤,0,0,0,0,0,2012,2018,0,7,广东,"汕头,揭阳,中山",1,1,1
陈绿平,0,1988,0,0,0,2002,2015,0,7,"重庆,辽宁,广东","乐昌,重庆,新区,揭阳,韶关",0,1,0
周红波,0,0,0,2005,2006,2011,2020,0,7,广西,"南京,南宁,新区",0,1,0
郑俊康,0,0,0,1993,2004,2008,0,0,6,广西,"武汉,柳州,南区,新区",1,1,1
赵乐秦,0,0,1989,1992,0,2001,2018,0,7,"陕西,广西","贺州,西安,商洛,崇左,桂林,汉中",1,1,0
黄俊华,0,0,0,0,2008,2013,2018,0,7,广西,"武汉,桂林,梧州",0,1,0
王小东,0,0,0,1985,0,2004,2013,0,7,"北京,广西","钦州,北海,石家庄,合作,南宁,北京",1,0,0
肖莺子,1992,1994,0,1998,2004,2010,2017,0,7,"湖北,广西,海南,浙江","鹿城区,钦州,温州,城区,南宁,兴宁,新区",0,1,0
李新元,0,0,0,1994,2007,2013,0,0,6,广西,"钦州,梧州,柳州,来宾,贵港",1,1,1
王可,0,0,1988,1994,0,2010,2016,0,7,"北京,山东,广西,湖南","长沙,北海,百色,北京,贵港",0,0,1
金湘军,0,0,0,1990,0,1998,2018,0,7,"四川,海南,广西,天津","天津,东兴,津,成都,玉林,防城港",1,1,0
王凯,0,1991,1995,0,1999,0,2008,0,7,"吉林,广西,山西","梧州,长春,吉林,晋城,玉林,武汉",0,1,0
彭晓春,0,0,1992,1996,2000,2008,2018,0,7,广西,"柳州,百色,南宁,贺州",0,0,0
周异决,1991,1993,1996,1999,0,2009,0,0,6,"北京,广西","北京,百色",1,1,0
赵德明,0,1986,0,0,0,2004,2016,0,7,"广西,贵州","贺州,南宁,长春,新区,贵阳",0,0,1
黄世勇,0,1993,1997,1999,0,2005,2015,0,7,广西,河池,1,0,0
何辛幸,0,0,0,1994,2008,2011,0,0,6,"广西,上海","柳州,河池,南宁,上海",1,1,0
肖杰,0,0,0,1989,0,1996,2017,0,7,"北京,海南","北京,三沙,任县,杭州",0,1,1
杜和平,0,1993,1995,1998,0,2011,2017,0,0,"四川,重庆,黑龙江","北区,重庆,代县,江北区",0,0,0
郑向东,0,0,0,0,0,0,1988,0,7,"北京,四川,重庆","北京,重庆",0,1,0
赖蛟,0,0,0,1998,0,2013,2020,0,7,"四川,宁夏,重庆","重庆,合作,新区,成都,北区",0,0,0
段成刚,0,0,2001,0,2003,0,2018,0,7,"四川,重庆","南区,重庆,新区,江北区,北区",1,0,0
唐川,0,0,1995,0,0,0,1997,0,6,"四川,重庆","北区,重庆,津",0,0,1
吴道藩,0,0,0,0,0,0,1998,1999,6,"四川,重庆",重庆,1,1,0
章勇武,0,0,0,0,0,1994,0,0,6,重庆,重庆,1,0,0
徐世国,1984,1992,2003,2006,2011,0,0,0,4,"四川,重庆","重庆,南县",0,0,1
罗成,0,1994,2003,2010,0,0,0,0,4,"四川,重庆,浙江","重庆,代县,玉环县,台州",0,0,0
梅时雨,0,0,0,1997,2003,0,0,0,0,重庆,"重庆,南区,代县",1,0,0
李应兰,0,0,0,1995,0,2015,0,0,6,"四川,重庆","重庆,成都,代县",1,0,0
张学锋,0,0,1991,0,1997,0,0,0,4,"四川,重庆",重庆,1,0,0
覃昌德,0,2004,2006,2008,0,0,0,0,4,重庆,"武汉,重庆",0,0,0
徐海荣,0,1990,1996,1997,0,0,2012,0,7,"四川,重庆,新疆","乌鲁木齐,中区,重庆",0,0,1
白文农,0,0,1984,2002,2005,2013,0,0,6,"四川,重庆","重庆,文峰区",1,0,0
周勇,0,1983,0,1998,0,2008,0,0,6,"四川,重庆",重庆,1,1,0
赵世庆,0,0,1993,0,0,2013,0,0,6,"北京,重庆","北京,重庆,津",1,1,1
陶长海,0,0,0,0,1995,2006,2017,0,7,"四川,贵州,重庆","南区,中区,重庆,津,江北区,北区",0,0,0
熊雪,0,1988,0,0,1995,0,0,2004,7,"四川,重庆","重庆,津,新区",0,1,1
李殿勋,0,1991,0,1998,0,2013,2018,0,7,"四川,重庆,湖南",重庆,0,1,0
曹清尧,0,0,1993,1997,2001,2004,0,0,6,"北京,重庆,广西","北京,重庆,河池",0,0,0
辛国荣,0,0,0,0,2003,2015,0,0,6,"四川,重庆","南区,南县,重庆",1,0,1
蹇泽西,0,1994,0,0,0,0,2003,0,4,"四川,重庆","南区,重庆,南县,津",0,0,1
李春奎,0,0,0,0,0,2003,0,0,4,"四川,重庆","西区,沈阳,重庆,武汉,铁西区,双桥区",1,0,0
唐德祥,1994,1995,0,2001,2005,0,0,0,4,"四川,重庆","绵阳,重庆",0,0,0
龚均,1989,1991,0,2003,0,0,0,0,4,"四川,重庆,西藏","重庆,南区,代县",1,0,1
左军,1991,1997,0,2005,0,0,0,0,4,"四川,重庆","重庆,代县",0,0,1
代小红,0,0,0,0,2003,2015,0,0,6,重庆,"中区,重庆,新区,江北区,北区",0,0,0
王杰,0,0,0,2009,0,0,0,0,0,,,0,0,1
陈文森,0,0,1997,0,0,0,0,2004,4,"四川,重庆,浙江","重庆,平湖,代县",1,1,0
钱建超,0,1989,0,1994,0,0,1998,0,4,"四川,重庆","南区,重庆,南平",0,0,1
潘毅琴,0,1991,0,1994,1995,2008,2018,0,0,"四川,重庆","重庆,中区",0,1,1
江涛,0,0,0,0,0,1991,0,0,6,"四川,重庆","重庆,代县",1,0,0
周少政,0,1987,1999,0,0,2002,0,0,6,"四川,重庆,浙江","重庆,双桥区,温州",0,1,0
刘成鸣,0,1981,0,1993,0,2003,2020,0,7,四川,"广汉,内江,什邡,德阳,宜宾,攀枝花",1,1,1
蒋辅义,0,0,1993,1997,0,2002,0,0,6,"四川,河南,青海","眉山,阆中,泸州,乐山,南充",0,1,0
刘强,0,0,0,1992,2001,2011,0,0,6,"四川,云南","泸州,乐山,津,潞西,遂宁,代县,南充",0,1,1
罗强,0,0,0,0,1996,2002,2016,0,7,四川,"广元,成都,达州,绵阳",0,1,0
林书成,0,1982,0,1992,0,2012,2018,0,7,四川,"西安,攀枝花,绵阳",1,1,1
王菲,0,1987,0,0,1994,2012,0,0,6,四川,"广元,巴中,代县",1,1,0
杨洪波,0,0,1992,0,0,2000,2016,0,7,四川,"南充,遂宁",0,0,0
张彤,0,0,2000,2002,2007,2007,0,0,6,四川,"邛崃,成都,乐山,津",0,1,0
王铭晖,0,1982,1983,1995,1998,2005,2016,0,0,四川,"内江,资阳,宜宾",0,1,1
侯晓春,1982,0,1991,1998,2003,2008,2018,0,0,四川,"广安,遂宁",0,1,1
罗增斌,1994,0,1996,2000,0,2003,0,0,6,四川,"巴中,广安,合作",1,1,0
包惠,0,0,1994,1996,0,2005,2018,0,7,四川,"成都,达州",0,1,0
李静,0,0,1985,0,2002,2006,2017,0,7,"四川,重庆","眉山,绵阳,重庆,江油,资阳",0,1,0
宋朝华,0,0,1985,1997,2006,2011,0,0,6,四川,"成都,南充,津,眉山",0,1,0
李刚,0,0,1997,0,2001,2011,0,0,0,四川,"巴中,成都,自贡",1,0,0
周喜安,0,1992,1994,1999,0,2010,2018,0,7,"青海,安徽,吉林","吉林,资阳,巴中",0,1,0
刘作明,0,0,0,1992,0,2000,2016,0,0,"四川,重庆,河南","重庆,成都",1,0,1
胡昌升,0,0,0,0,2004,2006,2015,0,7,"四川,福建,青海","雅安,厦门,遂宁",0,1,0
陈刚,0,0,0,0,0,2003,2012,0,7,"北京,河北,贵州","哈尔滨,新区,北京,朝阳区,贵阳,朝阳,扬州",1,0,1
刘文新,0,1997,0,2002,2006,2013,0,0,0,贵州,贵阳,0,1,1
李再勇,0,1984,1985,1989,2000,2011,2016,0,7,"浙江,贵州","吉县,铜仁,安吉县,遵义,贵阳,代县,六盘水",0,1,0
"周建琨同志,男,汉族,1960年6月出生,河南叶县人,1977年8月参加工作,1984年12月加入中国共产党,中央党校研究生学历。",1982,0,1995,1997,0,2011,2017,0,6,贵州,"毕节,都匀,安顺",1,1,0
曾永涛,1990,0,1995,2000,0,2006,0,0,6,"辽宁,贵州","仁怀,毕节,大连,遵义,安顺",0,1,0
刘奇凡,1990,1994,1999,2002,0,2011,2016,0,7,"内蒙古,贵州","铜仁,厦门,内蒙古自治区",1,0,1
陈昌旭,1991,1993,1998,2000,2002,2007,0,0,6,贵州,"铜仁,合作,遵义,代县,毕节",0,1,1
杨永英,0,0,0,0,2011,2013,0,0,6,贵州,,0,0,0
龙长春,0,1993,1998,2001,2011,2011,2017,0,7,贵州,"铜仁,都匀,遵义",0,0,0
李文荣,0,0,1990,1993,2002,2008,2016,0,7,"湖南,云南","曲靖,昆明",1,1,1
范华平,0,1987,0,1993,2008,2012,2018,0,7,"山东,海南,云南","曲靖,昭通",0,1,1
和良辉,0,1990,1997,2001,2005,2009,2018,0,7,云南,"代县,丽江,城区",0,1,0
卫星,0,0,1992,0,2004,2013,0,0,6,云南,"普洱,丽江,昆明",1,1,0
陈玉侯,1989,1991,1993,1996,2000,2008,2018,0,7,云南,"玉溪,曲靖",0,1,1
罗红江,0,0,0,2001,2008,2013,0,0,6,云南,景洪,1,0,1
张太原,1988,1992,1995,1996,0,2010,2015,0,7,"云南,山西","汾阳,楚雄,太原,吕梁,昆明",1,0,1
童志云,0,0,0,0,0,2013,0,0,0,云南,,1,0,1
齐扎拉,0,1983,1990,1994,2000,2001,2010,2017,8,"云南,西藏",拉萨,0,0,1
张延清,0,0,1999,2005,2009,2012,0,0,7,"甘肃,西藏","日喀则,拉萨",0,1,1
罗布顿珠,0,0,1990,1992,1996,2002,2011,0,7,西藏,"拉萨,昌都,山南",0,1,1
张永泽,0,0,1998,2001,0,2008,2017,0,7,"四川,西藏","成都,山南",0,0,0
张洪波,1989,0,0,0,2007,2014,2019,0,7,"北京,西藏","日喀则,北京",0,1,1
万超岐,0,0,0,0,0,2010,0,0,0,"内蒙古,西藏","内蒙古自治区,阿拉善盟",0,0,1
上官吉庆,0,0,0,0,2004,2004,2016,0,0,陕西,"西安,宝鸡,咸阳",0,1,0
姜锋,0,0,0,0,0,0,2015,0,7,陕西,,1,1,1
卫华,0,0,0,2002,0,2005,0,0,6,陕西,"西安,咸阳",0,1,0
徐新荣,0,0,0,0,0,0,2015,0,7,陕西,延安,0,1,0
王建军,0,1986,0,1997,1998,2013,0,0,6,陕西,"延安,汉中,商洛",0,1,0
陆治原,0,0,1995,1997,2002,2011,2018,0,7,"陕西,辽宁","渭南,西安,城区,榆林,延安",0,1,0
郭青,1985,0,1992,1995,2003,2007,2018,0,7,"陕西,湖南,河北","故城县,邯郸,衡水,任县,安康,株洲",0,1,0
徐启方,0,0,0,0,0,2013,2018,0,7,陕西,"宝鸡,安康",1,1,0
魏增军,0,1986,1991,1994,2005,2005,2017,0,7,陕西,"汉中,商洛",0,1,0
陈俊,0,0,0,0,2006,2013,0,0,0,陕西,"铜川,商洛",0,1,0
柳鹏,0,0,2001,0,2002,2011,0,0,6,甘肃,"兰州,武威,嘉峪关",0,1,1
汪海洲,0,0,0,0,0,2011,0,0,7,"甘肃,西藏",白银,1,1,1
王锐,0,1987,1990,0,1997,2001,2018,0,7,甘肃,"张掖,兰州,天水",0,1,0
杨维俊,0,1991,0,1997,2005,2013,0,0,6,甘肃,"张掖,平凉,陇南,天水",0,1,0
黄泽元,0,0,0,0,2001,2012,0,0,0,"北京,甘肃","北京,张掖,陇南,兰州",0,1,0
夏红民,0,0,1984,1992,1993,2000,2014,0,7,"湖北,甘肃,贵州",庆阳,0,0,0
唐晓明,0,1988,1994,1996,2005,2013,0,0,6,甘肃,"兰州,定西",0,1,0
孙雪涛,0,0,1994,1997,2000,2011,2020,0,7,"北京,甘肃","北京,陇南",0,1,0
陈青,0,1985,1995,0,2001,2008,2013,0,7,"甘肃,新疆","博乐,兰州,西安,陇南,武威,定西,庆阳",1,1,1
马学礼,0,1991,1997,2004,0,2013,0,0,0,甘肃,"临夏,东乡县",0,0,1
王予波,1985,1989,1992,1995,0,2000,2015,0,7,"云南,青海",西宁,0,1,0
于丛乐,0,0,0,0,0,2000,2017,0,7,青海,海东,1,0,1
张晓容,0,0,1985,0,2003,2013,0,0,6,"河北,青海","海东,西宁,石家庄",1,1,1
尼玛卓玛,0,0,1985,1991,1996,2000,2018,0,7,"海南,青海",,0,0,1
张文魁,0,0,1992,1995,2001,2010,2018,0,7,"海南,青海",,1,0,1
索南东智,1989,1990,1997,1998,2006,2013,0,0,6,"海南,青海",,0,0,1
白加扎西,0,0,1996,2001,2010,2013,0,0,6,青海,,0,0,0
文国栋,0,1993,1996,2001,2009,2013,0,0,0,青海,海东,0,0,1
徐广国,0,1990,1993,1997,2003,2006,2011,0,7,"宁夏,黑龙江,山西","银川,让胡路区,大同,绥芬河,大庆,大同区,杜尔伯特蒙古族自治县,牡丹江",1,1,1
彭友东,0,1995,0,1995,0,2001,0,0,7,"北京,宁夏,湖南,西藏","北京,银川,石嘴山",0,0,0
赵永清,0,1991,1998,0,0,2004,2017,0,7,"山东,宁夏","诸城,昌乐县,吴忠,安丘",0,1,1
白尚成,0,0,0,0,1995,2006,2017,0,7,宁夏,"银川,灵武,固原,吴忠",0,1,0
马廷礼,0,0,0,1988,0,2000,2013,0,7,"宁夏,甘肃","石嘴山,中卫",0,0,0
李文章,0,0,1992,1994,1998,2003,2012,0,0,"宁夏,辽宁","银川,石嘴山,中卫,固原",0,0,1
马汉成,1993,1996,1997,0,2005,2007,2018,0,7,宁夏,"银川,固原,石嘴山,灵武",0,1,0
朱海仑,0,1986,0,1993,2001,2003,2009,0,0,新疆,"喀什,乌鲁木齐,和田",0,0,1
芒力克·斯依提,0,0,0,1997,1998,2006,2018,0,7,新疆,"哈密,吐鲁番",0,1,1
艾则孜·木沙,0,1989,1993,2000,0,2001,0,0,0,"北京,山东,天津,新疆","宣武区,天津,日照,合作,北京,津,和田,代县,阿克苏",0,0,0
彭家瑞,0,1981,1992,1995,2001,2004,2016,0,7,新疆,"米泉,代县,塔城,昌吉",1,0,1
赵青,1983,1993,1998,2003,2010,0,2017,0,7,新疆,"库尔勒,乌鲁木齐,昌吉",1,1,1
肖怀远,0,0,1984,0,0,0,1998,0,0,"天津,西藏","津,天津,林芝",0,0,0
张庆伟,0,0,0,0,0,1996,0,2011,8,"北京,黑龙江,河北",北京,1,0,1
付志方,0,0,1987,1990,0,1994,2001,2012,8,"山东,河南,河北","保定,卢氏县,灵宝,三门峡,开封",0,1,0
陈政高,0,0,1976,1988,1990,1993,1998,2007,0,辽宁,"沈阳,长海县,大连,海城,西岗区",1,1,0
殷一璀,0,0,0,0,0,0,0,0,0,上海,上海,0,0,1
李强,0,1984,1985,1988,0,1992,2005,2012,8,"浙江,江苏,上海","永康,温州,金华,上海,瑞安,宁波",1,0,1
鹿心社,0,0,1986,0,1996,0,2010,2011,8,"江西,广西,江苏,甘肃","武汉,南通",0,1,1
刘伟,0,0,1982,0,1987,1994,2001,2010,8,"安徽,河南,山东","固镇县,阜阳,蚌埠,砀山,芜湖",0,1,0
谢伏瞻,0,0,0,0,0,1995,2013,2013,0,"湖北,河南",天门,0,0,0
叶冬松,0,0,0,0,0,0,0,1977,8,"安徽,河南,河北","丰县,长春",1,0,1
李鸿忠,0,0,1985,1987,1988,1995,2001,2007,8,"天津,辽宁,广东,吉林,湖北","沈阳,天津,惠州,深圳,吉林,津,苏家屯区",1,1,0
王国生,0,1983,0,1985,1991,1997,2001,2010,8,"青海,江苏,河南,山东,湖北","连云港,聊城,冠县,高唐县,东阿县,唐县",0,0,0
杜家毫,0,0,0,1985,0,1998,2004,2013,8,"黑龙江,湖南,上海","浦东新区,杨浦区,松江区,新区,上海,中山",0,0,1
陈求发,0,0,1983,1991,0,0,0,2013,8,"湖南,辽宁",,1,0,0
彭清华,0,0,1988,0,0,0,2001,2012,8,"湖南,北京,湖北,四川,广西","北京,大冶",1,0,1
陈武,0,1982,1986,1992,0,2000,2005,2013,8,广西,"钦州,南宁,凭祥",0,0,1
张轩,0,0,1985,0,1992,0,2007,0,0,"四川,重庆,云南","重庆,昆明",0,0,0
王东明,0,0,0,1983,1993,0,1997,2012,0,"四川,辽宁","锦州,辽阳,灯塔,太和区,绥中县",0,1,1
陈敏尔,1984,0,1990,1991,1996,1997,2002,2012,8,"重庆,浙江,贵州","兴县,绍兴,重庆,绍兴县,宁波",0,1,1
李纪恒,0,0,1985,1988,1991,1995,1997,2011,0,"内蒙古,广西,云南,广东","河池,桂平,南宁,玉林,南县,内蒙古自治区,湛江",0,0,1
陈全国,0,0,1983,1988,1994,1996,1998,2009,8,"西藏,河南,河北,新疆","平舆县,漯河,遂平县,平顶山,郑州,驻马店",0,1,1
洛桑江村,0,0,0,0,0,1986,2003,0,8,西藏,"拉萨,那曲",0,1,1
帕巴拉·格列朗杰,0,0,0,0,0,0,1965,1979,8,西藏,昌都,0,0,0
娄勤俭,0,0,0,0,0,0,2010,2012,8,"陕西,江苏,贵州",,1,0,0
骆惠宁,0,1982,0,1985,0,1993,1999,2010,0,"安徽,山西,青海","巢湖,郊区,鞍山,马鞍山",1,0,0
努尔兰·阿不都满金,0,0,0,0,0,1993,2003,2013,8,"北京,新疆",北京,0,0,1
崔世安,0,0,0,0,0,0,0,0,0,,,0,0,0
夏德仁,0,0,0,0,0,1998,2001,2013,8,辽宁,大连,0,1,0
巴音朝鲁,0,1982,0,0,0,0,2001,2011,8,"吉林,内蒙古,浙江","吉林,伊金霍洛旗,内蒙古自治区,宁波",1,0,0
吉林,0,0,0,0,0,0,0,0,0,北京,北京,0,1,0
汪先永,1992,1994,1998,2000,2003,2005,0,0,6,北京,"北京,密云县,丰台区",0,0,0
胡衡华,0,0,0,0,0,2008,0,2013,7,湖南,"长沙,西安,新区,衡阳,益阳",1,1,1
白玉刚,0,1990,0,0,0,2000,2016,0,7,"北京,内蒙古","北京,鄂尔多斯,内蒙古自治区,赤峰",0,1,0
刘忻,1993,1995,1995,0,2005,2012,2018,2018,7,"吉林,黑龙江,浙江","哈尔滨,长春,平房区,吉林,太原,牡丹江,杭州",1,1,0
缪瑞林,1987,1989,1991,1996,2001,2006,2013,0,0,江苏,"宿迁,南京,新区",0,1,1
陈伟俊,0,0,0,0,0,2014,2018,0,7,浙江,"湖州,温州",0,1,1
李宏庆,1992,1993,0,0,1994,1996,0,0,6,广西,"玉林,贵港,贺州",1,1,0
钱引安,0,0,0,0,0,2009,2017,0,0,陕西,"西安,宝鸡",0,1,0
王俊强,0,0,1999,2001,0,2005,0,0,0,"广西,云南","柳州,瑞丽,昆明",0,0,1
舒庆,0,1995,1996,2000,0,2010,2016,0,7,"山东,河南","荥阳,郑州,新乡,巩义",0,1,1
兰开驰,0,1982,0,1998,2009,2009,0,0,6,四川,"绵竹,绵阳,德阳,宜宾,雅安",1,1,1
阿布,0,0,1999,2002,2009,2014,0,0,6,西藏,"拉萨,昌都",0,1,0
白玛旺堆,0,0,0,1999,0,2000,2016,0,7,"四川,湖北,西藏","拉萨,昌都",0,0,1
旺堆,1994,1996,0,2000,2013,2015,0,0,6,西藏,"日喀则,林芝",0,1,0
窦万贵,0,0,0,2001,2011,2013,2018,0,7,新疆,"吐鲁番,阿克苏",1,0,1
松吉扎西,0,0,0,0,2014,2016,0,0,6,西藏,那曲,1,0,0
刘志强,0,0,2002,2012,0,2014,0,0,6,"河北,天津","北区,河北区,津,天津",1,0,0
赵世勇,1990,0,1996,2000,0,2007,2020,0,7,"四川,江苏","西昌,达州,德阳,遂宁",0,1,0
李玉刚,0,0,0,1994,2002,2014,0,0,6,黑龙江,"麻山区,双鸭山,鸡西,齐齐哈尔,牡丹江",1,1,0
李希,0,0,1985,1990,1996,2001,2004,2014,8,"辽宁,甘肃,广东,上海,陕西","张掖,延安,上海,兰州",0,0,0
李公乐,0,1985,1992,1994,2004,2008,0,0,6,河南,"郑州,台前县,新区,安阳,濮阳县,巩义,代县,新乡,濮阳,商丘",0,1,1
王建军,0,0,0,0,0,2000,2005,2017,8,青海,西宁,1,0,0
訚柏,0,0,0,0,0,2013,2018,0,7,"云南,青海","楚雄,昆明",0,1,0
彭国甫,0,0,1996,0,2008,2011,2018,0,7,湖南,"岳阳,湘潭,岳阳县,溆浦县,怀化",0,0,1
鲍炳章,0,0,0,2014,0,0,0,0,6,上海,"徐汇区,上海",1,0,1
石泰峰,0,0,1985,0,0,0,2010,2015,8,"河北,内蒙古,江苏,北京,宁夏,山西","榆社县,苏州,北京,内蒙古自治区,宁晋县",1,0,1
鲁毅,0,1982,0,1991,2005,2014,0,0,6,"湖北,广东","深圳,佛山",1,1,1
周联清,0,0,0,0,0,2014,2016,0,7,福建,莆田,1,0,1
赵应云,0,0,1998,2001,2008,2014,0,0,0,湖南,"中方县,常德,邵东县,怀化,永州",0,1,0
任学锋,0,0,0,0,0,0,2008,0,0,"重庆,天津,河北,广东","广州,津,天津,重庆",1,1,1
李明清,1991,1993,0,2000,2003,2014,2018,0,7,"四川,重庆","重庆,津",0,1,1
蒋超良,0,0,0,1984,0,2000,2002,2014,0,"吉林,湖北,湖南","广州,青岛,岳阳,深圳,吉林,崂山区",1,0,1
罗应光,0,0,0,0,0,1995,0,0,6,"云南,广东","楚雄,井冈山,佛山,沧县,玉溪,昭通",0,1,1
贾玉梅,0,0,1986,1992,0,1995,2017,0,7,黑龙江,"鹤岗,佳木斯,哈尔滨,城子河区,鸡西",1,1,0
李江华,0,0,1991,1993,1998,2010,0,0,0,"海南,广东","三亚,儋州",1,1,0
张琦,0,0,0,1991,2003,2008,2014,0,0,海南,"三亚,淮南,儋州,海口",1,1,0
陈军,0,0,0,1984,0,0,0,0,0,海南,,0,0,0
李毅,0,1996,0,2003,2014,2017,2020,0,7,"陕西,黑龙江","渭南,西安,城区,陵县,新区,新城区",0,1,0
徐曙海,0,0,0,1998,2002,2018,0,0,6,江苏,"栖霞区,栖霞,玄武区,南京,建邺区,镇江",0,1,0
曹路宝,0,0,0,1994,2010,2017,0,0,6,"北京,江苏","盐城,下关区,秦淮区,鼓楼区,北京,南京",1,1,0
李世峰,0,2000,0,2011,2014,2020,0,0,6,"黑龙江,江苏","玄武区,南京,武汉,黑河,雨花台区,浦口区",0,1,0
梁维东,1983,0,2004,2007,2011,2016,0,0,6,广东,"城区,佛山,东莞,新区",1,1,1
黄喜忠,1996,0,2000,2008,2012,2018,0,0,6,"江西,广东","城区,清远,佛山,南昌",1,1,0
朱立凡,0,1999,2001,2013,2018,2019,0,0,6,江苏,"张家港,苏州,泰州,昆山,常熟",1,1,1
惠建林,0,0,0,2001,0,2016,2020,0,7,江苏,"苏州,淮安,常熟,南京,平江区,镇江",0,1,0
杜小刚,0,2003,2004,2006,0,2019,0,0,6,江苏,"鼓楼区,太仓,苏州,昆山,南京,沧浪区,无锡",1,1,0
徐惠民,1987,0,1997,2003,2006,2014,0,0,6,江苏,"苏州,吴江,昆山,金阊区,宿迁,南通",0,1,1
倪斌,0,0,0,2000,0,2005,0,0,6,"北京,江苏,天津","天津,靖江,泰州,北京,新区,津,武清区,无锡,镇江",0,1,0
李伟,0,0,0,0,0,0,0,0,0,北京,北京,0,0,1
姜志刚,0,0,0,0,2001,0,2013,0,7,"北京,宁夏","北京,银川,成都",1,0,1
李智远,0,0,2006,2007,0,2018,0,0,6,陕西,"白山,深圳,宝鸡,韩城,铜川",1,1,1
张工,0,0,0,0,0,0,2012,0,0,北京,北京,1,1,1
林克庆,0,1988,0,0,1994,2005,2013,0,7,"北京,台湾,广东","东城区,大兴区,城区,北京",1,1,0
张延昆,0,0,0,0,0,0,2015,0,7,北京,北京,0,1,0
王东峰,1984,0,1987,1989,0,2001,2013,2016,8,"陕西,天津,河北","渭南,天津,西安,津,铜川",1,1,1
段春华,0,0,1992,1997,0,0,2007,0,0,天津,"津,宁河县,天津",0,1,0
曹小红,0,0,0,0,0,0,2013,0,7,天津,"津,天津",1,1,0
何树山,0,0,0,0,2009,0,2013,0,7,"安徽,天津,吉林","天津,新区,吉林,大庆,津",1,1,1
孙文魁,0,1985,0,0,1997,2007,2013,0,7,天津,"静海县,津,天津,宝坻区",0,1,0
温湛滨,1993,0,2002,2006,2011,2016,0,0,6,广东,"广州,城区,东莞,新区,连州,阳江,代县,清远",1,1,1
楼阳生,0,1984,0,1986,1991,1996,2008,2016,8,"湖北,海南,浙江,山西","龙游县,浦江县,丽水,金华,衢州",0,1,0
盛茂林,0,0,0,0,1998,2003,2012,0,0,"湖南,天津,山西","天津,资兴,津,郴州,邵阳",0,0,0
王一新,1992,0,0,0,1996,1999,2013,0,7,"海南,山西",武汉,1,1,1
张复明,0,0,1998,2001,0,0,2013,0,7,"北京,山西",北京,0,0,0
李佳,1985,1986,1990,1994,0,2000,2004,0,8,"内蒙古,辽宁,山西","沈阳,内蒙古自治区",0,1,1
乌兰,0,0,1986,0,0,2000,2003,0,7,"湖南,内蒙古","鄂尔多斯,内蒙古自治区,巴彦淖尔,包头",0,0,0
朱晓东,0,0,0,2007,0,2011,0,0,6,山西,"大同,曲沃县,忻州,永济",1,1,0
孙喆,0,1994,0,0,2003,2007,0,0,0,"海南,浙江","鄞州区,海口,宁波",1,0,0
林北川,0,0,0,1975,2007,0,2017,0,7,"吉林,海南","吉林,海南区,南区,海口",0,0,0
严朝君同志,1988,1994,1997,2000,0,2003,2017,0,7,"海南,贵州,广东","三亚,儋州",0,1,0
李鹏新,1984,0,1985,0,1991,1997,2005,0,7,"青海,内蒙古,新疆",内蒙古自治区,0,0,1
布小林,0,1987,1989,1993,1997,0,2008,2016,8,"北京,内蒙古","北京,内蒙古自治区,阿拉善盟",1,0,1
吴汉圣,1987,0,1994,1997,0,2007,2016,0,0,"北京,吉林,辽宁,山西","北京,吉林,沈阳,营口",0,1,0
谭作钧,0,0,0,0,0,0,2012,0,7,"辽宁,上海","大连,上海",1,0,1
庄严,0,0,2000,2004,0,2010,2012,0,7,"吉林,西藏","吉林,大安,延边朝鲜族自治州",0,1,1
黄关春,1979,0,0,0,1984,2001,2012,0,0,"吉林,湖北,湖南","江汉区,洪湖,孝感,吉林,武汉",0,1,1
隋忠诚,0,1992,0,1994,2001,2003,0,2009,7,"吉林,湖南","通化,长春,吉林,南县,武汉,辉南县",0,1,0
陈润儿,0,0,1985,1987,1994,1999,2006,2016,8,"河南,宁夏,湖南,黑龙江","长沙,娄底,陵县,湘潭,郴州,茶陵县",1,1,1
黄建盛,0,1981,0,1988,1991,1992,2007,2018,8,"黑龙江,江西","吉安,上饶,哈尔滨,崇仁县,鹰潭,万安县,宜春",0,1,0
张效廉,0,0,1995,1998,0,2001,2007,0,0,"北京,黑龙江","北京,房山区,哈尔滨,牡丹江",1,1,1
杨东奇,0,0,0,0,2004,2005,2012,0,7,"山东,黑龙江",哈尔滨,0,0,1
李海涛,0,1992,0,1997,0,0,2004,0,7,黑龙江,"佳木斯,哈尔滨",0,1,1
孙东生,0,0,1999,0,0,0,2008,0,7,黑龙江,哈尔滨,1,0,0
应勇,0,1983,1983,1986,1992,1995,2013,2017,8,"上海,湖北,浙江","绍兴,上海,杭州,台州",0,1,1
尹弘,0,0,1996,0,0,0,0,1998,8,"河南,上海","日喀则,闸北区,长宁区,上海,北区",0,1,1
周波,0,0,0,0,0,0,2013,2013,7,"辽宁,上海",上海,1,1,1
翁铁慧,0,0,0,0,0,0,2013,0,0,上海,上海,0,1,1
时光辉,0,1993,0,2001,2006,2008,2013,0,7,"上海,贵州","奉贤区,静安区,上海",1,1,0
蒋卓庆,0,1986,1987,1992,0,2002,2013,0,0,"江苏,上海","徐汇区,杨浦区,上海",1,1,0
汪一光,0,0,0,0,2006,2014,0,0,6,安徽,"城区,新区,亳州,芜湖,谯城区",1,1,1
王炯,0,0,0,0,0,0,2011,0,0,"安徽,重庆,河南,江苏","武汉,重庆,津",1,0,1
杨林兴,0,0,1994,0,0,1995,0,0,6,"四川,重庆","兰州,重庆,泸州,新区,成都,厦门",0,1,0
男,0,1988,1992,1995,0,2003,2008,0,0,,"无锡,江宁县,南京",0,0,1
樊金龙,0,1990,1994,1994,1996,1999,2011,0,7,江苏,"淮安,无锡,太仓,苏州",1,1,1
王燕文,0,0,1991,1996,0,2001,2011,0,7,江苏,"溧水县,代县,南京,扬州",0,1,0
王立科,0,1993,1998,2002,2007,2008,2013,0,7,"江苏,辽宁","锦州,大连,北镇,北宁,葫芦岛",1,1,1
张古江,0,0,0,0,1997,2008,2017,0,7,河北,"淮南,唐山,承德,邢台",1,1,0
裴伟东,0,0,1989,1998,2009,2014,0,0,6,辽宁,"阜新,大连,辽阳,丹东,葫芦岛",0,1,0
葛慧君,0,0,0,0,0,0,2012,2018,8,浙江,,0,1,0
胡和平,0,0,0,2003,0,0,2008,2016,8,"陕西,浙江",延安,1,0,1
赵一德,0,0,1991,0,2000,2003,2012,0,7,"河北,浙江","西区,温州,温岭,衢州,杭州",0,1,1
袁家军,0,0,0,0,0,0,2014,2017,8,浙江,,1,0,1
熊建平,0,0,0,0,0,0,2007,0,7,"上海,天津,浙江","津,天津,上海",0,1,1
朱从玖,0,0,0,0,0,0,2012,0,7,浙江,,0,0,1
李锦斌,0,0,1984,1989,0,0,0,1992,8,"陕西,安徽,吉林","通化,长春,吉林,辽源,通榆县",1,1,0
徐立全,0,0,1983,0,1985,1998,2003,2017,8,"安徽,湖北","宿州,蚌埠,合肥",0,0,1
邓向阳,0,1987,1992,1993,1998,2006,2013,0,7,"安徽,山东","滨州,威海",0,1,0
方春明,0,0,0,0,1997,2002,2013,0,7,"安徽,广西","安庆,宁国,亳州",1,1,0
于伟国,0,0,0,1973,1991,0,1995,2015,8,"江苏,福建","太仓,厦门",0,1,0
张志南,0,0,0,1991,1997,1997,2008,0,0,福建,"龙岩,三明,上杭县",0,1,0
赵爱明,0,0,0,0,0,0,2013,0,0,"四川,江西",,0,1,1
李炳军,1984,0,0,0,1997,2000,2007,0,7,"山东,江西",赣州,0,0,0
孙伟,0,0,1988,1992,0,2000,2011,0,7,"北京,山东,甘肃,浙江","北京,金华",0,0,0
孙守刚,0,0,1993,0,1997,2006,2010,0,7,"北京,山东,河南","北京,济宁,东营",0,0,1
张超超,0,0,0,1998,2002,2006,2012,0,7,"山东,宁夏","日照,南京",0,1,1
赵素萍,1984,1987,0,0,2001,0,2011,0,0,河南,"济源,郑州,漯河",0,1,0
李亚,0,0,1993,0,1998,2001,2013,0,7,河南,"陕县,洛阳,三门峡,许昌,郑州,永城,商丘",0,1,0
王艳玲,0,0,0,0,0,2009,2013,0,7,"湖北,河南","郑州,南京,濮阳",0,1,1
张昌尔,0,1978,1987,1991,0,1996,2002,2016,8,"安徽,湖北","下陆区,黄石,孝感,大悟县",0,1,0
王晓东,0,0,1983,1992,0,1998,2000,2016,8,"北京,湖北,江西,贵州","北京,贵阳,南昌县,南昌",0,0,0
曹广晶,0,0,1993,1996,0,0,2014,0,7,"湖北,天津","津,天津",1,0,0
梁惠玲,0,0,1984,1994,1997,2006,2013,0,0,"湖北,河北","谷城县,孝感,襄樊,鄂州,南漳县",0,1,0
甘荣坤,0,1987,1991,1993,0,0,2013,0,7,"江西,辽宁,黑龙江,北京,河南,湖北",北京,0,0,0
曾欣,1992,1993,1996,1998,0,2008,2014,0,7,"北京,湖北","北京,哈尔滨",0,0,1
吴政隆,0,0,1993,1996,1999,2002,2007,2017,8,"重庆,江苏,内蒙古,山西","太原,新区,南京,重庆",1,0,0
黄晓薇,0,0,1995,2000,0,0,2014,2018,0,"辽宁,山西","营口,站前区",0,0,0
王伟中,0,1988,1992,1994,1999,2001,2014,0,7,"山西,云南,广东","深圳,太原,昭通",0,1,0
孙金龙,0,0,0,0,0,0,2003,0,0,"安徽,湖南,辽宁,浙江,北京,新疆","武汉,合肥,北京",1,0,1
李微微,0,0,1983,1985,1990,0,2006,2016,8,湖南,"株洲,合作,株洲县,怀化",0,0,0
何报翔,0,0,0,1989,0,0,2008,0,7,"北京,湖南,天津","天津,岳阳,北京,岳阳县,津",0,0,0
张硕辅,0,1988,0,1995,0,1997,2013,0,7,"北京,湖南,云南,广东","娄底,广州,北京,武汉,益阳,永州",1,1,0
黄兰香,0,0,0,1991,2001,2006,2013,0,7,湖南,"北区,株洲,岳阳,石峰区",0,1,0
马兴瑞,0,0,0,0,0,1996,2013,2016,8,"天津,广东","阜新,天津,哈尔滨,深圳,津",1,0,0
李玉妹,0,0,0,1991,1995,1997,2006,2017,8,"山东,广东","莱芜,临沂,平邑县",0,1,0
许瑞生,0,0,0,1998,1999,2003,2011,0,7,"北京,广东","北京,广州,中山,汕尾",1,1,0
林少春,0,1988,1995,1997,2000,2003,2012,0,7,"北京,内蒙古,广东","惠州,广州,井冈山,东莞,北京,延安,内蒙古自治区,阳江,武汉,中山",1,1,1
李春生,0,0,1985,2000,2003,0,2013,0,7,"河南,广东","镇平县,新县,郑州,信阳",0,0,1
唐仁健,0,1987,1989,1990,0,0,2014,2017,8,"北京,四川,广西,甘肃",北京,1,0,0
范晓莉,0,0,1989,1997,0,2003,2011,0,7,"北京,广西","北京,防城港,合作,北海",0,1,0
蓝天立,0,0,1992,0,0,1998,2015,2018,8,广西,"钦州,河池,凭祥",0,1,0
李秀领,0,0,1997,2000,0,2003,2011,2019,8,"云南,海南,内蒙古","南京,内蒙古自治区",0,0,0
毛超峰,0,0,1991,1993,0,2001,2011,0,7,"北京,河南,海南","北京,新郑,周口,焦作",0,1,1
孙新阳,0,0,0,0,0,0,2012,0,0,"江西,海南","西安,海口",0,0,0
王路,0,0,0,0,0,1998,2008,0,7,"天津,海南","青岛,津,海口,天津",1,1,0
陆俊华,1983,1990,1992,1995,1998,2004,2014,0,0,"云南,海南,江西,贵州",,0,0,0
张国清,0,0,0,1993,0,0,2013,2016,8,"重庆,天津","津,天津,长春,重庆",1,1,1
张鸣,0,0,0,0,0,2006,2012,0,7,"安徽,重庆,广西,广东","武汉,重庆,全椒县",0,1,0
刘强,1984,1993,0,0,1995,0,2000,2001,7,"四川,重庆","重庆,中区",1,1,1
柯尊平,0,0,0,0,0,2000,2001,2015,8,"陕西,四川","西安,安康",0,0,1
范锐平,0,0,0,1990,0,2006,2011,0,7,"四川,湖北","钟祥,襄阳,鄂州,成都,武汉,松滋,荆州",0,1,1
吴靖平,0,0,1992,1993,2000,2003,2012,0,7,"吉林,四川,上海","绵阳,吉林,上海",0,0,0
王宁,0,1980,1987,1991,0,1995,2007,0,0,"四川,湖北","南充,新区",0,0,0
刘捷,0,1988,1991,0,1997,2001,2011,0,0,"北京,四川","北京,自贡,宜宾",1,1,1
曲木史哈,0,0,1986,1988,1996,2003,2011,0,7,四川,,0,0,1
甘霖,0,0,1991,1999,2001,2003,2012,0,7,"北京,四川,湖北,广东","珠海,大冶,惠州,长春,新区,北京",1,0,0
李军,0,1987,1990,1993,1994,2003,2004,0,7,"海南,贵州","武汉,贵阳",0,0,0
谌贻琴,0,0,1982,1993,2001,0,2007,2017,8,贵州,铜仁,0,0,1
刘晓凯,1987,1989,1991,1992,1996,1998,2008,2018,8,贵州,毕节,1,0,0
秦如培,0,0,1994,1996,2002,2008,2012,0,7,"广西,贵州","毕节,贵阳,新区",0,0,1
廖国勋,1987,1990,1994,1998,2007,2008,2012,0,7,"浙江,上海,贵州","铜仁,井冈山,凯里,延安,上海,贵阳",0,0,1
张广智,0,0,0,0,0,0,2013,0,7,"陕西,甘肃,贵州",,0,1,0
"慕德贵同志,男,汉族,1959年8月出生,吉林集安人,1982年2月参加工作,1987年5月加入中国共产党,大学学历,项目管理硕士。",0,1984,1990,0,0,1997,2012,0,7,贵州,"安顺,遵义",0,1,0
李江,0,0,0,0,1990,1996,2003,2018,8,"湖南,云南","玉溪,昆明",0,1,0
赵金,0,1991,1994,1995,0,2007,2011,0,7,云南,楚雄,0,0,1
刘慧晏,0,0,0,1998,0,2001,2012,0,7,"山东,云南","淄博,青岛",0,1,0
尹建业,0,0,1990,0,0,2007,2013,0,7,"云南,江西","大理,昆明",1,0,0
吴英杰,1983,0,1987,0,0,2000,2003,2016,8,西藏,"拉萨,林芝",0,0,1
邓小刚,1994,0,1994,1994,1998,2003,2006,0,7,"北京,四川,湖南,西藏","丰台区,北京,通州区,通州,郊区",1,0,1
公保扎西,0,0,0,0,1996,2000,2006,0,7,"西藏,青海","日喀则,拉萨,那曲",0,0,0
董云虎,0,0,0,0,0,0,2011,0,0,"西藏,上海,山西","杭州,上海",0,0,0
梁田庚,1983,1989,1992,1994,1999,0,2012,0,7,"河北,西藏,广东,北京,贵州,广西",北京,0,0,0
丁业现,0,1989,0,0,0,2000,2010,0,7,"山东,西藏",山南,0,0,1
王瑞连,0,1987,1994,1996,2005,2008,2013,0,7,"湖北,江苏,海南,西藏","昌都,山南",0,0,0
王拥军,0,0,1990,1994,1999,2003,2014,0,7,"西藏,山西",南京,0,0,1
甲热•洛桑丹增,0,0,0,0,2000,0,0,0,7,西藏,"拉萨,昌都",0,1,0
边巴扎西,1988,1993,1996,1998,2000,2005,2013,0,7,"山东,西藏","禹城,那曲",0,0,0
多吉次珠,0,1987,0,1997,2005,2006,2013,0,7,西藏,"吉县,拉萨",0,1,1
坚参,0,0,1987,0,0,2004,2013,0,7,西藏,山南,0,0,0
姜杰,0,0,1993,1994,2000,2004,2013,0,7,"山东,西藏","黄岛区,东营,青岛",0,1,0
何文浩,0,1990,1994,1999,0,2013,2013,0,7,"北京,宁夏,贵州,西藏","北京,贵阳",0,0,1
曾万明,0,0,1996,2001,0,2005,2013,0,7,"四川,广西,西藏","彭州,绵阳,内江,合作,成都",1,1,1
江泽林,0,0,0,1994,1996,2000,2002,2018,8,"陕西,吉林,江苏,海南","三亚,吉林,南京,新区",0,1,0
景俊海,0,0,0,0,0,2005,2008,2018,8,"陕西,吉林,北京","西安,吉林,北京,新区",1,1,0
毛万春,0,0,0,0,0,0,2010,2018,8,"陕西,河南,海南","洛阳,延安",0,1,0
庄长兴,0,0,0,0,0,0,2013,0,7,陕西,渭南,0,1,0
王莉霞,0,0,0,0,0,2011,2013,0,7,"陕西,内蒙古,辽宁","西安,呼和浩特,厦门,内蒙古自治区,铜川",1,1,0
盛阅春,0,0,0,0,0,2018,0,0,6,浙江,绍兴,1,1,0
欧阳坚,0,0,1991,1994,0,2001,2011,2018,8,"云南,甘肃","丽江,昆明",0,0,0
咸辉,0,1986,1988,1993,2004,0,2007,0,8,"宁夏,甘肃","兰州,定西",0,0,1
冉万祥,0,1988,1995,1998,2001,2009,2012,0,7,"甘肃,河北",临夏,0,0,0
李荣灿,1993,1994,1995,1998,0,0,2013,0,7,"北京,江西,甘肃","北京,合作,兰州,新区",1,1,0
黄强,0,0,0,0,0,0,2014,0,7,"河南,甘肃,上海","西安,上海,深圳",1,0,1
多杰热旦,0,0,0,0,1990,1996,2007,2018,8,"海南,青海",,1,0,1
马顺清,0,1983,0,1995,2000,2002,2008,0,7,"宁夏,天津,青海","宁国,天津,西宁,津,东区",0,1,1
王晓,0,0,1995,1995,1997,0,2013,0,7,"山东,青海","西宁,青岛",0,1,0
旦科,0,0,1992,1995,2000,2001,2012,0,7,"青海,海南,西藏","代县,南县,和县",1,0,0
张建民,0,0,0,0,0,2003,2008,0,0,"青海,内蒙古,山西","太原,内蒙古自治区",0,0,1
严金海,0,0,0,0,1998,2005,2013,0,7,青海,,0,0,0
匡湧,0,0,1994,0,2004,2007,2014,0,7,青海,西安,0,0,0
崔波,0,0,0,1984,0,1991,2003,2018,8,"山东,宁夏","银川,城区,济宁,曲阜",0,1,1
王雁飞,1986,0,1988,1994,2001,0,2013,0,7,"北京,四川,宁夏,河北","北京,平山县,邢台",0,0,0
王和山,0,0,1996,1999,0,2003,2013,0,7,宁夏,,0,0,0
车俊,0,0,0,0,0,0,0,1973,8,"安徽,河北,浙江,新疆","丰县,合肥,石家庄",1,1,1
韩勇,0,0,0,1980,1991,1997,2004,2016,8,"陕西,吉林,新疆","松原,吉林,九台,榆树",1,1,1
肖开提·依明,0,0,0,0,1991,0,2004,2018,8,"陕西,新疆",吐鲁番,0,0,1
尔肯江·吐拉洪,0,1999,0,0,0,0,2008,0,7,"湖北,新疆",塔城,0,0,0
李学军,0,1980,1988,1994,0,1997,2013,0,7,新疆,"灯塔,乌鲁木齐,昌吉",0,0,1
艾尔肯·吐尼亚孜,0,0,1991,1993,2005,0,2008,0,7,"陕西,新疆","和田,昌吉",0,0,0
吉尔拉•衣沙木丁,0,0,0,1994,2005,2008,2013,0,7,"天津,新疆","天津,喀什,乌鲁木齐,津,阿克苏",0,1,0
田文,0,0,0,0,0,2005,2013,0,7,新疆,,0,0,1
俞东来,0,1988,0,1997,2002,2012,0,0,6,浙江,"拱墅区,萧山区,江干区,新区,舟山,杭州",1,1,0
徐文光,0,1998,2000,2002,0,2012,0,0,6,浙江,"诸暨,富阳,余杭区,上虞,衢州,杭州",0,1,1
钱三雄,0,1995,2002,2009,0,2013,0,0,6,"河北,浙江","兴县,邢台,绍兴,诸暨,城区,温州,越城区,湖州,绍兴县,杭州",0,1,1
罗佳明,0,0,1990,0,0,1998,0,0,0,四川,"眉山,乐山,峨眉山",0,1,0
李旭阳,0,0,0,2003,2012,2020,0,0,0,,"赵县,行唐县,石家庄,平山县,桥东区,东区,唐县",0,0,0
赵俊民,1998,0,1999,2002,2013,2017,0,0,6,陕西,"西安,安康,新区",0,1,0
陈豪,0,1983,0,0,1993,1999,0,2014,8,"江苏,云南,上海","上海,海门,静安区,临江",1,0,1
陈吉明,0,0,1987,1998,2003,2014,0,0,0,四川,"资阳,自贡",1,1,1
陈奕君,0,0,1995,2000,2002,2011,2019,0,7,浙江,"北仑区,鄞州区,海曙区,台州,宁波",0,1,0
毛宏芳,0,0,0,0,0,2017,0,0,6,浙江,"北仑区,嘉兴,宁波",0,1,1
姚奕生,0,0,0,2002,2006,2017,0,0,6,广东,"珠海,广州",0,1,1
田庆盈,1989,1999,0,2003,2009,2017,0,0,6,山东,"历下区,历城区,城区,槐荫区,莱芜,青岛,济南,天桥区,潍坊",1,1,1
石奇珠,0,0,1998,2000,2009,2015,0,0,0,,"广州,增城,汕尾",0,0,1
马文田,0,1999,2000,2001,2005,2017,0,0,6,"河南,广东","广州,沙区,周口,武汉,汕头,中山",0,1,1
叶牛平,1993,1994,1999,2000,0,2010,0,0,0,"安徽,广东","广州,揭阳,深圳,增城,中山",1,1,0
丁红都,0,0,0,0,0,2011,0,0,6,广东,"广州,沙区,河源",0,0,1
赵革,0,0,0,0,0,2017,2019,0,6,"黑龙江,河北","廊坊,哈尔滨",1,1,0
马长青,1989,1991,1992,1999,2006,0,0,0,0,贵州,"贵阳,新区",0,1,0
郭社荣,0,0,0,0,2005,2011,0,0,0,陕西,宝鸡,0,1,1
张晓强,0,1998,0,2003,0,2015,0,0,6,浙江,"景宁畲族自治县,汕尾,诸暨,绍兴,德清县,庆元县,丽水,台州,遂昌县,代县",1,1,0
果果,0,0,1995,2007,2010,2016,0,0,6,西藏,拉萨,0,1,0
王立,0,1988,0,1999,2012,2015,0,0,6,湖北,"武汉,鄂州,武昌区",0,1,0
王文力,1996,0,2000,2004,2010,2017,0,0,6,黑龙江,"双城,城区,哈尔滨,阿城,呼兰县,牡丹江",0,1,1
吴祖云,0,0,0,2002,2011,0,0,0,4,"湖北,上海","洪湖,荆州区,潜江,上海,武汉,荆州",0,1,1
王立奇,0,0,2005,2007,2008,2012,0,0,6,甘肃,"酒泉,南岗区,伊春,铁力,哈尔滨,平房区,新区,齐齐哈尔",1,1,0
1987.07——1988.07长沙市东区浏正街派出所民警；,0,1995,0,2007,0,2016,0,0,6,湖南,"长沙,沙县,娄底,龙山县,长沙县,代县",0,1,1
曹立军,0,0,1998,2000,0,2011,0,0,6,湖南,"浏阳,长沙,天心区,常德,湘潭,新区",0,1,0
胡玖明,1997,1998,2001,2004,0,0,0,0,0,湖北,"仙桃,郧县,十堰,武汉,代县",0,1,0
刘小涛,0,1995,0,2004,2012,2016,2020,0,7,"浙江,广东","潮州,汕头,茂名",1,1,0
杨兴铭,2000,2002,2008,2013,0,0,0,0,4,"湖北,西藏","保康县,天门,襄阳",1,1,1
梅世彤,0,0,0,0,2003,2011,0,0,6,河北,"南皮县,任丘,沧州",0,1,0
张建东,0,0,0,0,0,0,2014,0,7,北京,北京,0,1,1
吕志成,0,0,2001,2006,2015,2017,0,0,6,"河北,辽宁","阜新,邢台,衡水,桥东区,威县,新区,清河县,东区",0,1,1
庄光明,0,0,0,2005,0,2015,0,0,4,湖北,"宜昌,天门,宜都",1,1,0
郭永航,0,1992,0,1994,2010,2015,0,0,6,广东,"珠海,武汉,深圳",1,0,0
李郁华,1995,1998,0,0,2014,2017,0,0,0,浙江,"东阳,石嘴山,银川,金华",0,1,1
欧阳卫民,0,1992,1994,1996,0,2003,2013,0,0,"湖南,广东","广州,城区,增城,厦门",0,1,1
姜宏,0,1993,0,2006,0,2018,0,0,6,"北京,内蒙古","红山区,赤峰,北京,呼伦贝尔,内蒙古自治区,通辽,科尔沁区",0,1,0
历任临武县同益乡政府干部（兼任三村村党支部书记）,0,0,0,0,0,0,0,0,0,,,0,0,1
王震,0,0,0,1998,0,2011,0,0,6,"上海,山西","长子县,尧都区,虹口区,侯马,长治,晋城,上海,临汾",1,1,0
熊安台,1990,1992,1996,2013,0,0,0,0,5,"湖南,江西","鹤城区,城区,辰溪县,怀化,景德镇",1,1,0
林长洲,0,0,2006,2011,0,0,0,0,0,湖北,"钟祥,沙洋县,潜江,任县,东宝区",0,1,1
周志红,0,0,2002,2011,2017,0,0,0,4,湖北,"仙桃,武汉,荆门,京山县",0,0,0
杨绪松,1991,0,0,2000,2001,2008,0,0,0,湖北,"武汉,新区,汕尾,深圳",0,1,0
姜建军,0,0,1990,1995,2010,2017,0,0,6,"北京,上海,广东","长沙,新区,北京,深圳,上海,南山区,湛江",1,1,0
余珂,0,2003,0,2011,0,0,0,0,4,湖北,"仙桃,通山县,咸宁,嘉鱼县",0,1,1
李大义,1991,1992,1996,2006,0,2015,0,0,6,黑龙江,"穆棱,鹤岗,绥芬河,宁安,东宁县,牡丹江",1,1,0
汤方栋,0,0,0,0,0,2016,0,0,6,辽宁,盘锦,1,1,0
王林虎,0,1995,2000,2003,2011,2018,0,0,6,青海,"海东,西宁",1,1,1
王健,0,0,1996,2001,2006,2016,0,0,6,"辽宁,西藏","沈阳,南区,大东区,新区,苏家屯区,东区,葫芦岛,新城子区",0,0,0
张新文男,0,0,0,2001,0,2019,0,0,6,山东,"济南,菏泽",1,0,1
俞成辉,1991,0,1994,2006,2011,2014,2018,0,7,甘肃,兰州,1,1,1
王一兵,0,0,1997,2002,0,2008,0,0,6,辽宁,"沈阳,西区,于洪区,康平县,南区,大连,辽阳,新区,武汉,铁西区",1,1,1
林红玉,0,2001,2004,0,2007,2018,0,0,6,山东,"烟台,荣成,济宁,威海,潍坊,环翠区,莱阳,蓬莱,寿光",0,1,1
贺志亮,0,1995,2003,2008,2011,2018,0,0,6,"吉林,内蒙古","临河区,开鲁县,吉林,内蒙古自治区,巴彦淖尔,通辽",1,1,0
谢卫东,0,0,0,0,0,2019,0,0,6,辽宁,朝阳,0,1,0
齐家滨,0,0,0,0,0,2005,0,0,6,,"日照,青岛,常州,济南,崂山区",1,1,1
于学利,1990,0,2003,2010,0,2015,0,0,6,辽宁,"兴城,锦州,葫芦岛,建昌县,临海",1,1,1
杨洪涛,1988,1997,2002,2007,2015,2019,0,0,6,山东,"聊城,青县,高青县,博山区,德州,淄博,淄川区",0,1,1
张霁,1983,1998,0,2011,0,0,0,0,0,"陕西,海南","海口,汉中",0,0,0
贠建民,0,1989,1996,2001,0,2001,2018,0,7,甘肃,庆阳,0,1,0
隋显利,0,1992,0,2006,2013,2019,0,0,6,辽宁,"灯塔,本溪,铁岭,辽阳",1,1,0
赵凌云,1995,1998,2002,2005,0,2014,0,0,6,甘肃,,1,0,0
王为人,0,0,0,0,0,2014,0,0,6,上海,"长宁区,上海",0,1,0
杨斌,0,0,0,0,0,2014,2017,0,7,北京,"北京,通州区,通州",1,1,1
王会勇,0,1989,0,1997,2004,2010,2018,0,0,"河北,新疆","邯郸,邢台,邢台县,廊坊,宁晋县",0,1,1
张瑞书,0,0,1992,2001,0,2002,0,0,6,"河北,辽宁","阜新,秦皇岛,邯郸,矿区,峰峰矿区",1,1,0
曾赞荣,0,0,0,0,2012,2014,0,0,6,北京,"通州区,房山区,通州,北京",1,0,0
董仚生,1984,1985,0,0,1992,1996,2014,0,7,"江西,河北","南昌,上饶,鹰潭,宜丰县,丰县,高安,宜春",0,1,1
李水华,0,0,0,1997,0,2006,0,0,0,广东,"喀什,广州,揭阳,潮州,肇庆,中山,四会",0,0,1
唐海龙,0,0,0,0,1988,0,0,0,6,"北京,上海","崇明县,北京,海城,上海,代县,奉贤区",1,0,0
杨博,0,0,0,1995,0,2010,0,0,6,"黑龙江,内蒙古","伊金霍洛旗,满洲里,鄂尔多斯,佳木斯,阿拉善盟,锡林郭勒盟,内蒙古自治区,呼伦贝尔",1,1,0
许南吉,2002,2005,2010,2014,0,2015,0,2016,6,"江西,福建","福州,福清,长乐,新区,厦门,宜春",1,1,0
杨发森,0,0,0,2014,2017,2018,0,0,6,新疆,"阿克苏,和田",0,1,0
王国和,0,0,1994,1997,2016,0,0,0,0,"河南,新疆","开封,乌鲁木齐,新区,武汉,东区,昌吉",1,0,1
邱树华,0,0,1996,2002,2011,2015,2018,0,7,新疆,"阜康,乌鲁木齐,昌吉",1,0,1
张集智,0,1999,2005,2007,2015,2017,0,0,6,贵州,"仁怀,大同,遵义,赤水,毕节,六盘水",0,1,1
胡启生,0,0,2007,2007,0,2015,0,0,6,"北京,安徽","合肥,滁州,铜陵,巢湖,北京,蜀山区,包河区,芜湖",0,1,0
孙勇,0,0,0,0,0,0,0,0,6,安徽,黄山,0,1,0
贺一诚,0,0,0,0,0,0,0,0,0,,,0,0,0
薛斌,0,0,1995,2001,2016,2017,0,0,6,"上海,新疆","塔城,乌鲁木齐,吐鲁番,上海,库尔勒",0,1,1
张岩,0,0,0,2012,0,2017,0,0,6,新疆,"阿勒泰,塔城",1,0,0
何永慧,1994,0,2002,2006,2015,0,0,0,0,新疆,"石河子,昌吉,哈密",1,0,1
李成辉,1996,2000,2001,2008,0,2017,0,0,6,"福建,新疆","哈密,阜康,喀什,昌吉",1,1,1
杨浩东,0,0,0,0,0,2014,0,0,6,云南,临沧,0,1,0
杜航伟,0,0,0,0,0,0,2014,0,0,陕西,,0,0,1
刘赐贵,0,0,1983,1988,1993,2002,2007,2015,8,"海南,福建","龙岩,莆田,光泽县,邵武,厦门",0,1,1
安征宇,1994,1996,0,2001,2015,0,0,0,0,"四川,新疆","乌鲁木齐,成都",1,0,1
帕尔哈提·肉孜,0,0,0,0,2015,0,0,0,0,新疆,喀什,0,0,0
董卫民,0,0,1998,2001,0,2005,0,0,6,"湖北,浙江","黄冈,黄石,义县,红安县,武义县,任县,十堰,延安,蕲春县",0,1,0
王刚,0,0,0,0,2016,2017,0,0,6,新疆,克拉玛依,1,1,0
王洪海,1996,1997,2001,2006,2011,2016,0,0,6,天津,"蓟县,津,天津,宝坻区",0,0,1
谢坚钢,0,0,0,2015,0,0,0,0,6,上海,"杨浦区,上海",1,0,1
庞庆波,0,0,0,0,0,2015,0,0,6,吉林,"吉林,白城",1,0,0
王宇,0,0,0,0,2018,0,0,0,0,,"东区,四平,铁东区",0,1,0
蔺雪峰,0,0,2014,2015,0,2015,0,0,6,天津,"静海县,津,天津",0,0,0
王少玄,0,0,0,0,2003,2008,0,0,6,"北京,江西","北京,吉安,合作,赣州",0,1,0
王子联,0,1996,0,0,2009,2013,0,0,6,吉林,"白山,松原,吉林,公主岭,四平,梅河口",0,1,0
李德金,0,0,0,1997,2002,2008,2017,0,7,福建,"龙岩,仙游县,莆田",0,1,0
李建中,0,0,0,1984,0,2003,2015,0,7,"安徽,河南","安阳,龙安区",0,0,1
才让太,0,1999,2000,2000,2011,2015,0,0,6,"海南,青海","南县,东营",1,0,0
姚增科,0,0,0,0,0,0,2015,2018,8,"北京,天津,江西","北京,津,井冈山,天津",0,0,0
杨茂荣,0,0,0,0,2002,2015,0,0,6,天津,"北辰区,天津,东丽区,西青区,新区,津",0,0,1
陈浙闽,1986,0,0,1993,0,2004,2016,0,7,"甘肃,天津","津,天津,宝坻区",0,0,1
夏科家,0,0,2014,2015,0,0,0,0,6,上海,"青浦区,上海",0,0,0
胡卫国,0,0,0,2015,0,0,0,0,6,上海,"上海,金山区",0,0,1
艾丽华,0,0,0,0,2002,2015,2017,0,7,"北京,内蒙古","赤峰,北京,乌兰察布,乌兰察布盟,翁牛特旗,内蒙古自治区,乌海,通州区,通州",0,1,0
万新恒,0,0,0,0,0,2003,0,0,6,"北京,宁夏","北京,石景山区,中卫",1,1,0
马世忠,0,1986,1992,1996,2001,2007,2015,0,0,"山东,甘肃,吉林","天水,平凉,青岛,安丘,吉林,潍坊,北区",0,1,1
雷春美,0,0,0,0,1993,2001,2012,0,0,福建,"龙岩,南平,厦门,福州",0,1,0
赵豪志,1991,1993,2000,2002,2007,2015,0,0,0,山东,"东营,河口区,广饶县",0,1,0
郑栅洁,0,0,0,0,0,0,2015,0,7,"台湾,福建,浙江",宁波,0,0,0
孙立成,0,0,1992,1993,2001,2013,2015,0,7,"山东,贵州",济南,0,0,1
严植婵,0,0,1985,1999,2003,2011,2017,0,0,"安徽,广西,广东","中山,揭阳,湛江",0,0,1
侯红,0,0,0,0,2006,2010,0,0,6,河南,"郑州,开封",0,1,0
王浩,0,0,0,0,0,0,2017,0,7,"陕西,山东,河北","西安,唐山,烟台",0,1,0
周连华,0,0,1990,1999,0,2002,0,0,0,山东,"垦利县,津,淄博,东营",0,1,0
庄稼汉,0,0,1993,1996,0,2009,2016,0,7,"四川,福建","彭州,南平,厦门",0,1,0
刘星泰,1989,1992,2000,2003,2006,2015,2018,0,7,"山东,海南","沾化县,无棣县,日照,滨州,淄博",0,1,1
杨克宁,0,1997,0,2002,0,2015,0,0,6,四川,,1,0,0
李明远,0,0,0,0,0,2001,2019,0,7,陕西,"西安,渭南",1,1,0
李峰,1985,1993,1998,2001,2004,2015,0,0,6,,"费县,临沂,临沭县,枣庄,莱阳,罗庄区",1,1,0
杨宁,0,1986,0,1997,2003,2015,2016,0,0,云南,"楚雄,曲靖,大理,昆明",0,1,0
曹邦兴,0,1998,2010,2015,0,0,0,0,4,"北京,四川,重庆","重庆,北京,朝阳区,代县,朝阳",0,0,0
张秀兰,0,0,2001,2002,2006,2015,0,0,6,"云南,上海",上海,0,0,0
黄宗林,0,0,2009,2015,0,0,0,0,4,"四川,重庆,安徽","重庆,迁安",0,0,1
赖泽华,0,0,0,0,0,2015,0,0,6,广东,"新区,肇庆,中山,河源",0,1,0
武玉嶂,0,0,1993,1995,2001,2008,0,0,0,青海,,1,0,1
孔晓宏,0,1993,1996,0,2003,2015,0,0,6,安徽,"滁州,亳州,黄山,淮北,宣城",1,1,0
王小平,0,0,1989,1997,2005,2006,0,0,6,河南,"郑州,鹤壁,宝丰县,焦作,城区,平顶山,新城区,山城区,巩义,浚县,新乡,丰县,郊区",1,1,1
张鸿星,0,1990,2001,2003,2008,2015,0,0,6,江西,"抚州,信州区,南昌,上饶,上饶县,婺源县",1,1,1
刘超,0,1994,2000,0,2002,2009,0,0,6,"北京,四川,天津","天津,绵阳,新区,北京,津,成都",0,1,0
周仲明,0,1988,0,1993,2001,2015,2018,0,7,河北,"保定,唐山,合作,涞源县,承德,蠡县",0,1,0
马承祖,0,1984,1991,1991,2000,2006,0,0,6,江西,"珠山区,浮梁县,南昌,上饶,景德镇",0,1,0
尹力,0,0,1994,1997,2003,2006,2015,2016,8,"山东,四川,上海","合作,上海",1,0,0
王书坚,0,0,1988,1988,1995,2003,2015,0,7,"山东,西藏","日喀则,烟台,青岛,博山区,淄博",0,1,0
蓝佛安,0,1988,1993,0,1999,2001,2016,0,7,"湖北,海南,广东","韶关,东莞",0,1,0
张常荣,1988,1992,0,2000,2010,2013,0,0,6,"黑龙江,新疆","阿勒泰,鹤岗,鸡西",1,1,0
赵辉,1989,0,0,0,2001,2015,0,0,0,"四川,浙江","深圳,攀枝花,德阳",1,1,1
李杰翔,0,0,1986,2000,2007,2013,2017,0,7,"海南,内蒙古,青海","石拐区,霍林郭勒,包头,土默特右旗,青山区,呼和浩特,内蒙古自治区,通辽",1,1,0
王显刚,0,0,1995,0,0,0,1997,0,7,"四川,云南,重庆","津,代县,重庆",0,1,1
梁伟年,0,0,1984,0,0,1996,2015,0,7,湖北,"武汉,孝感,随州,十堰",0,1,0
徐刚,0,0,0,0,0,2019,0,0,6,"河北,天津","北区,河北区,津,天津",0,0,0
岳亮,0,0,0,0,0,2015,0,0,6,"陕西,山西","西安,咸阳",0,0,0
杨长亚,1990,1991,1993,1997,2002,2013,0,0,6,陕西,"铜川,商洛",1,1,0
施小琳,0,2001,2006,2015,0,0,2017,0,7,"江西,上海","闸北区,南汇区,虹口区,上海,北区,临汾,普陀区",0,0,0
陈星,0,1990,1998,2000,2008,2015,0,0,6,河南,"柘城县,驻马店,济源,夏邑县,郑州,民权县,商丘",1,1,1
裘东耀,0,0,0,0,2010,2015,2017,0,7,"浙江,新疆","湖州,阿克苏,宁波",1,1,1
王立平,0,0,0,0,0,2015,0,0,0,,辽源,0,1,0
马卫光,0,0,0,0,0,2016,0,0,6,浙江,绍兴,0,1,0
马学军,1986,1988,0,1992,2000,2004,2015,0,7,"甘肃,内蒙古,新疆","临夏,平凉,内蒙古自治区",0,1,0
肖毅,0,0,1992,1996,0,2003,2018,0,7,"北京,江西","抚州,崇义县,瑞金,义县,上犹县,北京,南县,龙南县,赣州",0,1,1
喻云林,0,0,1990,1998,0,0,2015,0,7,"广西,天津","津,天津",0,0,1
刘非,0,0,0,0,0,2010,0,0,6,"吉林,湖南","吉林,合作,娄底",1,1,0
徐立毅,0,1983,0,0,1992,2012,2017,0,7,"河南,浙江","温州,余杭区,江干区,鄞州区,余姚,郑州,杭州,宁波",0,1,1
陈飞,0,0,2000,2007,0,2012,0,0,6,山东,"德州,新区,青岛,烟台",1,1,0
胡光辉,0,1985,1993,0,0,2004,2015,0,7,"湖南,海南",宁乡县,0,0,0
张西明,0,0,0,0,0,0,2015,0,7,"安徽,青海",,0,0,0
魏树旺,0,0,1996,0,2010,2014,0,0,6,"北京,河北,贵州","保定,望都县,遵义,北京,六盘水",0,1,0
张柱,1991,1994,0,2000,0,2007,2017,0,7,宁夏,"固原,中卫",0,0,0
孙珅,1991,0,0,2000,0,2000,2018,0,7,黑龙江,"齐齐哈尔,哈尔滨",0,1,0
韩建华,0,0,0,0,0,2003,2015,0,0,青海,"西安,西宁",1,1,1
于军,0,0,0,1995,2002,2015,0,0,6,"北京,贵州","北京,六盘水,海淀区",1,0,1
徐江,0,1992,1996,1998,2010,2015,0,0,6,"四川,重庆","北区,重庆,合作",0,0,0
喜清江,0,0,0,0,0,2013,0,0,6,宁夏,吴忠,0,1,0
鸟成云,0,0,1995,1998,0,2002,2018,0,7,青海,海东,1,1,0
卫岗,1989,0,1994,2009,0,2017,0,0,6,云南,瑞丽,0,1,1
马志勇,1990,1993,1996,1998,0,2000,0,0,0,"吉林,黑龙江","七台河,哈尔滨,吉林,太平区,鸡西,牡丹江",0,1,0
常书铭,0,0,0,0,0,0,0,0,6,山西,晋中,0,1,1
冷杰松,0,0,0,0,0,0,2015,0,0,"内蒙古,山西","内蒙古自治区,兰州",0,0,0
邓勇,0,0,0,0,0,2010,2015,0,7,"北京,四川,新疆","北京,石家庄",0,0,1
蔡振红,0,0,1992,1996,0,0,2015,0,0,"山东,湖南",合作,1,1,0
房灵敏,0,0,1983,1996,0,0,2015,0,7,"广西,西藏",,0,0,1
王双全,0,0,0,0,0,0,2018,0,7,浙江,,0,0,1
杨元忠,0,0,0,1993,2003,2015,0,0,0,"甘肃,内蒙古","临夏,内蒙古自治区",0,0,0
江夏,0,1998,0,2003,2010,0,0,0,4,"四川,重庆","重庆,津,新区",0,0,1
殷勇,0,0,0,0,0,0,2018,0,7,北京,北京,1,1,1
左永祥,0,0,0,0,0,0,0,1991,6,"四川,重庆","重庆,中区,寿县",1,1,1
杨照辉,0,0,0,0,0,2015,0,0,0,,普洱,0,1,0
丁绣峰,0,1994,1995,1997,2009,2015,0,0,6,河北,"唐山,衡水,新区,平乡县,沧州",0,1,0
董保同,0,0,1992,0,1997,2008,0,0,0,"北京,云南","北京,曲靖,昆明",1,1,0
彭宇行,0,0,0,0,0,2009,2017,0,0,四川,"绵阳,内江,成都",1,1,1
纪峥,0,0,0,0,0,1996,2015,0,0,"宁夏,新疆","银川,吴忠,固原,中卫,灵武",0,1,0
崔述强,0,0,1989,1992,0,2013,2017,0,7,北京,"北京,兴县,海淀区",1,1,0
康涛,0,0,0,0,1989,2011,0,0,6,福建,"厦门,南京,泉州,集美区",0,1,0
张旭晨,0,0,1999,0,2007,2010,0,0,6,甘肃,"白银,陇南,兰州",0,1,0
崔枫林,1990,0,0,0,0,1998,2017,0,7,辽宁,"葫芦岛,大连,本溪",1,1,1
普布顿珠,0,2000,2002,2005,2012,2016,0,0,6,西藏,"那曲,拉萨,山南",0,1,1
杨智,0,1986,0,1998,2005,2013,0,0,0,湖北,"黄冈,伍家岗区,宜昌,荆州",1,1,1
任晓春,0,1985,1993,1999,0,2002,0,0,0,四川,"内江,合作,南充,阆中",0,1,0
刘和生,0,1984,1992,2000,2006,2015,0,0,0,湖南,"攸县,娄底,祁东县,岳阳,郴州,株洲",0,1,0
陈勇,0,0,0,0,1993,2001,0,0,0,山东,"济南,周村区,德州,淄博,桓台县",0,0,0
王边疆,0,0,0,0,0,0,2015,0,0,辽宁,,0,0,0
王贺胜,0,0,0,0,0,0,2015,0,7,"湖北,天津","津,天津",0,0,1
余长明,1984,1989,0,1998,2004,2012,0,0,6,"四川,重庆","绵阳,重庆",0,0,0
朱中奎,0,0,0,0,2015,2017,0,0,6,西藏,,0,0,0
吴德军,1990,1996,1999,2005,2013,2015,0,0,0,青海,,1,0,1
李伟,0,0,0,0,0,0,2018,0,7,新疆,,0,0,0
杨自力,1991,0,1993,0,1998,2015,0,0,0,"四川,河南","攀枝花,遂宁,自贡",1,1,1
宋军继,0,0,1995,2000,0,2004,0,0,0,山东,"烟台,聊城,淄博,蓬莱,海阳",0,1,0
陆晓栋,0,0,2015,2015,0,0,0,0,6,上海,"静安区,上海",1,0,0
阚吉林,0,1997,0,0,2000,0,0,0,4,重庆,"北区,重庆",0,0,0
梁桂,0,0,1996,1998,2002,0,2013,0,7,"陕西,安徽,上海","阜阳,浦东新区,上海,新区",1,0,1
冉华章,0,0,2003,0,2011,2016,0,0,6,"四川,重庆",重庆,0,0,0
刘芳震,0,0,0,0,2015,2015,0,0,6,湖北,恩施,0,1,1
李国英,0,0,1991,1992,0,1999,2001,2016,8,"安徽,黑龙江",,0,1,0
代钦,0,0,2000,2006,2008,2011,0,0,0,"内蒙古,广东","兴安盟,江门,阿拉善盟,锡林郭勒盟,内蒙古自治区,锡林浩特",1,1,0
毛伟明,0,1991,0,1998,0,2001,2013,0,0,"江苏,江西,浙江","武进,常州,泰州",1,1,1
王黎明,0,1982,0,1991,0,0,2015,0,7,"甘肃,青海",酒泉,1,0,0
胡家福,1992,1993,1994,1997,2000,2011,2015,0,7,"北京,吉林,山东","北京,吉林",0,0,1
罗永纲,0,1986,1993,0,2007,2015,2016,0,0,"湖北,内蒙古","鄂尔多斯,呼和浩特,内蒙古自治区,巴彦淖尔,东胜区,通辽,土默特左旗",0,1,0
胡焯,1983,1992,1994,0,2005,2011,2015,0,7,"江西,广西,甘肃","于都县,南昌",0,0,0
"雍成瀚,男",0,0,0,0,2003,2015,0,0,0,安徽,"合肥,芜湖,池州",1,1,0
傅奎,0,1986,1989,1994,0,2005,2014,0,7,"北京,江苏,湖南","北京,句容,合作,句容县",0,0,0
林武,0,0,0,0,0,2005,2015,2019,8,"吉林,湖南,江西,山西","吉林,娄底,湘潭",1,1,0
陈晏,1995,1997,2002,2005,2012,2015,0,0,6,贵州,"铜仁,贵阳,新区",1,1,0
吕玉印,0,1998,2001,2005,2009,2014,0,0,6,,"深圳,肇庆,新区",0,1,0
肖亚非,0,0,1993,2001,2011,2018,0,0,6,"江西,广东","深圳,中山,东莞",1,1,0
林彬杨,0,0,0,2000,0,2008,0,0,6,"江西,新疆","抚州,临川区,黎川县,新余,九江,代县",1,1,1
王成国,0,0,0,0,0,2014,0,0,6,北京,"北京,平谷区",1,0,1
向业顺,0,0,1998,2015,0,0,0,0,4,"四川,重庆",重庆,0,0,1
杨斌,0,0,0,0,0,2015,0,0,0,云南,楚雄,0,0,1
张志军,0,0,0,1998,2001,2012,2019,0,7,吉林,"白山,吉林,辽源,长春",0,1,0
齐建新,0,0,0,0,0,2015,0,0,6,云南,,1,0,0
曾一春,0,1987,1987,1993,0,2003,2015,0,0,"内蒙古,宁夏,河北","津,涿州,内蒙古自治区",0,0,0
彭佳学,0,0,0,0,0,2015,2018,0,7,浙江,绍兴,1,1,0
孙志刚,0,0,0,0,1992,1993,2002,2015,8,"安徽,河南,上海,贵州,湖北","荥阳,汉阳区,宜昌,上海,武汉",1,1,0
刘虎山,0,0,0,1987,2014,2015,0,0,6,西藏,"日喀则,成都",0,1,0
谢元,0,0,0,0,0,0,0,0,6,天津,"津,天津,东丽区",1,0,0
董华,0,0,0,1993,0,0,2015,0,7,云南,,1,0,1
姚国华,0,1993,1995,1998,2007,2008,0,0,0,云南,普洱,0,1,1
王凤波,0,0,0,0,0,2015,0,0,6,辽宁,"沈阳,辽阳",0,1,0
王喜良,0,0,0,0,0,2015,0,0,6,云南,昆明,1,1,0
葛海鹰,0,0,0,0,0,2015,0,0,0,辽宁,"抚顺,丹东",1,1,0
董晓宇,0,0,2000,2008,2013,2015,0,0,6,河北,"保定,曲阳县,邢台,衡水,清苑县,廊坊,涿州",0,1,0
潘临珠,0,0,1995,1996,0,1999,0,0,6,"北京,宁夏,山西","石嘴山,北京,代县,密云县,临汾,怀柔区",1,1,0
陈向群,1983,1988,1991,1994,1998,2002,2008,0,7,"湖南,辽宁,吉林,广西,山西","北海,柳州,南宁,深圳,吉林,玉林",1,1,0
蒲继承,0,0,2003,2015,2016,2017,0,0,6,"四川,重庆","重庆,合作",0,0,1
郭大进,0,0,0,0,0,2008,0,0,6,"北京,云南","西安,北京,昭通",1,1,1
姜有为,0,0,1995,0,2005,2009,2015,0,7,"吉林,辽宁","吉林,沈阳,辽源,白山",1,1,0
苗雨丰,0,0,0,0,0,0,2015,0,0,吉林,吉林,0,0,0
赵海山,0,0,0,0,0,2006,2015,0,7,"北京,湖北,天津","北京,津,天津",1,1,1
傅明先,0,0,0,1994,2013,2015,0,0,6,山东,"李沧区,济宁,青岛,胶州,崂山区,城阳区",1,1,1
王灏,0,0,0,0,0,0,0,0,6,北京,"北京,朝阳,朝阳区",1,0,1
董一兵,0,1989,0,1998,2004,2015,0,0,6,山西,"运城,忻州,朔州,夏县,临汾,阳泉,稷山县",0,1,0
宋亮,0,0,1993,1996,2000,2011,2016,0,7,"内蒙古,甘肃","通辽,乌海,内蒙古自治区,赤峰",0,0,0
徐衣显,0,1994,2002,2005,2015,2015,0,0,6,"天津,河南,河北","天津,焦作,盐山县,洛阳,津",0,1,0
常丽虹,0,0,1995,0,2008,2015,0,0,6,河北,"石家庄,邢台,新区,井陉矿区,矿区,承德",0,1,0
顾洪辉,0,0,0,2015,0,0,0,0,8,上海,"长宁区,上海",0,1,0
朱芝松,0,0,0,0,0,2015,0,0,6,上海,"闵行区,哈尔滨,上海",0,0,1
王立伟,0,1985,0,1997,0,2004,0,0,6,山西,"岚县,岢岚县,忻州,吕梁,五寨县",0,1,0
杨伟东,0,1985,1997,2001,2006,2014,2018,0,7,"江西,内蒙古","南昌县,南昌,新建县,九江,内蒙古自治区",0,0,1
赵德光,0,0,0,0,2015,2015,0,0,6,云南,保山,0,1,0
高朋,0,0,0,0,0,2015,0,0,6,北京,"北京,顺义区",1,0,0
王新伟,0,0,2000,0,0,2002,2020,0,7,"河南,浙江","郑州,哈密,舞钢,湛河区,平顶山,安阳,临海,新华区",0,1,1
吴炜,0,0,1995,2000,2008,2015,0,0,6,广西,"柳州,南区,南宁",1,1,0
赵爱军,0,0,0,0,0,2015,0,0,0,辽宁,鞍山,0,1,0
陈绍旺,0,0,0,0,0,2015,2020,0,7,"天津,辽宁","天津,西青区,大连,津,和平区",1,1,1
安伟,0,0,0,1991,0,2013,0,0,6,河南,"兰州,陵县,三门峡,新乡,鄢陵县",0,1,0
农融,0,0,0,0,2013,2015,0,0,0,广西,"防城港,贵港",0,1,0
唐云舒,0,1989,1998,2002,2010,2015,0,0,6,广西,"钦州,河池",0,1,1
穆鹏,0,0,0,0,0,0,0,0,6,北京,北京,1,0,0
项雪龙,0,0,0,1992,0,2011,0,0,6,江苏,"溧水县,连云港,江阴,江阴县,南京,无锡",0,1,1
周铁根,0,1989,1995,2002,2011,2013,0,0,6,江苏,"徐州,江阴,如东县,任县,如皋,南京,无锡,南通",0,1,0
王宁,0,0,0,0,0,1999,2015,0,7,"福建,新疆","福州,新区",0,0,0
李明伟,0,0,0,0,0,2015,0,0,6,吉林,"吉林,白城",0,1,0
史立军,0,0,0,0,1995,2016,0,0,6,"北京,江苏,辽宁","北京,无锡,泰州",1,1,1
李建成,1993,1994,0,0,2006,2016,0,0,6,"天津,福建","龙岩,天津,宝坻区,津,河东区,武清区,东区",0,0,1
韩立明,1992,0,1994,2005,2011,2016,2019,0,7,江苏,"常州,溧阳,泰州,武进,新区,南京,钟楼区,南通,镇江",0,1,1
王昌荣,0,0,0,0,0,2016,2017,0,7,浙江,台州,0,0,0
惠进才,1984,1985,0,1995,2009,2016,0,0,6,"陕西,吉林,福建","闽侯县,咸阳,任县,新区,吉林,宝鸡,白城",0,1,1
牛俊雁,0,1992,1997,2003,2008,2015,0,0,6,内蒙古,"白云矿区,包头,鄂尔多斯,青山区,内蒙古自治区,巴彦淖尔,矿区",1,1,1
雷应敏,0,1992,0,1999,2008,2016,0,0,6,广西,"南区,柳州,南宁,来宾,北区,贵港",1,1,0
杨兴平,0,0,0,0,0,0,2013,0,7,四川,成都,0,0,0
周敏浩,0,0,0,2016,0,0,0,0,6,上海,"普陀区,上海",0,0,0
黄宗华,0,0,0,1999,2001,2016,0,0,6,"西藏,重庆,北京,上海,四川","重庆,新区,北京,上海,北区,静安区",1,0,1
卢红,0,1989,2003,2005,2014,2017,0,0,6,"四川,重庆","重庆,任县,新区",1,0,0
彭琳,0,0,1992,2001,0,2002,0,0,6,"四川,重庆","重庆,乐山,自贡,成都,津,代县",0,1,0
刘惠,0,1991,1996,0,0,2010,2016,0,7,"北京,安徽,内蒙古,台湾","城区,合作,北京,呼和浩特,内蒙古自治区,新城区,乌海",0,0,0
秦恩亭,1984,1993,1995,0,2005,2016,0,0,0,黑龙江,"黑河,哈尔滨",1,0,0
刘国中,0,0,1996,1998,0,2004,2007,2016,8,"陕西,吉林,四川,黑龙江","吉林,哈尔滨,鹤岗",0,0,0
宋宏伟,0,1996,1997,0,0,2000,0,0,6,黑龙江,"双鸭山,大庆",0,1,0
曲敏,0,0,1994,1998,2003,2005,0,0,6,黑龙江,"哈尔滨,绥化",0,1,1
曲敏,0,0,1994,1998,2003,2005,0,0,6,黑龙江,"哈尔滨,绥化",1,1,1
刘有明,0,0,0,1987,2006,2016,0,0,6,广西,"梧州,北流,崇左,代县,中山",0,0,0
于绍良,0,0,0,0,0,2008,2016,0,7,"陕西,湖北,河北,上海",上海,0,0,0
邹铭,1990,1993,1994,1997,2010,0,2016,0,0,"北京,河北,广东","北京,廊坊",0,1,0
邹自景,1993,1998,2002,2004,2012,2016,0,0,6,"四川,河北","广元,石家庄",0,1,0
李雷,0,0,0,0,0,0,2016,0,0,黑龙江,沈阳,0,0,0
郑艺,0,0,0,0,0,2016,0,0,6,云南,丽江,0,1,0
杜紫平,0,1985,1995,2002,2006,2016,0,0,6,四川,"眉山,宜宾",0,1,1
郭亨孝,0,0,1998,0,0,2003,0,0,6,四川,"南京,达州,合作,任县",0,1,1
常斌,0,0,2007,2016,0,0,0,0,6,重庆,"重庆,新区",0,0,0
杨健,0,0,0,0,0,2016,0,0,0,,大理,0,0,0
罗虎在,0,1986,1995,2000,2006,2015,0,0,0,内蒙古,"化德县,合作,锡林郭勒盟,乌兰察布,商都县,呼伦贝尔,内蒙古自治区,卓资县,集宁区",1,0,0
谭庆,1991,0,2001,2003,0,0,0,2006,6,"四川,重庆,江西","北区,重庆,津",0,1,0
张恩惠,0,0,0,2002,2010,0,2020,0,7,内蒙古,"赤峰,兴安盟,托克托县,呼和浩特,内蒙古自治区",1,1,0
孙轶男,0,0,0,0,0,0,1984,0,7,"天津,辽宁","天津,津,丹东,凌源,代县,葫芦岛,朝阳,建平县,铁岭",0,1,1
巴川江,0,0,0,2000,2003,0,0,2013,8,"四川,重庆","北区,重庆",1,1,0
李成群,0,0,0,1990,0,0,0,0,4,"四川,重庆","重庆,代县",0,0,0
纳云德,0,0,0,0,2015,2016,0,0,0,云南,昭通,0,0,1
王志杰,0,0,0,2007,2011,2016,0,0,0,"北京,重庆","北京,重庆,南区,新区",1,0,0
李江河,1987,1995,0,0,0,2000,0,0,6,"江西,浙江","萍乡,合作,宜春",1,1,0
胡海峰,0,0,0,0,2013,2016,0,0,6,浙江,"嘉兴,丽水",0,1,0
孟宪东,0,1996,1998,2002,2014,2016,0,0,6,内蒙古,"敖汉旗,赤峰,锡林郭勒盟,内蒙古自治区,二连浩特,通辽",1,1,0
郭元强,0,0,0,0,2008,2011,2018,0,7,"广西,江苏,广东","珠海,高州,广州,深圳,茂名",1,1,0
林铎,0,0,0,1991,0,2000,2010,2016,8,"北京,黑龙江,甘肃,辽宁","北京,城区,哈尔滨,西城区",1,1,1
张敬华,1987,1993,1994,1996,0,2008,2016,0,7,"江苏,河北","徐州,新区,南京,滦县,镇江",1,1,0
赵飞,0,1992,0,1999,0,2005,0,2014,7,"湖北,天津","黄石,天津,荆门,津,武汉",0,1,1
刘莉,0,1979,0,0,2002,2006,2016,0,0,安徽,"安庆,六安",0,0,0
刘江,1992,1994,1999,0,2009,2012,2016,0,7,西藏,"那曲,拉萨,林芝",0,0,1
"卢雍政同志,男,汉族,1967年9月出生,湖南益阳人,1989年7月参加工作,1986年1月加入中国共产党,在职研究生学历,法学博士。",0,0,0,0,0,0,2016,0,7,贵州,武汉,0,0,0
陈小山,0,0,1984,1998,2003,2016,0,0,0,广东,"梅州,阳江",0,0,0
曹炯芳,0,1992,1996,2001,2004,2016,0,0,6,湖南,湘潭,0,0,0
奇巴图,0,1999,0,0,0,2009,0,0,0,"北京,内蒙古","兴安盟,鄂尔多斯,北京,准格尔旗,呼和浩特,内蒙古自治区,乌审旗,土默特左旗",0,1,1
赵长富,0,0,0,0,0,2015,0,0,6,辽宁,营口,1,1,0
夏新,0,0,0,1983,2015,2016,0,0,6,天津,"天津,东丽区,新区,津,宁河县",0,0,0
顾琨,0,0,0,0,0,2016,0,0,0,云南,,0,0,1
刘可为,0,0,0,0,0,0,0,1982,7,"湖南,河北,广东,北京,宁夏","北京,长沙,衡水",0,0,0
焦兰生,0,1988,0,2008,2011,2016,0,0,6,广东,"西安,中山,珠海,阳江",1,1,1
刘事青,1988,1991,0,1996,2005,2008,0,0,6,湖南,"娄底,双峰县,蓝山县,郴州,邵阳,代县,双牌县,永州",0,1,1
阳卫国,1993,1995,1998,2002,2006,2016,0,0,6,"湖北,湖南","陵县,茶陵县,武汉,株洲,桃江县",1,1,0
杨军,0,1995,0,0,2007,2012,0,0,6,云南,"楚雄,保山,昭通",0,1,0
杜延安,0,0,1997,2000,2004,2011,0,0,6,安徽,"亳州,黄山",0,1,0
王奋彦,0,0,1996,2001,0,2002,0,0,6,甘肃,"兰州,天水,平凉,合作,城区,代县",1,1,0
陈清,0,0,0,0,0,0,2014,0,6,"北京,新疆","北京,房山区,乌鲁木齐",0,0,0
付兆庚,0,0,0,2016,0,0,0,0,6,北京,"北京,门头沟区",0,0,1
陈冰冰,0,0,0,0,2012,2016,0,0,6,安徽,安庆,0,1,0
刘惠,1990,0,0,0,2006,2016,0,0,6,天津,"南区,津南区,西区,天津,津,河西区",0,0,0
朱伟,0,0,0,0,0,2011,0,0,6,广东,"深圳,广州,佛山,湘潭",1,1,1
谈文胜,0,1999,2006,0,2007,2016,0,0,0,湖南,"芙蓉区,宁乡县,长沙,湘潭",0,1,1
唐一军,0,0,1992,1993,1999,2005,2016,2017,0,"辽宁,浙江","永康,青田县,丽水,舟山,宁波",0,1,0
王业天,1993,0,2002,2016,0,0,0,0,0,北京,"北京,广州,海口",0,0,0
王胜,1993,1995,1997,2007,2012,2016,0,0,6,广东,"惠州,云浮,南县,代县,中山",0,1,0
华源,0,0,1996,2016,0,0,0,0,6,上海,"杨浦区,延吉,青浦区,上海,奉贤区",0,0,0
许传智,0,0,1988,1993,1998,2006,2016,0,0,"北京,山东,宁夏,内蒙古","北京,新泰",0,0,0
李明生,1984,1991,1995,1999,2009,2016,0,0,0,甘肃,"武威,嘉峪关",0,1,0
李小三,0,1988,0,1997,2000,2003,2016,0,7,"江西,云南","延安,抚州,井冈山,吉安",0,1,1
李邑飞,0,0,1996,2001,2003,2009,2016,0,7,"云南,贵州,新疆",昆明,0,0,0
何平,0,0,0,1982,2005,2016,0,0,6,四川,"巴中,达州,郊区",1,1,1
陈振亮,0,0,0,0,2004,2016,0,0,6,山西,"朔州,运城",0,1,0
刘予强,0,0,0,2001,0,2010,0,0,0,山西,"忻州,城区,晋城,泽州县,临汾",0,1,0
史万钧,1983,0,0,2001,2010,2016,0,0,6,"北京,内蒙古,上海","朝阳,丰台区,巴林左旗,赤峰,北京,乌兰察布,乌海,内蒙古自治区,呼伦贝尔,上海,喀喇沁旗",0,1,0
杨逢春,0,0,0,0,2003,2010,2016,0,7,"海南,江西,青海","三亚,合作",0,1,0
马秋林,0,0,0,0,0,0,2016,0,7,江苏,南京,1,0,1
胡五岳,0,1993,1996,2001,0,2016,0,0,6,河南,"郑州,许昌,封丘县",0,1,0
张建慧,1991,1995,0,2001,2009,2016,0,0,6,河南,"洛龙区,新区,洛阳,郑州,商丘",0,1,0
农生文,1991,1993,1994,0,0,2000,0,0,6,广西,"钦州,来宾",0,0,0
朱鹤新,0,1993,0,2000,0,0,2016,0,0,"北京,四川,江苏,上海","苏州,北京,南京,上海,南通",1,0,1
吴信宝,0,0,0,0,0,2016,0,0,6,上海,"上海,虹口区",1,0,1
霍好胜,0,0,0,1988,0,1997,0,0,6,河南,"泌阳县,西平县,遂平县,城区,南阳,驿城区,驻马店",0,1,1
王登喜,1984,1993,2002,0,2006,2016,0,0,6,"河南,上海","安阳县,安阳,厦门,汤阴县,上海,许昌,新乡,郑州",1,1,1
杨树海,0,1994,1998,1999,0,0,0,0,4,"四川,重庆,西藏","重庆,永城,昌都",0,0,1
祁美文,0,0,2012,2016,0,0,0,0,4,"四川,重庆",重庆,1,0,0
石强,0,1998,2003,2016,0,0,0,0,4,"四川,重庆",重庆,0,0,1
刘中伯,0,0,1995,2002,0,2016,0,0,6,四川,"南充,宜宾",0,0,0
王常松同志简历,1987,1988,1990,0,0,2010,2016,0,7,"安徽,黑龙江,江苏,北京,吉林,河南,广西","北京,吉林,松原,昆明",1,1,0
李希信,1985,1991,0,1997,2007,2016,0,0,0,山东,"聊城,平原县,陵县,泰安,德州",0,1,1
程志毅,0,0,0,0,0,2016,0,0,6,重庆,"津,重庆",0,0,0
蒲彬彬,0,1993,0,0,2007,0,0,0,4,"四川,重庆","重庆,宜宾",0,1,0
徐万忠,1997,0,0,0,2003,2016,0,0,6,"四川,重庆",重庆,0,0,0
敖刘全,0,0,0,0,2016,2018,0,0,6,西藏,那曲,0,1,0
罗清泉,1991,1995,1998,2001,2003,2016,0,0,0,"四川,重庆",重庆,0,0,0
殷昭举,0,2001,0,2006,0,2008,0,0,6,"北京,广东","广州,潮州,北京,武汉,中山",0,1,0
张兴益,0,0,1998,2003,2011,2016,0,0,6,"四川,重庆",重庆,0,0,1
刘小强,0,2001,0,0,2007,2016,0,0,6,"四川,重庆",重庆,1,0,1
种及灵,0,0,1998,1999,2009,2016,0,0,6,重庆,"深圳,重庆,中区",1,0,0
钟畅姿,1997,2000,0,0,2009,2020,0,0,6,广西,"梧州,贵港,桂平,崇左",0,1,0
马波,0,1990,0,1995,2001,2005,0,0,6,四川,"内江,达州",1,1,0
王俊,1994,0,1998,1998,2006,2016,0,0,6,"四川,重庆,新疆","重庆,成都,南京,昆明",1,0,0
李猛,0,1995,0,0,2006,2013,0,0,6,"山东,安徽","合肥,淮南,铜陵,凤台县,芜湖,德州,丰县",0,0,0
方利旭,1992,1996,1996,1997,0,2005,0,0,0,新疆,"哈密,喀什,广州,潮州,梅州,汕头",0,1,0
余红胜,0,0,0,0,2011,2016,0,0,6,福建,三明,1,1,0
王成,0,1994,1998,2000,2011,2013,2019,0,7,山西,"榆社县,忻州,太原,临汾,晋中",1,1,0
陈旭东,1991,1995,1997,2002,0,2016,0,0,0,上海,"肇庆,中山,上海",0,1,0
刘桂平,0,0,0,1989,0,0,2016,0,0,"重庆,福建,上海,广东","重庆,东莞,湘潭,深圳,肇庆,上海",1,1,1
尤猛军,0,1988,1997,2001,2012,2015,0,0,6,福建,"惠安县,福州,安溪县,泉州,平潭县,代县,晋江,南安",0,1,1
于立新,0,1994,1994,0,0,2015,0,0,6,内蒙古,"呼和浩特,呼伦贝尔,内蒙古自治区",1,1,1
王立彤,1995,0,2003,2006,2012,2017,0,0,0,"安徽,河北,浙江","鹿城区,唐山,邯郸,温州,城区,永嘉县,洞头县,瑞安,代县",0,1,1
陈平,0,1992,1998,2003,2009,2016,0,0,0,河北,"代县,邯郸,廊坊,沧州",0,1,0
赵卫星,0,0,0,2016,0,0,0,0,0,上海,"上海,金山区",0,0,0
李云峰,0,0,0,0,2008,2020,0,0,6,山西,"盂县,平定县,临汾,矿区,阳泉",0,1,0
张德华,1994,1996,2000,2005,0,2009,0,0,6,"云南,新疆",玉溪,0,1,0
刘志宏,0,0,1994,1998,2005,2016,0,0,0,湖南,"运城,晋中,朔州,代县,昔阳县",0,1,0
梅亦,0,0,1993,0,2003,2016,0,0,0,江西,"横峰县,景德镇,南昌",0,1,0
危伟汉,0,0,0,0,1987,2018,0,0,6,,"广州,中山",1,1,1
李建勤,0,0,1992,1993,1996,2002,0,0,6,"北京,四川","北京,广安,攀枝花",0,1,0
田树槐,0,1991,1997,2006,0,2011,0,0,6,辽宁,"朝阳,本溪,建昌县,凌源,葫芦岛,绥中县",0,1,1
李建辉,0,1993,1998,2006,2012,2015,0,0,6,福建,"莆田,城区,安溪县,泉州,鲤城区,晋江",0,1,1
许维泽,0,1982,2000,2001,2011,2016,2020,0,7,福建,"龙岩,石狮,南平,泉州,丰泽区,泉港区,南安",0,1,1
尚朝阳,0,1989,0,1998,2003,2016,0,0,6,河南,"漯河,舞阳县,信阳,洛阳,许昌,临颍县",0,1,0
孟海,0,0,1995,1997,2011,2016,0,0,6,"内蒙古,辽宁,青海","代县,本溪",0,1,0
库尔玛什·斯尔江,1991,1994,1998,0,0,2004,0,0,6,"北京,新疆","奎屯,乌鲁木齐,城区,北京,东城区",0,0,1
木合亚提·加尔木哈买提,0,1996,0,1999,2007,0,0,0,0,新疆,"阿勒泰,大连,塔城",0,0,0
范少军,0,0,0,0,2015,2016,0,0,6,"天津,上海","天津,宝山区,津,河东区,上海,东区,普陀区",0,0,0
刘南昌,0,1993,1994,1997,2003,2016,0,0,6,"河南,湖南,河北","三门峡,唐山",0,0,0
冯飞,0,0,1995,1997,0,0,2016,0,7,"天津,浙江","津,天津",0,0,0
高兴夫,0,0,0,1991,0,0,2016,0,7,"天津,浙江","津,天津",1,0,1
郑光照,0,0,0,0,0,2016,0,0,6,陕西,商洛,1,1,0
孙登峰,0,1989,1992,1999,2009,2011,0,0,0,"四川,江西,贵州","合作,新区",1,0,0
林应武,0,1989,1995,2000,0,2005,0,0,6,广东,"江门,中山",0,0,0
梅建华,1990,1993,0,1999,2000,0,0,0,0,"北京,山东,湖北","武汉,莱芜,北京",0,1,0
黄海昆,0,0,0,0,0,2016,0,0,6,广西,"钦州,玉林",1,1,0
凌云,0,0,0,1988,2003,2016,0,0,6,安徽,"亳州,合肥,厦门",1,1,0
左俊,1983,1993,0,2000,0,2007,0,0,0,安徽,"芜湖,鞍山,马鞍山",0,1,0
何焕秋,0,0,0,1998,2000,2009,0,0,0,辽宁,"本溪,铁岭,本溪满族自治县",1,1,1
陈如桂,0,0,0,0,0,2001,2017,0,7,广东,"深圳,广州,桂林,中山",1,1,1
许达哲,0,0,0,0,0,1995,2016,2016,8,"湖南,江西","余干县,哈尔滨",1,0,1
刘宛康,0,0,1987,0,0,2009,0,0,6,河南,"西安,洛阳,南阳,南京",1,1,0
卢勇,1998,2000,0,0,2007,2016,0,0,0,"四川,重庆","重庆,中区",0,0,0
马升昌,0,0,1991,0,0,2012,2018,0,7,"北京,山东,西藏","北京,拉萨,杭州,林芝",0,1,1
杨建武,0,0,0,0,0,2016,0,0,6,甘肃,金昌,1,1,1
汪明浩,0,0,0,0,0,2016,0,0,0,北京,"北京,平谷区",0,0,0
余功斌,0,0,0,0,2005,2016,0,0,6,"云南,辽宁,贵州","营口,鞍山,昆明",0,1,0
张战伟,0,0,1997,0,1997,2007,0,0,4,河南,济源,0,0,0
桑维亮,0,1984,1997,2006,2013,2016,0,0,0,贵州,"毕节,兴义",0,1,1
李延强,0,1988,0,0,1998,2012,0,0,6,"广西,内蒙古","北海,防城港,合作,南宁",1,1,1
戴启远,1986,0,1996,2002,2003,2016,0,0,6,安徽,"怀远县,淮南,泗县,滁州,蚌埠,淮北,五河县,郊区",0,1,0
宋殿宇,1984,1991,1996,1999,2004,2016,0,0,6,"河南,天津","洛阳,津,天津,濮阳",0,1,0
蒿慧杰,0,0,0,0,0,2008,0,0,6,河南,漯河,0,1,1
张冬云,1991,1996,0,0,2007,2014,0,0,0,安徽,"宿州,合肥,宣城",0,1,0
吴群刚,0,0,0,0,0,2002,0,0,6,"北京,四川,重庆","绵阳,重庆,北京,通州区,南充,通州,怀柔区",0,1,0
姜天波,0,0,0,0,0,2016,0,0,6,重庆,重庆,0,0,0
滕宏伟,0,0,1998,2000,0,2016,0,0,6,重庆,重庆,1,0,1
郝春荣,0,0,1990,1992,2000,2016,2018,0,7,辽宁,"盘锦,太子河区,朝阳,辽阳",1,1,0
王德佳,0,0,0,0,0,2016,0,0,6,辽宁,锦州,1,1,1
王力威,0,1989,0,1992,2005,2012,0,0,6,辽宁,"凤城,元宝区,合作,东港,丹东,葫芦岛",0,1,0
徐建国,0,1992,1994,1999,0,2006,2019,0,7,黑龙江,"七台河,南京,佳木斯",0,1,0
戴源,0,0,1989,1992,2001,2016,0,0,6,"北京,江苏","盐城,常州,北京,北区,镇江",1,1,0
张爱军,1987,0,2000,2001,2006,2016,0,0,6,江苏,"南通,宿迁,海安县,通州,扬州",1,1,1
刘长龙,0,0,0,0,0,2014,0,2016,0,吉林,"吉林,长春",0,1,0
曾文明,1993,1994,0,2002,0,2014,0,0,6,"江西,上海","西湖区,南昌,新建县,上海,赣州",0,1,0
薛占海,0,1992,1997,2002,2006,2016,0,0,6,陕西,"延安,新区",1,1,1
任建华,0,1990,0,1996,2001,2008,2016,0,0,"河南,山西","洛阳,郑州,新乡,栾川县",0,0,0
信长星,0,0,1991,1994,1998,2002,2016,0,7,安徽,"太原,曲阜",1,1,0
张力兵,0,0,0,0,0,2014,0,0,6,北京,"门头沟区,合作,北京,通州区,通州",0,0,1
张晓兵,0,1996,0,0,2002,2014,0,0,6,"内蒙古,上海","锡林郭勒盟,乌兰察布,内蒙古自治区,上海,巴彦淖尔,锡林浩特",1,1,1
任正晓,0,1981,1989,0,0,0,2016,0,7,"北京,河南,湖南","北京,南县,衡南县",1,0,0
苏春雨,1988,1989,1992,1998,2000,2009,0,0,0,"河北,福建,黑龙江,广东,北京","北京,邵武,合作,兴县",1,0,0
王秋实,1990,1993,0,2003,2007,2016,0,0,6,"黑龙江,内蒙古","七台河,鹤岗,双鸭山,齐齐哈尔,秦皇岛",1,1,0
乔学智,0,0,0,0,0,2016,0,0,6,青海,,0,0,0
武宏文,1984,0,0,2001,2009,2016,0,0,6,山西,"运城,大同,永济,晋城,万荣县",0,1,1
迪力夏提·柯德尔汗,0,0,1995,0,0,2001,0,0,6,"天津,新疆","北辰区,天津,喀什,阿勒泰,津,丰县",1,0,1
郭建英,0,1992,1994,1998,2006,2016,0,0,6,河北,"保定,邯郸,石家庄,井陉县,新区,盐山县,沧州,黄骅",0,1,0
费东斌,0,0,0,0,2005,2007,0,0,6,"北京,内蒙古","沈阳,长沙,长春,北京,乌兰察布,济南,呼和浩特,内蒙古自治区,通辽",1,1,1
武卫东,0,0,1996,2001,2007,2016,0,0,6,河北,"邯郸,石家庄,邢台,张家口,裕华区",1,1,0
李干杰,0,1993,1994,1996,0,2001,2016,2020,8,"北京,山东,河北",北京,1,0,1
范继英,0,0,0,1988,0,2001,2016,0,7,辽宁,沈阳,1,0,1
王少峰,0,1989,0,1994,0,2005,2016,0,7,"湖南,内蒙古","内蒙古自治区,包头",0,0,1
蔡奇,0,0,1983,1987,1993,1997,2007,2016,8,"北京,福建,浙江","永安,北京,三明,台州,衢州,杭州",1,1,0
陈辐宽,0,0,0,1997,0,0,2016,0,7,"山东,上海",上海,0,0,0
许尔锋,0,1986,1995,1998,2008,2008,2016,0,0,"宁夏,甘肃",定西,0,1,1
吴胜华,0,0,1997,0,2003,2016,0,0,6,贵州,"武汉,都匀",1,0,1
刘学新,0,0,0,0,2001,2004,2016,0,7,"福建,天津,上海","津,天津,上海",0,0,1
刘化文,0,0,0,0,0,1993,0,0,0,"吉林,西藏","日喀则,白山,通化,吉林,江源县,白城,四平,双辽",1,1,1
王志厚,0,0,2001,2001,2008,2016,0,0,0,吉林,"白山,通化,合作,图们,吉林,磐石,蛟河",0,1,0
沙尔合提·阿汗,0,0,0,1994,0,2011,2016,0,7,新疆,"塔城,阿勒泰,大连,代县,昌吉",1,0,1
阿更登,0,0,1996,2002,2006,2016,0,0,6,"海南,青海",代县,1,0,0
廉毅敏,0,0,0,0,0,2000,2016,0,7,山西,太原,1,1,0
朱涛,0,1986,0,1993,2005,2016,0,0,0,甘肃,"酒泉,白银,庆阳,兰州",1,1,0
李正印,0,0,0,0,1997,2012,2018,0,7,山西,"朔州,大同,吕梁",0,1,0
陈舜,0,0,0,0,1998,2011,2016,0,7,云南,,0,0,0
赵力平,0,0,0,0,0,2015,2016,0,7,江西,,0,0,0
梁君彦议员,0,0,0,0,0,0,0,0,0,,,0,0,0
苏嘎尔布,0,0,0,0,2011,2016,0,0,6,四川,,0,0,0
沈左权,0,0,0,0,0,2016,0,0,6,宁夏,"石嘴山,吴忠",1,1,0
姚斌,0,0,1995,0,0,2008,0,0,0,"四川,重庆","重庆,双桥区,新区",0,0,0
高志立,1989,1992,1997,1998,0,2001,2016,0,7,"河北,山西",沙河,0,0,0
王正升,0,0,0,2001,2003,2007,2016,0,7,"宁夏,青海","固原,中卫",0,0,1
韩福春,0,0,0,0,0,2016,2020,0,7,吉林,"吉林,四平",0,1,0
王乃学,0,0,0,0,0,1989,0,0,6,"吉林,广西,西藏","吉林,钦州,北海",0,1,0
童道驰,0,0,0,0,2000,0,2016,0,7,"北京,湖北,海南","三亚,合作,北京",1,0,0
孙志浩,0,0,1980,1990,0,2009,0,0,0,,"兴城,锦州,临海,朝阳县,连山区,建昌县,丹东,代县,葫芦岛,朝阳",0,1,0
韩库,0,1988,0,1991,2007,2016,0,0,6,黑龙江,"七台河,桦川县,伊春,双鸭山,同江,汤原县,佳木斯",1,1,1
李宁平,0,0,0,0,0,2015,0,0,6,新疆,喀什,0,0,0
邓修明,0,0,0,0,0,2002,2016,0,7,"四川,天津","津,成都,天津",0,0,0
王赋,0,0,1988,1995,2001,2010,2016,0,7,"重庆,新疆,山西","重庆,运城,昌吉",0,1,0
普尔巴·图格杰加甫,0,0,0,0,0,2016,0,0,6,新疆,,0,0,1
虢正贵,0,1991,1994,2000,2008,2016,0,0,6,湖南,"张家界,长沙,新区,代县,宁乡县",0,1,0
王诚,0,1986,0,1997,2003,2016,0,0,6,安徽,"淮南,城区,蚌埠,上城区,田家庵区,杭州",0,1,0
王远鹤,1990,0,0,2006,2006,2015,0,0,6,湖北,"黄冈,红安县,咸宁",1,1,0
孙正东,0,1992,0,1995,2003,2009,0,0,6,安徽,"宁国,宿州,埇桥区,灵璧县,阜阳,砀山,宣城",1,1,1
高岩,0,0,1995,0,2003,2012,0,0,0,黑龙江,"哈尔滨,牡丹江",0,1,1
杨军,0,1995,0,0,2007,2016,0,0,6,安徽,"宿州,阜新,淮北",1,1,1
袁毅,0,0,0,0,0,2016,0,0,6,福建,南平,1,0,0
陈训华,1987,1991,1993,1999,0,2010,0,0,6,"北京,贵州","贵阳,安顺,北京",0,1,0
姚来英,0,0,0,1989,0,0,2018,0,7,"山东,湖南,天津","南开区,津,天津,新区",0,1,1
于立军,0,0,0,0,0,2016,2019,0,7,天津,"蓟县,津,天津",0,0,1
曲孝丽,0,1996,0,0,2001,2016,2018,0,7,"天津,山西","西区,天津,红桥区,津,河西区",0,0,1
李清,0,0,0,2016,0,0,0,0,6,天津,"津,西青区,天津",1,0,0
关志鸥,1995,0,1997,2000,0,2013,2016,0,0,"山东,辽宁","法库县,沈阳,合作,代县",0,1,0
孔德昌,0,0,0,0,0,2016,0,0,6,"天津,青海","津,天津,东丽区",1,0,1
肖友才,1986,1989,0,1997,2005,2016,0,0,6,四川,"广安,代县",1,1,1
龙晓华,0,1992,1994,0,0,2016,0,0,6,湖南,"湘西土家族苗族自治州,吉首",0,0,0
谢建辉,0,1978,1991,1994,2000,2010,2016,0,7,湖南,"望城县,长沙,天心区,岳麓区",0,1,1
刘志仁,0,0,0,0,0,2016,0,0,6,湖南,郴州,1,1,1
张值恒,0,0,0,1997,2002,2009,0,0,6,"北京,湖南","长沙,娄底,新化县,北京,益阳",0,1,0
邓沛然,0,0,1988,0,0,2007,0,0,6,河北,"合作,唐山,沧州,石家庄",1,1,0
屈谦,0,0,1993,0,1998,0,2016,0,7,"四川,重庆","重庆,中区",0,1,0
高世宏,1997,1999,0,0,2016,2016,0,0,0,内蒙古,"阿拉善左旗,鄂尔多斯,阿拉善盟,内蒙古自治区,乌海,额济纳旗",0,1,0
李学义,0,0,0,0,0,2016,0,0,6,天津,"河西区,西区,津,天津",0,0,1
张子林,1989,1991,1996,2001,2009,2010,0,0,6,黑龙江,"齐齐哈尔,尚志,合作,绥化",1,1,1
田锦尘,0,1989,1994,1998,0,0,2017,0,7,"吉林,四川,青海","吉林,德阳,延边朝鲜族自治州",1,0,1
郝茂荣,1992,0,1996,0,0,0,2001,0,6,"北京,内蒙古","通辽,内蒙古自治区,北京,包头",0,1,0
陈雍,0,0,0,1998,2001,2002,2016,0,7,"北京,重庆,辽宁","沈阳,抚顺,重庆,大连,北京",0,0,0
张叶飞,0,1998,2001,2002,2008,2017,0,0,0,江苏,"崇安区,江阴,南长区,苏州,锡山区,无锡,镇江",0,1,1
林兴禄,0,0,0,0,0,2016,0,0,6,福建,"龙岩,三明",0,1,0
冯卫华,1991,1994,1997,2001,2011,2016,0,0,6,天津,"南开区,北辰区,津,天津",1,0,0
杭迎伟,0,0,0,2017,0,2017,0,0,6,上海,"浦东新区,上海,新区",1,0,1
刘远,1988,1992,1997,1998,2011,2016,0,0,6,福建,"龙岩,漳州,漳平,三明,长汀县",1,1,0
郭锡文,0,0,0,0,0,2016,0,0,6,福建,宁德,1,1,1
李斌,0,0,0,0,0,2000,2017,0,0,"黑龙江,甘肃",哈尔滨,0,0,0
成岳冲,0,0,0,0,0,0,2017,0,7,浙江,,0,1,0
李宽端,0,1990,0,1998,0,2011,0,0,6,山东,"青岛,东营,潍坊,济南,即墨,崂山区,城阳区",0,1,1
李刚,0,1999,2002,2004,0,2012,0,0,6,"北京,贵州","北京,石家庄,六盘水",1,1,0
张之政,0,0,0,0,0,2017,0,0,6,云南,临沧,1,1,1
彭措,0,0,0,0,0,0,0,0,0,西藏,,0,0,1
丁福浩,0,0,0,0,0,2017,0,0,6,河南,周口,0,1,1
谢宝禄,0,0,0,0,0,0,1989,0,0,黑龙江,"黑河,合作,哈尔滨,鹤岗",1,1,1
林冠,1997,0,2002,0,2007,2016,0,0,6,广西,"钦州,贺州,柳州,南宁,崇左,防城港",1,1,1
方红卫,0,1990,1996,0,2015,2017,0,0,6,陕西,"宝鸡,渭南,汉中",1,1,1
陈新武,1990,0,0,2002,0,2005,0,0,6,"湖北,浙江,新疆","黄冈,黄梅县,孝感,十堰,杭州",0,1,0
周斌,0,0,1984,0,1992,2017,0,0,6,河南,"平顶山,荥阳,邙山区,郑州",0,1,0
李刚,0,0,0,0,0,0,0,0,0,新疆,,1,0,1
丁纯,0,0,0,0,2003,2017,0,0,6,"安徽,江苏","铜陵,南京,常州,扬州",1,1,0
黄伟京,0,1981,0,0,0,2001,2016,0,7,广西,"钦州,南宁",0,1,0
王炜,0,0,0,0,2016,2020,0,0,6,湖北,"武汉,江岸区",0,0,0
孔昌生,0,0,0,0,0,0,2017,0,7,河南,,0,1,0
王景武,0,0,0,0,0,2015,0,0,6,河北,"张家口,衡水",0,1,0
卢蜀江,0,1993,0,1997,0,2007,0,0,6,新疆,"哈密,成都,和田",1,0,0
王大伟,0,1992,1994,1997,0,2001,2017,0,7,"黑龙江,辽宁",哈尔滨,1,1,1
赵冲久,0,1990,1994,1997,0,0,2017,0,7,"天津,新疆","津,天津",0,0,1
张春林,0,1993,1994,0,2006,2011,2017,0,7,新疆,塔城,1,0,1
石谋军,0,1997,2000,2004,2008,2014,0,0,7,"湖南,西藏",常德,0,1,0
莫高义,1993,1996,0,2001,2008,2017,0,0,0,广东,"普宁,新县,中山,韶关",1,0,1
杨亚林,0,0,0,0,0,2017,0,0,6,云南,昭通,0,1,0
李乐成,0,1984,0,0,2002,2008,2017,0,7,湖北,"荆门,襄阳,宜昌",1,1,1
朱洪武,0,0,0,0,2009,2015,0,0,6,"湖南,海南","儋州,永州",0,1,0
陈坚,0,0,1989,0,0,2001,0,0,0,云南,"大理,武汉,昆明",1,0,1
吴晓军,0,1992,1996,0,2003,0,2017,0,7,江西,"鹰潭,南昌",1,1,0
唐小平,0,0,2002,0,0,2017,0,0,6,"四川,重庆",重庆,0,0,0
张玉卓,0,0,0,0,0,0,2017,0,0,"北京,山东,天津","天津,新区,北京,津,南安",1,0,1
刘焕鑫,0,0,0,0,2010,2013,2017,0,0,辽宁,营口,0,1,0
莫恭明,0,0,0,0,0,2017,2017,0,7,"重庆,广西","重庆,玉林",1,0,0
蔡丽新,0,0,0,0,0,2017,0,0,6,江苏,淮安,1,1,0
贺荣,0,0,0,0,2001,0,2011,0,0,"北京,陕西","北京,延安,朝阳,朝阳区",0,0,0
阴和俊,0,0,0,0,0,0,2017,0,7,"北京,天津","天津,西安,北京,津,太原",0,1,0
徐建培,0,0,1988,0,0,0,2017,0,7,"江苏,河北","铜山县,大丰,丰县,青岛",0,0,1
陶治国,0,0,0,1996,2002,0,2015,0,0,"山东,四川,内蒙古,吉林","聊城,托克托县,吉林",0,0,0
王立山,0,0,0,0,0,0,2017,0,7,湖北,,0,0,0
许昆林,0,0,1986,1996,0,0,2017,0,7,"浙江,福建,上海","永春县,杭州,泉州,上海",0,1,0
巴德玛拉,1988,0,0,1994,2004,2015,0,0,6,"北京,辽宁,新疆","北京,博乐",1,1,1
李亚平,0,0,0,1985,0,2006,0,0,6,"四川,江苏","句容县,绵竹,苏州,句容,镇江",1,1,1
刘家义,0,0,0,0,1984,0,0,2017,8,"山东,四川",成都,0,0,0
张文胜,0,1991,0,2005,2008,2016,0,0,6,新疆,"喀什,乌鲁木齐,吐鲁番",1,0,0
赵文泉,0,1992,0,2004,2015,2017,0,0,6,新疆,"克拉玛依,吐鲁番",1,1,0
黄建发,0,1992,1994,1996,0,2010,2017,0,7,"四川,福建,河北,浙江","成都,合作,沧州",0,0,0
王洪祥,0,0,0,0,0,0,2017,0,0,福建,,0,0,1
王晓萍,0,0,1996,1998,0,0,2017,0,7,吉林,吉林,1,0,0
毕宝文,1989,0,1993,0,0,2004,2017,0,7,"山东,黑龙江","滨州,日照",0,1,1
卢彦,0,0,0,0,0,0,2017,0,7,北京,"北京,津",1,1,0
许志晖,0,1995,2003,2007,2013,2017,0,0,6,广东,"潮州,城区,惠州,茂名",1,1,1
苏君,0,0,0,0,1997,2017,0,0,6,甘肃,"酒泉,白银,平凉,玉门",0,1,0
曾菁华,0,1994,0,2000,2004,2017,0,0,6,"四川,重庆","灯塔,南区,新区,重庆",0,0,1
戴征社,0,0,0,1995,0,2001,2018,0,7,陕西,"宝鸡,榆林",1,1,0
谭成旭,0,0,0,0,0,0,2018,0,0,,大连,1,1,1
王革冰,0,0,0,1998,2006,2017,0,0,0,广西,"钦州,代县,来宾,贵港",0,0,0
陈军,1997,1998,0,0,2014,2017,0,0,6,西藏,"吉县,拉萨,山南,昌都",0,1,0
杜飞进,0,0,0,0,0,0,2017,0,7,"北京,上海,浙江","北京,武汉,上海,杭州",0,0,0
廉桂峰,1996,2001,0,2017,0,0,0,0,6,天津,"津,宁河县,天津",0,0,1
毛劲松,0,0,0,0,2014,0,0,0,6,天津,"南区,津南区,天津,宝坻区,合作,津",1,0,0
张韵声,0,1990,1996,1999,2011,2012,2017,0,7,"海南,宁夏,黑龙江","三亚,海口",1,1,1
李中武,0,1998,0,0,2007,2017,0,0,0,"四川,重庆","广州,南区,重庆",0,0,1
陈春江,0,0,0,2000,0,0,0,0,6,天津,"津,新区,天津,和平区",0,0,0
刘宁,0,0,1983,1996,1998,0,2017,2018,8,青海,,1,0,0
滕佳材,0,0,0,0,0,2003,0,2010,7,"吉林,青海","吉林,长春",0,1,0
丁巨胜,0,1992,1999,2002,2007,2017,0,0,6,甘肃,"平凉,嘉峪关",0,1,0
施克辉,0,1995,2001,2006,2009,2013,2017,0,7,"浙江,广东","泰顺县,金华,温州",0,0,0
孙剑楠,0,1996,2001,2003,2016,2017,0,0,6,天津,"南开区,天津,合作,津,武清区",1,0,0
罗东川,0,0,0,0,0,0,2015,0,0,"北京,新疆","北京,武汉",0,0,0
于海田,0,0,1996,0,2015,2017,0,0,6,山东,"淄博,青岛",1,1,1
张家胜,1994,0,2000,0,2010,2017,0,0,6,"北京,湖北,新疆","北京,宜昌,黄石,荆州",0,1,1
李新,0,1998,0,0,2016,2017,0,0,0,"北京,河北,天津,青海","河北区,南区,津南区,天津,新区,北京,津,北区",1,0,0
李政,0,0,0,2017,0,0,0,0,6,上海,上海,0,0,0
马正勇,1996,1998,0,2003,2006,2020,0,0,6,北京,"北京,广州,清远,石家庄",0,1,1
戴东强,0,0,0,0,0,0,0,0,6,天津,"津,天津,武清区",1,0,1
田金萍,0,2001,0,0,2006,0,0,0,6,"河北,天津","南开区,河北区,天津,津,河东区,北区,东区",1,0,0
叶梅芬,1995,2000,2004,2008,0,2013,0,0,0,广东,"中山,河源",0,1,0
商奎,0,0,0,0,2016,2017,0,0,6,重庆,"重庆,中区",1,0,0
吴海涛,0,1994,2003,2006,2012,2017,0,0,6,湖北,"黄冈,黄梅县,红安县,孝感,宜昌,鄂州,蕲春县",0,1,0
唐德智,0,1992,1993,1999,0,2011,0,0,0,贵州,,1,0,1
刘毅,1990,1992,2001,2002,2011,2014,0,0,6,"西藏,广东","珠海,茂名,江门,林芝",1,1,0
殷焕明,1993,1993,0,2002,2010,2017,0,0,0,,"韶关,东莞,新区",0,1,1
崔茂虎,0,0,0,0,0,2017,0,0,6,云南,丽江,1,0,0
王军,0,1984,1992,1996,2002,2017,0,0,6,甘肃,"张掖,南县,天水",0,1,1
郭承录,0,0,1992,2000,2002,2008,2018,0,7,甘肃,"武威,平凉,合作,兰州",1,1,0
崔永辉,0,0,0,2000,0,2009,0,0,6,湖北,"黄冈,丹江口,十堰,茅箭区,恩施,荆州",0,1,0
常志刚,0,0,0,2001,2014,2015,0,0,6,"北京,内蒙古","武川县,呼和浩特,北京,内蒙古自治区,巴彦淖尔",1,1,0
李毅,0,0,0,0,0,0,2017,0,0,天津,"津,天津",0,0,0
曾志权,1989,1992,1995,2000,0,2003,2017,0,0,广东,中山,1,0,0
陈吉宁,0,0,0,0,0,0,0,2017,8,北京,北京,0,1,0
马吉孝,0,0,0,2005,0,2010,2017,0,7,青海,海东,1,0,1
王嘉毅,0,0,1994,1998,0,2012,2017,0,7,甘肃,,0,0,1
田湘利,0,0,0,0,0,2001,2018,0,7,"海南,福建","三亚,三沙",0,0,1
文献,0,0,0,0,0,0,0,0,6,北京,"北京,朝阳,朝阳区",1,0,0
郭文奇,0,0,0,0,0,0,2017,0,7,"江苏,山西",太原,0,0,0
阿东,0,1998,0,2000,0,2016,2020,0,7,"北京,吉林,海南,辽宁","北京,吉林,三沙,三亚",0,1,1
朱鹏,0,0,0,0,0,2012,0,0,0,山西,运城,1,1,1
戴超：男,0,0,0,1997,2008,2016,0,0,6,甘肃,"酒泉,兰州,定西,临夏,玉门",1,1,1
廖建宇,0,1985,1994,1998,0,2012,2017,0,7,"辽宁,贵州",,0,0,0
张孝成,0,0,1992,1995,2006,2017,0,0,6,安徽,"滁州,淮南,怀远县,宿州,蚌埠,五河县,代县",1,1,0
贺懋燮,0,0,1990,1996,2009,2017,0,0,6,安徽,"合肥,新区,蜀山区,包河区,大庆,芜湖,龙凤区",0,1,0
龚定荣,0,1991,1998,2004,0,0,0,0,4,湖北,"沙洋县,荆门,潜江",1,1,1
李维超,1985,0,1994,0,2003,2017,0,0,6,"四川,重庆","北区,江北区,重庆",0,1,0
孙大伟,0,0,0,0,0,0,2017,0,7,广西,,0,0,1
戴柏华,0,1992,1994,1997,0,2009,2017,0,7,"湖北,河南",津,0,1,0
赵永峰,0,0,0,2017,0,0,0,0,6,上海,"上海,虹口区",1,0,0
冯志礼,0,0,0,1986,2001,0,2017,0,7,"云南,浙江","瑞安,嘉兴,洞头县,温州",0,1,0
杨晓云,1995,1998,1999,0,2006,0,0,0,6,"四川,重庆","武汉,重庆",1,0,0
许成仓,0,0,0,0,2002,2016,2018,0,7,"安徽,西藏","拉萨,昌都,山南",0,1,0
胡文容,0,0,0,1996,0,2011,2017,0,7,"山东,重庆",重庆,0,0,1
邢善萍,0,0,0,1999,0,0,2017,0,7,"山东,福建","历下区,济南",0,0,1
周立云,0,0,0,2017,0,0,0,0,6,北京,"北京,大兴区",0,0,0
王波,0,0,2001,0,2009,2015,0,0,0,四川,"成都,攀枝花,津,任县",0,1,0
王祥喜,0,1983,0,0,0,1996,2017,0,0,"湖北,河南","随州,荆州,焦作",1,1,0
郑建新,1995,1997,1998,2000,0,2005,0,0,6,"吉林,四川,湖南,贵州","吉林,长沙,衡阳,新区",0,1,0
慕新海,0,0,0,0,0,2017,0,0,6,四川,眉山,1,0,0
林郑月娥（CarrieLamChengYuet-ngor）,0,0,0,0,0,0,0,0,0,,,0,0,0
何健,0,1997,2003,0,0,2013,0,0,6,"四川,宁夏","沈阳,中卫,攀枝花",1,0,0
何金平,0,0,1995,0,2002,2007,2017,0,7,"河南,云南","大理,丽江",0,0,1
贺天才,0,0,0,1993,0,2011,2017,0,7,"北京,山西","北京,晋城,西区,太原",1,0,1
杨维,0,0,0,0,2013,2017,0,0,0,,"抚顺,葫芦岛,新抚区",1,1,0
石嘉兴,0,0,0,1997,2001,2009,0,0,0,,"哈尔滨,阿城,平房区,大庆,齐齐哈尔,道里区,新乡",0,1,1
倪耀明,0,0,0,2017,0,0,0,0,6,上海,"闵行区,上海",0,0,1
赵江涛,0,1991,1993,1999,2001,2017,0,0,6,"海南,内蒙古","南区,包头,海南区,呼和浩特,乌海,内蒙古自治区",0,1,0
王振昌,0,0,1993,1999,2010,0,0,0,0,"海南,青海","代县,和县",0,0,1
祖木热提·吾布力,0,0,2001,2008,0,2016,0,0,6,"天津,新疆","哈密,沙县,天津,喀什,津",1,1,0
张海波,0,0,0,0,0,2000,0,0,6,山东,"历下区,章丘,青岛,威海,济南,代县",0,1,1
童建明,0,0,0,0,0,1991,2009,0,0,河北,,0,0,0
崔景瑜,1989,0,1994,2001,2006,2017,0,0,6,甘肃,"陇南,昆明",1,1,0
杨贤金,0,0,0,0,0,2007,2014,0,7,"天津,福建","津,天津",0,0,1
王江,0,0,1999,0,0,0,2017,0,0,"江苏,上海,陕西,山东,湖北","德州,厦门,上海",0,0,1
黄宁生,0,0,0,1999,0,2009,2017,0,7,广东,"武汉,广州",0,0,0
于秀明,0,1993,0,2000,2006,2017,0,0,6,"江西,上海","抚州,德兴,鄱阳县,上饶,横峰县,新区,鹰潭,玉山县,上海,景德镇,宜春",0,1,0
彭沉雷,0,0,0,0,0,0,2017,0,7,上海,上海,0,1,0
陈群,0,0,0,0,0,0,2017,0,7,上海,上海,0,1,0
于国安,0,0,0,0,0,0,2017,0,7,山东,,0,0,0
任爱荣,0,0,0,0,0,0,2017,0,7,山东,,1,0,0
丁向群,0,0,1993,1999,0,0,2017,0,7,"北京,安徽,广西,浙江","北京,宁波",1,0,1
尹学群,0,0,0,0,0,2017,0,0,6,浙江,金华,0,1,0
霍照良,0,1996,0,2001,2011,0,0,0,0,"北京,海南,内蒙古","南区,海勃湾区,海南区,锡林郭勒盟,北京,乌兰察布,乌海,内蒙古自治区",1,0,0
贾君,0,0,0,0,0,2002,0,0,6,黑龙江,"七台河,佳木斯,新区",1,1,1
陈宇剑,0,0,0,2017,0,0,0,0,6,上海,"松江区,闵行区,上海",0,0,0
王玉君,0,0,1993,0,2001,2016,0,0,0,山东,"临沂,东营,曲阜",1,1,1
李文辉,0,0,0,0,0,2017,0,0,6,云南,,1,0,0
范中杰,0,0,1994,0,0,2008,0,0,6,"四川,广东","武汉,肇庆,惠州,新区",0,1,1
郑剑戈,0,1999,2001,2004,2008,2017,0,0,6,广东,"新区,汕头,肇庆,湛江",0,1,1
金寿浩,1990,0,1996,0,0,2003,0,0,6,"吉林,四川","龙泉,延边朝鲜族自治州,敦化,和龙,珲春,吉林,成都",0,0,1
罗萍,2000,0,0,2016,0,2017,0,0,6,云南,个旧,0,0,0
曾卿,0,1997,0,0,2010,2012,0,0,6,四川,"广安,成都,南京",1,1,0
何树平,0,0,1996,2004,2009,2017,0,0,6,"四川,湖南","自贡,新区,雅安,攀枝花,南充",0,1,1
迟中华,0,0,0,0,2017,2017,0,0,6,云南,楚雄,1,0,1
金之镇,1997,1999,2001,0,2016,2018,0,0,6,"天津,新疆","天津,乌鲁木齐,合作,津,五家渠,东区,昌吉",1,0,1
刘革安,0,1989,0,0,2015,2017,0,0,6,湖南,"张家界,湘潭",0,1,0
陈少荣,1992,1993,0,0,2006,2017,0,0,6,"重庆,贵州","贵阳,铜仁,重庆,六盘水",1,1,0
张淑萍,0,0,0,1996,2017,0,2018,0,6,辽宁,"庄河,丹东,大连,旅顺口区",1,1,1
戴彬彬,0,0,0,0,0,0,0,0,6,北京,"北京,怀柔区",0,0,0
王旺盛,0,2001,2006,0,2019,2020,0,0,6,"吉林,内蒙古","阿尔山,阿拉善左旗,赤峰,兴安盟,阿拉善盟,吉林,内蒙古自治区,扎赉特旗",0,1,1
卢宇国,0,0,0,0,0,2010,0,0,0,北京,"北京,怀柔区",1,0,0
李永群,0,0,0,0,0,2004,0,0,0,"北京,海南,广东","城区,新区,北京,南京,东城区,代县",0,0,1
铁刚,0,0,0,0,1992,0,0,0,0,"海南,辽宁","新区,沈阳,合作,儋州",0,1,0
尧斯丹,0,0,0,1985,1992,2000,2017,0,7,四川,,0,0,0
蔡朝林,0,0,0,0,0,2017,0,0,6,,"广州,沙区,揭阳",1,1,1
黄伟,1996,1999,2004,2008,2017,2019,0,0,6,贵州,"贵阳,福泉,遵义",1,1,0
刘锋,1992,1995,0,2005,0,2017,0,0,0,山西,"晋城,晋中,太谷县",0,1,0
曾任宜昌市伍家岗区副区长,0,0,0,2016,2020,0,0,0,5,,"宜昌,枝江",0,1,0
1984.09——1987.07,1992,1993,2004,2015,2017,0,0,0,5,"湖北,上海","西陵区,宜昌,伍家岗区,枝江,上海,秭归县,闵行区,猇亭区",0,1,1
张利,0,0,0,2016,2016,2019,0,0,6,宁夏,"武汉,石嘴山",0,1,0
张庆恩,0,0,0,0,0,2017,0,0,0,天津,"津,合作,天津",0,0,0
邱丽新,0,1998,1999,2001,2007,2016,0,0,6,"湖北,江苏,河北","黄冈,苏州,石家庄",1,1,0
殷向杰,0,0,0,2001,2006,2013,0,0,6,天津,"津,天津,宝坻区",0,0,0
杨玉经,0,2002,0,0,0,2006,0,0,6,宁夏,银川,0,1,0
班忠柏,1989,1992,1995,2001,2008,2017,0,0,6,广西,"百色,南宁,凭祥,防城港,贵港",0,1,0
秦春成,1992,0,1996,1997,0,2005,0,0,6,广西,"南区,梧州,桂平,新区,桂林,南县,贵港",1,1,1
袁家健,0,0,2016,2017,0,2019,0,0,6,"河南,天津","安阳,红桥区,津,天津",0,1,0
赵天杰,0,1992,1994,2002,0,2017,0,0,0,"北京,新疆","米泉,大连,北京,石河子,昌吉",0,0,1
王有国,0,0,0,0,0,2017,0,0,6,北京,"北京,大兴区",1,0,0
郭永红,1994,1999,2001,2005,2011,2017,0,0,6,"陕西,湖北","大冶,黄石,铁山区,商洛,浠水县,随州,黄石港区",0,1,0
尼牙孜·阿西木,0,0,2002,2006,2017,0,0,0,0,新疆,"喀什,阿克苏",0,0,0
张爱国,0,1988,1988,1994,0,2017,0,0,6,湖北,"荆门,天门,随州",1,1,0
刘启俊,0,1998,2010,2017,0,0,0,0,4,"北京,湖北","北京,神农架林区",1,0,1
张雷明,1995,1998,0,0,0,2008,0,0,6,"北京,河南","平顶山,鹤壁,北京",0,1,0
邹瑾,1992,1993,0,0,0,1998,0,0,6,四川,"广元,巴中,雅安,任县",0,1,0
朱是西,0,0,2001,2007,2011,2017,0,0,6,河南,"荥阳,驻马店,新区,郑州,登封,二七区",1,1,1
郭浩,0,0,2004,2007,0,2017,0,0,6,"北京,河南","北京,鹤壁",0,1,0
潘启胜,0,0,0,0,0,2017,0,0,0,湖北,孝感,1,1,1
张成中,0,0,0,0,0,2017,0,0,6,辽宁,阜新,1,1,0
李士伟,0,0,0,0,0,2017,0,0,6,辽宁,铁岭,1,1,1
高伟男,0,0,1998,0,0,1998,0,0,0,辽宁,"阜新,沈阳,盘锦,兴隆台区,新县,朝阳,铁岭",0,1,0
汪莹纯,0,0,0,0,0,2016,0,0,6,安徽,蚌埠,0,1,0
张岳峰,0,0,0,0,0,2017,0,0,6,安徽,"鞍山,马鞍山",0,0,0
王忠同志,0,1993,2002,0,0,2017,0,0,6,贵州,"仁怀,赤水,六盘水",1,0,1
雷绍业,1994,1997,0,0,2008,2017,0,0,6,湖南,"常德,株洲,娄底,怀化",0,1,1
叶露中,0,0,1999,2001,2004,2016,0,0,6,"北京,安徽,西藏","滁州,全椒县,琅琊区,六安,北京,山南,淮北,阜阳,代县",0,1,0
张伟文,0,0,0,0,0,2017,0,0,6,甘肃,"大连,兰州,新区",1,1,1
刘平治,0,1993,1996,1999,0,2001,2017,0,7,"湖南,海南",,0,0,0
罗强,0,0,0,1999,0,2012,0,0,6,贵州,,1,0,0
孙兵,1987,1994,1998,2002,0,2008,0,0,6,"湖北,浙江","黄石,婺城区,下陆区,城区,孝感,襄阳县,荆门,延安,金华,襄阳",0,1,0
许继伟,1987,1990,0,0,2006,2017,0,0,6,安徽,"滁州,黄山",1,1,1
张志川,0,0,0,0,0,2005,0,0,6,"河南,山西","武汉,晋城,郑州",1,0,1
邵国强,0,1995,1999,2003,0,2006,0,0,6,黑龙江,"佳木斯,哈尔滨,密山,鸡西,恒山区",0,1,1
唐登杰,0,0,0,0,0,0,2003,2018,8,"福建,上海",上海,1,1,1
袁光平,1991,0,1999,2005,2007,2017,0,0,6,海南,"儋州,海口,武汉,中山,新华区",1,1,0
凌希,0,0,0,0,0,0,2017,0,7,上海,上海,0,0,0
马涛,0,0,0,0,0,0,2018,0,7,湖北,,0,0,0
杨征,0,0,0,0,0,0,2018,0,0,"安徽,海南",,0,0,0
韩晓东,0,0,0,0,0,0,2017,0,0,河北,,0,0,0
孟中康,0,0,0,0,0,0,2018,0,0,江苏,,0,0,0
蒲永能,0,0,0,0,0,0,0,0,7,甘肃,,0,0,0
陈守民,0,0,0,0,0,0,2018,0,0,海南,,0,0,0
杨笑祥,0,0,0,0,0,0,2017,0,0,"江西,浙江",,0,0,0
姜英宇,0,0,0,0,0,0,0,0,0,,,0,0,0
张利明,0,0,0,0,0,0,0,0,7,广东,,0,0,0
赵冀鲁,0,0,0,0,0,0,2018,0,0,山东,,0,0,1
冯毅,0,0,0,0,0,0,2018,0,7,湖南,,0,0,0
姜永申,0,0,0,0,0,0,0,0,0,,,0,0,0
陈飞,0,1986,0,0,2001,0,2018,0,7,"湖南,云南","武汉,临沧",1,0,1
谢来发,0,0,0,0,2013,2018,0,0,6,江西,"长沙,上饶,九江,萍乡,宜春",1,1,0
李忠科男,0,0,0,0,0,2018,0,0,6,甘肃,"酒泉,嘉峪关",1,0,1
吴仰东,0,1983,1992,1998,0,2001,0,0,6,甘肃,"酒泉,白银",1,1,0
许勇,0,0,0,0,0,0,2018,0,0,西藏,,0,0,0
高键,0,0,0,2001,2003,2016,0,0,6,"辽宁,山西","大同,抚顺,太原,朔州,临汾",0,1,0
李杰云,0,0,0,0,0,2018,0,0,0,广西,梧州,0,1,1
雷健坤,0,0,0,0,2003,2018,0,0,6,山西,"朔州,临汾,阳泉",0,1,0
杨勤荣,0,1994,1998,2007,2014,2018,0,0,8,山西,"运城,南郊区,大同,永济,长治,闻喜县,津,晋城,河津,郊区",1,1,0
姜勇,0,0,0,0,0,0,2018,0,0,北京,北京,0,0,1
哈丹·卡宾,0,0,0,0,0,0,0,0,0,新疆,阿勒泰,1,0,0
胡永生,0,0,0,0,0,0,2018,0,0,河南,,0,0,1
郭延红,0,0,0,0,0,2018,0,0,6,北京,"北京,房山区",1,0,1
石迎军,0,0,0,0,2003,2008,0,0,4,"北京,河南","广州,北京,三门峡,济源,许昌,武汉,郑州,二七区",1,1,0
王冰,0,0,2004,2008,2011,2018,0,0,6,吉林,"白山,吉林",1,1,0
曲新勇,0,0,0,2001,0,0,2017,0,7,"四川,云南,青海","成都,南京,石家庄,昆明",0,0,0
刘尚进,1999,2002,0,2008,0,2009,0,0,6,"河南,浙江","漯河,南阳,新区,偃师,洛阳,瑞安,新乡",0,1,0
潘武俊,0,0,0,0,0,0,2018,0,7,宁夏,,0,0,0
张安疆,1998,2002,2004,2010,2012,2018,0,0,6,"重庆,甘肃","酒泉,南区,西安,重庆,武威",0,1,0
陈一清,0,0,0,0,0,2018,0,0,6,重庆,重庆,1,0,0
秦文敏,1988,1995,2000,2004,2008,2018,0,0,6,"四川,重庆","北区,武汉,重庆,新区",1,0,0
刘义全,0,0,0,0,2007,2018,0,0,0,"四川,重庆",重庆,0,0,1
牙生·司地克,0,1996,0,2002,2016,2017,0,0,6,新疆,"哈密,乌鲁木齐,喀什",1,1,1
韦韬,0,0,0,0,2017,2018,0,0,0,"重庆,广西","柳州,重庆,玉林",1,1,1
何友生,0,1989,0,1993,2006,2018,0,0,6,重庆,"南区,新区,重庆",0,0,1
何良军,1998,0,2001,0,2009,2018,0,0,6,"北京,广西","西区,河池,崇左,北京,桂林",1,1,1
陆克华,0,1989,1994,0,0,1996,2018,0,7,"重庆,广东","重庆,湛江",1,1,0
余建,0,0,2002,2005,2010,2011,2018,0,7,"四川,甘肃","广元,自贡,大安",1,1,1
李元平,0,0,0,0,0,0,2018,0,7,甘肃,,0,0,0
康义,0,0,1988,0,0,0,2018,0,7,"甘肃,福建,天津,上海,湖北","津,天津,上海",1,1,1
张韶春,0,1989,1993,1995,0,2007,2018,0,7,"安徽,湖北,内蒙古","六安,内蒙古自治区",0,1,0
费志荣,0,1983,1992,1997,0,0,2018,0,7,"北京,广西","武汉,北京",0,0,0
叶贞琴,0,1989,0,1995,1998,2015,2018,0,7,"北京,湖南,广东","朝阳,南京,北京,朝阳区",1,0,0
彭金辉,0,0,0,0,0,0,2018,0,7,"云南,海南",昆明,0,0,1
刘新云,0,0,1993,1997,0,2005,2018,0,7,"山东,山西","济南,淄博,淄川区,菏泽",0,1,1
魏国楠,0,0,1999,2000,0,0,2002,0,0,"北京,内蒙古,贵州","包头,长春,北京,乌海,呼伦贝尔,内蒙古自治区,昌平区",0,1,0
叶寒冰,0,1992,1997,0,2004,2012,2018,0,7,"四川,浙江","杭州,湖州,金华,温州",0,0,1
于杰,0,0,0,0,0,0,2018,0,7,山东,西安,0,0,0
刘金波,0,0,0,0,0,0,2018,0,7,"北京,吉林,天津","天津,北京,吉林,津,宁河县",0,0,1
王明山,1989,1991,1995,0,2001,2009,2018,0,7,新疆,乌鲁木齐,0,0,1
任华,1991,1992,1995,2000,2004,2013,2018,0,0,"云南,新疆",乌鲁木齐,0,0,0
哈德尔别克·哈木扎,0,1992,0,1995,0,2003,2018,0,7,"北京,天津,新疆","天津,塔城,城区,北京,津,东城区",0,0,0
崔玉英,0,1987,0,1992,1997,0,2002,2018,8,"北京,福建,西藏","北京,林芝",1,0,1
王红,0,0,0,0,0,0,2018,0,7,北京,北京,0,1,0
董家禄,0,0,0,0,0,2004,2018,0,7,"云南,天津","津,天津",0,1,1
刘凯,0,0,0,2000,2005,2013,2018,0,7,"浙江,河北,上海","青浦区,上海,宁波",0,0,1
夏延军,0,1987,1997,2001,0,0,2018,0,7,"北京,河北",北京,0,0,0
时清霜,1990,1992,1998,0,0,2002,2018,0,7,"北京,河北","北京,平泉县",0,0,0
男,0,0,0,0,0,0,1999,0,7,黑龙江,哈尔滨,0,1,0
龚道安,0,0,0,0,0,0,2018,0,7,上海,上海,0,1,1
王文序,0,0,0,0,0,0,2018,0,7,浙江,,0,1,0
王翠凤,0,0,0,0,0,2000,2013,0,7,安徽,"鞍山,马鞍山",0,0,0
孙菊生,0,0,0,0,0,0,2013,0,7,"江西,上海",上海,0,0,0
胡强,1989,1990,1994,2000,0,2003,2018,0,7,江西,,0,0,0
杨云彦,0,0,0,1999,0,0,2018,0,7,湖北,武汉,0,0,0
王一宏,1984,1989,1994,1997,0,2003,2018,0,7,四川,攀枝花,1,0,0
王世杰,0,0,0,0,0,0,2017,0,7,贵州,"成都,合作",0,0,0
吴强,0,0,0,1996,0,2002,2018,0,7,"上海,天津,贵州","天津,毕节,津,南京,上海,贵阳",0,1,0
罗梅,0,1993,1998,2000,0,0,0,0,7,"广东,西藏",林芝,0,0,0
孟晓林,0,0,0,0,0,2012,2018,0,7,"四川,西藏",,0,0,1
江白,0,0,1993,0,0,1997,2018,0,7,"北京,江苏,西藏","拉萨,北京,南京,朝阳区,朝阳",0,0,0
陈国强,1984,0,1994,2000,0,2004,2018,0,0,"陕西,广东","西安,深圳",0,0,0
胡明朗,0,0,2001,2005,2008,2017,2018,0,7,"陕西,山东,广西","柳州,河池,南宁,任县",0,1,1
张世珍,0,0,0,2000,2002,2007,2008,0,7,甘肃,兰州,0,1,0
李沛兴,1995,0,0,0,2004,0,2018,0,7,甘肃,"西安,白银",1,0,1
何伟,0,0,0,0,2002,0,2018,0,7,甘肃,"武威,兰州",1,1,0
欧阳晓晖,0,0,0,0,0,2010,2018,0,7,"北京,内蒙古","北京,内蒙古自治区",1,0,1
李秉荣,0,0,1996,0,2007,0,2018,0,7,内蒙古,"包头,九原区,新区,内蒙古自治区,郊区",1,1,0
孟庆海,0,0,0,0,0,2000,2018,0,0,"北京,辽宁","北京,抚顺",1,0,0
李金科,1995,2000,2001,2003,0,2015,2018,0,7,"宁夏,辽宁",,0,0,0
李悦,0,1992,0,0,0,0,2018,0,7,吉林,"吉林,通化",0,0,0
朱天舒,0,0,1994,1996,0,2003,2018,0,0,"吉林,江苏,新疆","阿勒泰,合作,吉林,南京,宿迁",1,1,0
安立佳,0,0,0,0,0,0,2018,0,7,吉林,"吉林,长春",0,0,0
刘旸,0,1996,1998,2002,0,2014,2018,0,7,"北京,山东,江苏,上海","北京,合作,上海,烟台",0,0,1
陈星莺,0,0,2004,0,0,0,2018,0,7,江苏,南京,0,0,0
郑建闽,0,0,0,0,0,2012,2018,0,7,福建,福州,0,0,0
关建勋,0,0,0,0,0,2018,0,0,0,,阳泉,0,0,0
孙大军,0,0,0,0,0,0,0,2018,8,山西,长治,1,0,0
孙继业,0,0,0,0,0,0,2018,0,7,山东,曲阜,0,0,0
刘伟,1991,1992,1995,1998,0,2013,2018,0,0,河南,"新区,郑州,柘城县,商丘",0,0,0
霍金花,0,0,1996,0,1999,2009,2018,0,7,河南,"武陟县,焦作",1,1,0
余艳红,0,0,0,0,0,0,2018,0,0,"湖南,广东",衡阳,0,0,1
李彬,0,0,1997,2000,0,2001,2008,0,7,广西,"桂林,成都,钦州",0,1,0
全桂寿,0,1984,0,0,0,2009,0,0,6,广西,梧州,1,1,0
苻彩香,1989,1992,0,0,0,0,2018,0,7,"海南,广东",,1,1,0
邓恢林,0,1991,1996,2000,2009,2014,2018,0,0,"湖北,重庆","武汉,宜昌,通山县,重庆",1,1,1
任军号,0,1984,0,1997,0,0,2002,0,7,"陕西,云南","西安,长安区",1,1,1
李玛琳,0,0,0,0,0,0,2018,0,7,"云南,上海","上海,昆明",0,0,0
张黎,0,0,0,0,0,0,2018,0,7,青海,,0,0,0
杨培君,0,0,1997,2004,2008,2010,2018,0,7,"陕西,宁夏",吴忠,0,1,0
张军,0,0,0,0,0,2018,0,0,6,海南,三沙,0,0,0
王建太,0,1987,0,1994,2003,2012,0,0,0,,"庆阳,平凉,金昌,定西",0,1,0
丁晖,0,1997,2000,2000,0,2015,0,0,6,"湖南,海南,上海","海口,上海",1,1,1
赵建平,0,0,0,1996,2008,2013,0,0,6,山西,"运城,朔城区,城区,应县,朔州,晋中",1,1,0
李爱武,0,0,0,0,2016,2018,0,0,6,湖南,岳阳,1,1,0
陈龙,0,0,0,0,0,2018,0,0,6,浙江,金华,1,1,0
汤飞帆,0,0,0,0,0,2018,0,0,6,浙江,衢州,0,1,0
吴晓东,0,0,0,2006,2012,2018,0,0,6,浙江,"舟山,普陀区,绍兴,丽水",0,1,0
姚高员,0,0,0,1998,2015,2018,0,0,6,浙江,"平湖,温州,嘉善县,代县,嘉兴",0,1,1
何中伟,1993,1998,0,2002,2008,2018,0,0,6,浙江,"绍兴,舟山,新区",0,1,0
张承义,0,1993,0,1995,2007,0,0,2013,0,上海,"米泉,乌鲁木齐,新区,上海,东区,昌吉",0,1,1
杨廷双,1994,1996,1998,2000,0,2003,0,0,6,黑龙江,"七台河,哈尔滨,牡丹江",0,0,0
王庭凯,0,0,0,0,0,2018,0,0,6,吉林,吉林,1,0,0
马晓晖,0,0,0,0,0,2018,0,0,6,浙江,湖州,0,1,0
邓群策,1988,1991,1993,2000,2013,2018,0,0,6,湖南,衡阳,0,1,0
余琨,0,0,1995,1998,0,0,2017,0,7,"云南,西藏","日喀则,拉萨,成都",0,0,1
方伟,0,0,0,0,0,2018,0,0,6,江苏,连云港,1,1,1
黄钦,0,0,1997,2005,2010,2018,0,0,6,"江苏,上海","张家港,苏州,昆山,上海,无锡",1,1,1
王昊,0,0,1994,1998,2007,0,2008,0,6,"北京,江苏","徐州,北京,南京,邳州,宿迁,沛县",1,1,0
黄玉林,0,1983,0,0,1988,1997,0,0,6,"四川,重庆","北区,重庆,中区",0,0,0
何庆,1996,1997,0,0,2007,2018,0,0,6,"四川,重庆","重庆,乐山",1,0,0
蔡锦军,0,1996,2001,0,2006,2018,0,0,6,"广西,江西","九江县,九江,北海,贵港",0,1,0
郑大光,1991,1993,2000,2004,2016,2018,0,0,6,"黑龙江,广东","双鸭山,齐齐哈尔,佛山",0,1,0
李春临,1997,2000,2003,2007,0,2008,0,0,6,陕西,"宝鸡,安康,榆林",1,1,0
丁中平,0,0,0,2018,0,0,0,0,6,重庆,重庆,0,0,0
袁勤华,0,0,0,0,0,2018,0,0,6,重庆,重庆,0,0,0
付忠伟,0,0,0,0,0,2013,0,0,6,辽宁,盘锦,0,0,0
谭丕创,0,1991,2003,2006,2011,2018,0,0,6,广西,"钦州,梧州,百色,合作,西宁,凭祥,崇左",1,1,0
徐绍川,0,1985,1992,1995,1997,2007,2018,0,7,"北京,广西,河北","北京,合作,唐山",1,0,0
马国强,0,0,1993,1997,0,0,2018,0,0,"北京,湖北,上海","北京,武汉,上海",1,0,1
王水平,1996,1997,2000,2003,0,2013,0,0,0,江西,"宜春,南昌",0,1,0
傅华,0,0,0,0,2007,2011,2018,0,0,"北京,广东","北京,城区,西城区",0,0,0
周旭,0,0,0,1994,0,0,0,2002,6,"四川,重庆","重庆,大连",1,1,1
谢一平,0,1985,1992,1995,2005,2016,0,0,0,"江西,新疆","南昌,星子县,鹰潭,九江,宜春",0,1,1
陈敏,0,1993,1997,1998,0,2008,0,0,6,"天津,广东","天津,城区,云浮,深圳,津,梅州,清远,罗定",1,1,1
张兆民,0,0,0,0,0,1997,2018,0,7,福建,"龙岩,平潭县,南平",1,1,0
林文耀,0,0,0,0,0,0,0,0,0,福建,,0,0,0
斯琴毕力格,1988,1990,0,2003,2012,2018,0,0,6,内蒙古,"鄂尔多斯,锡林郭勒盟,正蓝旗,乌兰察布,内蒙古自治区,西乌珠穆沁旗,锡林浩特",1,1,0
陈平,0,1995,2002,2007,2011,2018,0,0,6,山东,"寒亭区,城区,聊城,泰安,潍坊,潍城区,菏泽,寿光",1,1,1
犹王莹（合拼）,0,1999,0,0,2011,2017,0,0,6,"北京,江西,西藏","北京,拉萨,新余",0,1,0
于长辉,0,0,0,2018,0,0,0,0,6,北京,"北京,昌平区,石景山区",0,0,0
刘建洋,0,0,0,1985,0,2004,0,0,6,"江西,福建","新区,莆田,南昌",1,1,1
王力军,0,0,0,0,0,2018,0,0,6,"北京,天津","北京,津,丰台区,天津",0,0,0
孟庆斌,0,0,1993,1997,2011,2018,0,0,6,"台湾,山东","济南,日照,临沂,中区",1,1,0
孙军民,1997,1999,2002,2004,2011,2018,0,0,6,北京,"北京,丰台区,顺义区",0,0,0
金晖,0,0,0,0,0,0,0,0,6,北京,"东城区,城区,北京",1,1,0
赵磊,0,0,0,2005,2009,2018,0,0,6,北京,"通州区,丰台区,通州,北京",1,0,0
王合生,0,0,0,0,0,0,0,0,6,北京,"北京,昌平区",0,0,0
石光亮,0,0,1998,0,0,2012,0,0,6,山东,"合作,济宁",0,1,0
1984.09—1987.08丹阳师范学校普师专业学习,1992,1994,1998,2001,2011,2018,0,0,6,江苏,"盐城,徐州,新区,泰州,南京,润州区,镇江",0,1,1
孙弘,0,0,0,0,0,2018,0,0,6,吉林,"吉林,辽源",1,1,0
夏心旻,0,1986,0,1999,0,2016,0,0,6,江苏,"淮阴县,淮安,洪泽县,扬州",0,1,0
刘吉男,0,0,0,0,1998,2018,0,0,6,广东,"武汉,南京,惠州",1,1,0
郭灵计,0,0,2000,0,0,2016,0,0,6,"吉林,新疆,山西","吉林,四平,长春",1,1,0
周慧琳,0,0,0,0,0,0,2018,0,7,上海,上海,0,0,0
买买提明·卡德,0,1995,1997,2001,2017,2018,0,0,6,新疆,"阿克苏,吐鲁番",0,1,0
杨兵,0,0,0,2003,2017,2018,0,0,6,天津,"南开区,津,天津,新区",1,0,0
李清,0,0,0,0,0,2018,0,0,6,天津,"津,红桥区,天津",0,0,0
贺亦农,0,1995,0,0,0,2010,0,0,6,天津,"南区,津南区,西区,天津,静海县,津,河西区",0,0,1
张伟,0,1995,0,0,2011,2018,0,0,6,"河北,天津,新疆","南区,津南区,天津,津,和田",0,0,1
徐大彤,0,0,0,0,2010,2018,2019,0,7,"陕西,天津","津,天津,武清区,新区",0,0,0
王兴宁,0,0,0,0,0,0,2018,0,7,陕西,,0,0,0
白凤祥,0,0,2007,0,2013,2018,0,0,6,天津,"天津,东丽区,塘沽区,西青区,新区,津",0,0,0
王宝雨,2001,2001,2011,2018,0,0,0,0,6,天津,"北辰区,津,宝坻区,天津",0,0,1
张福海,0,0,0,0,2005,0,2018,0,7,"辽宁,广东","庄河,柳州,合作",0,1,0
姜德志,0,0,0,0,2007,2018,0,0,6,天津,"西区,天津,红桥区,津,河东区,河西区,东区",1,0,1
宇向东,1990,1992,1997,2000,0,2010,0,0,6,山东,"滨州,武汉,济南,东营",1,1,0
刘强,0,1992,1996,1998,0,0,2018,0,7,"江西,浙江",武汉,1,0,0
郑钢淼,0,0,0,0,0,0,2018,0,7,上海,上海,0,0,0
黄汉标,0,0,0,0,0,2018,0,0,6,广东,云浮,1,0,0
陈之常,0,0,0,2019,0,2019,0,0,6,江苏,"淮安,石景山区",0,1,0
朱桂云,0,0,1997,2002,2012,2017,0,0,0,"天津,贵州","天津,合作,安顺,新区,津,厦门,宁河县,贵阳",1,1,0
刘勇,0,0,0,0,0,2018,0,0,6,云南,"普洱,武汉",1,1,1
邵革军,0,0,0,0,0,1992,0,0,6,"四川,山西","巴中,高平,绵阳,乐山,成都,遂宁,攀枝花,汉中",1,1,0
刘坪,1988,1989,1996,0,0,0,0,1997,0,四川,"新民,宾县,代县,宜宾",0,0,1
吴旭,0,0,1996,0,2000,2018,0,0,6,四川,"巴中,自贡,资阳,雅安,大安",1,1,0
李婧,0,0,1989,2003,0,2010,0,0,0,陕西,"西安,合作",0,1,0
马相忠,0,0,0,1993,2004,2010,0,0,6,甘肃,"临夏,陇南",0,0,0
何光中,0,1984,0,1998,2003,2016,0,0,6,"北京,湖北","北京,随州,荆州",0,1,1
元方,0,0,2005,2006,2010,2018,0,0,6,四川,"绵阳,西安,安国,广元",1,1,1
何礼,0,0,0,0,2004,2016,0,0,6,四川,"成都,德阳,南充",1,1,0
陶方启,0,0,0,0,0,1982,0,0,6,安徽,"潜山县,安庆,代县,望江县,宣城,郊区",0,1,1
周伟,0,1997,0,2006,2013,2018,0,0,6,甘肃,"武威,天水",0,1,0
刘洪建,0,1998,2008,0,0,2018,0,0,6,福建,"宁德,合作,南平,霞浦县,福鼎",1,1,1
梁伟新,0,0,0,1996,1998,2011,0,0,6,福建,"武夷山,漳州,宁德,合作,南平,邵武",1,1,1
王永礼,1994,1995,1999,2001,0,2016,0,0,6,"安徽,福建",泉州,1,1,0
王磊,1994,2000,2003,2010,2015,0,0,0,5,山东,"龙泉,淄博,淄川区,菏泽,曲阜",0,1,0
李永红,1995,1998,2005,2009,2014,2018,0,0,6,山东,"日照,合作",0,1,0
喻红秋,0,0,1992,1996,0,2010,2012,0,0,"吉林,河南,贵州","合作,遵义,吉林,大庆,贵阳",1,0,1
贾瑞云,0,0,0,2000,2007,2009,0,0,6,"四川,重庆","重庆,大连,成都,德阳,攀枝花",1,0,0
常正国,1991,1995,1997,2001,2004,2011,2018,0,7,甘肃,定西,0,1,0
沈丹阳,1985,0,0,1992,2008,0,2018,0,7,"江苏,海南,福建","无锡,合作,厦门",1,0,0
陈善光,1986,1988,1996,0,1997,2012,0,0,0,福建,"连江县,城区,宁德,蕉城区,平潭县",0,0,0
马里,0,1993,1997,2005,0,2010,0,0,6,"吉林,黑龙江,广东,西藏","中山,佳木斯,吉林,绥化,海林,黑河,东宁县,牡丹江",0,1,1
杨鑫,0,1989,1994,1997,2006,2013,2017,0,7,"陕西,新疆","西安,兴平,延安,咸阳",0,0,0
姜小林,0,0,0,0,0,2018,0,0,6,辽宁,本溪,0,0,0
巢克俭,0,0,0,0,0,1996,0,0,6,上海,"黄浦区,上海",1,0,0
陆方舟,0,0,0,0,0,2018,0,0,6,上海,"上海,嘉定区",1,0,1
周学文,0,0,0,0,1996,0,2018,0,0,甘肃,,0,0,0
杲云,0,0,0,2013,0,0,0,0,4,,"黄浦区,嘉定区",0,0,0
章曦,0,0,0,0,2014,2016,2020,0,7,"安徽,上海","徐汇区,上海,嘉定区",1,0,0
来鹤,0,0,0,0,0,2016,0,0,6,辽宁,抚顺,0,1,0
张爱军,0,1997,2002,2004,2008,2018,0,0,6,"河南,广东","合肥,扶沟县,新安县,洛阳,梅州",0,1,0
石玉钢,0,1989,1997,0,0,0,2018,0,7,"吉林,广西,云南",吉林,0,0,0
刘强,0,0,0,0,0,0,2018,0,7,山东,,1,0,1
靳磊,0,1992,2002,0,2015,2018,0,0,6,"四川,河南","安阳,德阳,周口,武汉,郑州",1,1,0
李云泽,1997,1999,2000,2001,0,0,2018,0,7,"北京,四川,天津,重庆","北京,津,天津,重庆",0,0,1
张光军,0,0,0,0,0,0,2018,0,0,"四川,广东",哈尔滨,0,0,1
石爱作,1987,1994,0,2006,2012,2018,0,0,6,山东,"邹城,郓城县,济宁,巨野县,枣庄,鱼台县,梁山县,菏泽",1,1,1
马富国,0,1986,1996,2003,0,2011,0,0,6,河南,"鹤壁,民权县,梁园区,永城,商丘",1,1,1
陆晓栋,0,0,0,0,0,0,0,0,0,,,0,0,0
杨青玖,0,1997,0,2009,2012,2018,0,0,6,河南,"漯河,焦作,舞阳县,代县,郑州,濮阳",0,1,1
卢柯,0,0,0,0,0,0,2018,0,7,"辽宁,上海","沈阳,南京,上海",0,0,0
韩玉起,0,0,0,1985,0,2018,0,0,6,辽宁,鞍山,1,0,0
牛一兵,0,0,0,0,0,0,2018,0,7,"陕西,天津","津,天津",1,0,1
李晓波,0,0,0,0,0,2018,0,0,6,宁夏,中卫,0,1,1
朱国贤,0,0,0,0,0,0,0,0,7,浙江,,0,0,0
王文宇,0,0,0,0,0,2018,0,0,6,,石嘴山,0,0,0
赵刚,0,0,0,0,0,0,2018,0,7,陕西,,1,0,1
方光华,0,0,0,0,0,0,2018,0,7,陕西,,0,1,0
于洪涛,0,0,0,1997,0,2007,0,0,6,黑龙江,"七台河,萨尔图区,大同,哈尔滨,大庆,大同区,绥化,鸡西",0,1,0
巢克俭,0,0,0,0,2015,2018,0,0,6,上海,"黄浦区,静安区,上海",0,0,0
赵志远,0,1996,1999,0,2000,0,0,2005,6,"北京,山东,吉林","高密,诸城,威海,东营,北京,吉林,潍坊",1,1,1
穆红玉,0,1986,1994,2000,0,2009,2018,0,7,"北京,吉林,重庆,天津","天津,塘沽区,重庆,城区,北京,吉林,津,西城区",0,0,1
刘爽,0,1996,1999,2002,0,2014,2017,0,7,"北京,河北",北京,0,0,0
王鲁明,0,0,0,0,2003,2010,0,0,6,山东,"青岛,城阳区,威海",0,1,0
刘锋,1989,1991,0,2005,2013,2018,0,0,6,江西,"余干县,广丰县,鄱阳县,上饶,丰镇,玉山县,景德镇,丰县",0,1,1
郭宁宁,0,0,0,0,0,0,2018,0,7,福建,,1,0,0
刘海军,0,0,2000,0,2009,2018,0,0,6,湖北,"西陵区,黄冈,宜昌,咸宁,嘉鱼县,十堰,鄂州,武汉",1,1,1
柴伟,0,0,0,2004,2010,2018,0,0,6,吉林,"松原,吉林,公主岭,桦甸,辽源,四平",0,1,0
杨晋柏,1994,2000,0,2003,0,0,2020,0,7,"北京,广西,贵州","北京,西安",1,1,0
陈瑞峰,0,0,0,0,0,2016,0,0,6,湖北,"武汉,随州,新区",1,1,0
何忠华,0,0,2001,2003,2018,2018,0,0,6,黑龙江,"饶河县,同江,佳木斯,大庆,南县,桦南县",0,1,0
郑莉,0,1996,0,0,0,2012,0,0,6,四川,"内江,成都,新区",0,1,0
朱政学,0,0,0,0,0,2018,0,0,6,,"秦皇岛,邢台",0,0,0
杨志斌,0,0,0,0,0,0,2018,0,7,陕西,"武汉,兰州,福州",0,0,0
王艳勇,0,1986,0,1997,0,0,2018,0,7,"重庆,贵州","成都,重庆",0,0,0
李宁,0,0,0,0,0,0,2018,0,7,河北,,0,0,0
李军,0,0,0,0,0,0,2018,0,7,天津,"津,天津",0,0,0
吴亚非,0,0,0,0,0,0,2018,0,7,江西,,0,0,0
吴晓华,1995,1996,1998,2004,0,2013,0,0,6,"安徽,河北","合肥,衡水",1,1,0
惠新安,0,0,0,1985,1998,2007,0,0,6,山东,"潍坊,北区,青岛",1,0,0
蓝庆华,0,0,0,0,2000,2018,0,0,6,重庆,重庆,1,0,1
邓正权,1993,1997,2000,2004,2015,2018,0,0,6,四川,"眉山,宜宾,遂宁",0,1,0
沈莹,0,0,0,1999,2003,0,2018,0,7,"北京,黑龙江",北京,0,0,0
赵万山,1987,1988,1996,1999,2004,2014,0,0,6,黑龙江,"拜泉县,伊春,富裕县,泰来县,绥化,齐齐哈尔,榆树",0,1,1
李步彬,0,1989,0,2001,2014,2019,0,0,6,"四川,重庆","重庆,城区",0,0,1
冯文平,0,0,0,0,0,0,2019,0,7,浙江,,0,0,0
毛平,1993,0,0,0,0,2007,0,0,6,"北京,四川,重庆","重庆,新区,北京,津,江北区,北区,怀柔区",0,0,0
蒋牧宸,0,2000,2005,2006,2011,0,0,2015,6,重庆,"武汉,重庆",0,1,0
男,0,0,0,0,2016,2018,0,0,6,上海,"青浦区,上海",1,0,1
于波,0,0,0,0,0,2019,0,0,6,北京,北京,0,0,1
刘维,0,0,0,0,0,0,2019,0,7,吉林,吉林,0,0,0
杨东,0,1988,1996,1998,0,0,2018,0,7,宁夏,,0,0,1
周成方,0,0,0,0,0,2008,0,0,7,"安徽,广西",,0,0,1
李晓波,0,0,0,0,0,2018,0,0,6,"北京,山西","北京,太原,西安",1,1,1
张果,0,0,0,2005,2012,2019,0,0,6,"四川,重庆","重庆,津",1,0,1
韩强,0,0,0,0,0,0,2019,0,7,山西,,0,0,0
郑雁雄,0,0,0,0,2005,2008,2019,0,7,广东,"广州,中山,汕尾",1,1,0
佘春明,0,0,0,0,0,2015,0,0,6,山东,"滨州,合作",1,1,1
李石松,0,0,0,0,0,2019,0,0,6,云南,曲靖,1,1,0
吴秀章,0,0,1999,0,0,0,0,0,7,"山东,宁夏",,1,0,0
宗明,0,0,0,0,0,0,2019,0,7,上海,上海,0,1,1
张义珍,0,0,0,0,0,0,2019,0,7,广东,,0,0,0
邵玉龙,0,0,0,0,0,1998,0,0,6,福建,"漳州,南京",1,0,1
张迎春,0,0,0,2006,2012,2019,0,0,6,湖南,"长沙,沙县,大同,长沙县,芙蓉区,湘潭,新区,雨花区,开福区,宁乡县",1,1,1
刘炳国,0,1988,1997,2001,2012,2017,0,0,6,山东,"莱山区,德州,烟台,龙口,潍坊,莱阳,蓬莱,海阳",0,1,0
何录春,1996,1999,2002,2006,0,2014,0,0,6,"广西,湖南","常宁,临武县,苏仙区,桂东县,郴州,衡阳,贵港,永州",0,1,1
男,0,0,0,0,0,2019,0,0,6,上海,"静安区,上海",0,0,1
韩志凯,0,0,0,0,0,0,2018,0,7,重庆,重庆,0,0,0
于天敏,0,0,0,0,0,0,2019,0,7,"四川,重庆,辽宁",重庆,0,0,0
李平,0,0,0,0,0,2010,0,0,6,"山东,吉林","枣庄,通化,吉林",1,1,1
金汇江,0,0,0,0,0,0,0,0,6,天津,"津,天津",0,0,0
史根治,1981,1987,1997,1999,2006,2018,0,0,6,河南,"尉氏县,杞县,南关区,通许县,许昌,周口,兰考县,开封,商丘",0,1,1
郭鹤立,0,0,1992,2002,2005,2018,0,0,0,甘肃,"临夏,兰州,安宁",1,0,1
张虎,1991,0,1996,1997,0,2011,2019,0,7,"北京,广东","北京,广州,中山,深圳",1,1,1
覃伟中,0,0,0,2000,0,0,2019,0,7,"北京,广东","北京,九江",1,0,1
苏保成,0,0,0,0,0,0,0,0,7,福建,,0,0,0
许桂清,0,0,0,0,0,2019,0,0,6,辽宁,营口,0,1,0
王东群,0,0,2005,2011,2016,0,0,0,4,"北京,河北","路南区,南区,唐山,新区,北京,乐亭县,定州,代县,滦县",1,0,0
张涛,1999,1999,2002,0,0,2005,0,0,4,河北,定州,0,1,0
王现坤,0,0,1997,0,2003,0,0,0,4,"河北,山西","邯郸,辛集,邯山区",1,1,0
邸义,0,0,0,2009,0,0,0,0,0,河北,"唐山,古冶区,辛集,新区",0,0,0
田军,1996,2001,0,2008,2019,0,0,0,4,"北京,河北","北京,辛集,定州",0,1,0
魏建锋,0,0,0,1999,0,2000,0,0,6,陕西,"西安,渭南,汉中",0,1,0
傅永国,0,0,0,0,0,0,2019,0,7,黑龙江,,0,0,0
李雅林,0,0,0,0,2001,2019,0,0,6,"山东,广西,西藏,广东","潮州,佛山,贺州,林芝",0,1,0
林涛,1996,2001,2004,2006,0,0,2011,0,6,"北京,江苏,广东","汕尾,惠州,广州,合作,北京,无锡,揭阳,河源",0,1,0
谢又生,1996,2000,2002,2006,2018,2019,0,0,6,甘肃,"张掖,合作,泰县,兰州",1,1,1
于强,0,1996,1999,2001,0,2018,0,0,6,吉林,"吉林,松原,合作",1,1,0
袁古洁,0,0,0,0,2011,2019,0,0,6,"北京,江苏,广东","盐城,北京,阳江,中山,茂名",1,1,0
刘涛,0,0,1995,0,0,2018,2019,0,7,"四川,河北,青海",唐山,0,1,0
旦巴旺久,0,1999,2002,2006,2019,0,0,0,5,"河南,西藏","吉县,太原,开封",0,1,0
郑宏范,0,0,0,0,2004,2008,0,0,7,内蒙古,"信阳,内蒙古自治区",0,0,1
凌文,0,0,0,0,0,0,2019,0,7,山东,哈尔滨,1,0,0
石岱汉族,0,0,0,0,0,0,2019,0,7,"宁夏,上海","西安,上海",1,0,1
徐贱云,0,0,0,0,0,0,0,0,6,北京,"北京,丰台区",1,0,1
男,0,0,0,2020,0,0,0,0,4,,怀柔区,0,0,0
孙硕,0,0,0,2019,0,0,0,0,6,北京,"北京,城区,西城区",1,0,0
张涛,0,0,0,0,2004,2013,0,0,6,山东,"泰安,东平县",1,1,0
吕岩松,0,0,0,0,2000,0,2019,0,7,"北京,辽宁,山西",北京,0,0,0
曾劲,0,0,0,0,0,2019,0,0,4,北京,"北京,海淀区",1,0,1
王卫东,0,1992,1998,2000,0,0,2018,0,7,"河北,西藏","武汉,定州",0,0,0
张维亮,0,0,1994,2000,0,2004,0,0,6,河北,"唐山,邯郸,张家口,长春,新区",1,1,1
冯忠华,1995,1998,0,2006,0,0,2019,0,7,海南,合肥,0,0,0
高志国,0,0,0,0,0,2019,0,0,6,吉林,"通化,吉林",0,0,1
卢建军,0,0,0,0,0,0,2019,0,7,陕西,,0,0,1
廖仁松,0,1985,0,2001,2006,2016,0,0,6,四川,"龙泉,成都,资阳",1,0,1
张立林,0,0,2000,2001,0,0,2019,0,7,"辽宁,上海","上海,大连,虹口区",0,0,0
胡广杰,0,0,0,2019,0,0,0,0,4,,虹口区,1,0,1
郭芳,0,0,0,0,0,0,0,0,6,上海,"上海,奉贤区",0,0,1
张科,1992,1993,1998,0,2012,2019,0,0,6,广东,"揭阳,东莞,中山,新区",0,1,0
龚宗元,0,0,0,0,0,0,0,0,6,北京,北京,1,0,1
江敦涛,0,0,0,0,0,2019,0,0,6,山东,淄博,1,0,0
袁方,0,0,0,0,2003,2019,0,0,6,"安徽,浙江","鞍山,宿州,淮南,哈尔滨,马鞍山,安庆,亳州,蒙城县",1,1,1
张宏森,0,0,0,1997,2002,0,2019,0,7,"山东,湖南",淄博,0,0,0
汤志平,0,0,0,0,0,0,2019,0,7,上海,上海,0,1,1
许罗德,0,0,1983,1996,1999,0,2019,0,7,"上海,浙江",上海,1,0,1
李波,0,0,0,0,0,0,2019,0,7,重庆,重庆,0,1,0
王凤朝,0,0,0,1994,2005,0,0,0,7,四川,"内江,成都",1,1,1
王岚,0,0,0,2019,0,0,0,0,4,,长宁区,1,1,1
谭炯,1990,1993,0,0,0,0,2019,0,7,"西藏,广东,上海,贵州,云南","武汉,上海",1,0,1
曾任中国农业银行辽宁省分行国际业务部总经理助理、副总经理、总经理,0,0,0,0,0,0,2019,0,7,河北,,1,0,1
吴伟,0,0,1998,0,0,0,2019,0,7,"辽宁,山西",武汉,1,0,1
陈小平,0,0,0,0,0,0,0,0,7,江西,,0,0,0
蔡东,0,0,2000,2002,0,0,2019,0,7,"吉林,天津,山东","吉林,津,天津",1,0,1
赵刚,0,1984,2001,2006,2013,2015,0,0,0,云南,个旧,0,0,1
颜伟,0,0,0,0,0,2019,0,0,6,"重庆,贵州",重庆,0,0,0
宋晓路,0,0,2006,2006,2011,2018,0,0,6,贵州,"安顺,遵义",0,1,0
连茂君,0,0,0,2007,2010,2013,2019,0,7,"天津,辽宁","沈阳,于洪区,天津,新区,津",1,1,0
操龙灿,0,1991,1997,1999,2009,2019,0,0,6,安徽,"合肥,六安,蚌埠,阜阳,池州",1,1,0
艾俊涛,0,1991,1995,2000,0,2004,2019,0,7,"宁夏,江西,西藏",,1,0,0
姜冬冬,0,0,0,1996,0,0,0,0,4,,普陀区,0,1,0
张忠,0,0,0,0,0,0,2019,0,7,吉林,吉林,0,0,0
倪耀明,0,0,0,0,0,0,0,0,4,,闵行区,1,0,1
胡卫国,0,0,0,0,0,0,0,0,4,,金山区,1,0,1
王以志,0,0,0,0,0,2018,0,0,0,云南,,0,0,1
黄志强,0,0,1999,2002,0,0,0,0,7,"辽宁,内蒙古,浙江",内蒙古自治区,1,0,1
高开贤,0,0,0,0,0,0,0,0,0,,,0,0,0
于会文,1994,1998,2001,2002,0,2010,0,0,6,"四川,重庆,辽宁","沈阳,重庆,攀枝花",0,1,0
1980.09衡阳师专（今衡阳师院）中文专业学习,0,0,1992,1995,2006,2015,0,0,0,"北京,湖南","娄底,郴州,北京,南县,衡南县,衡阳,北区,邵阳,石鼓区",0,1,0
陈杰,0,0,0,2020,0,0,0,0,4,,宝山区,1,0,0
薛侃,0,0,0,2020,0,0,0,0,4,,杨浦区,0,0,0
李谦,0,0,0,0,0,2019,0,0,4,上海,"上海,松江区",1,0,0
张永霞,0,1998,0,2001,2003,2015,0,0,6,"山东,河北,甘肃","金昌,烟台,日照,威海,东港",0,1,0
李新,0,0,0,0,2019,0,0,0,6,北京,"北京,石景山区",1,0,0
李新,0,0,0,0,2019,0,0,0,6,北京,"北京,石景山区",1,0,0
李新,0,0,0,0,2019,0,0,0,6,北京,"北京,石景山区",1,0,0
许永锞,1991,0,1996,2000,2002,2016,0,0,6,"北京,广西,广东","北京,钦州,清远,广州",0,0,0
熊燕斌,1997,2001,0,2004,0,2019,0,0,6,"北京,重庆,江西,山西","重庆,北京,永新县,新县,朔州",1,1,1
张佰成,0,1998,0,0,0,2003,0,0,6,"广西,内蒙古","呼和浩特,南宁,内蒙古自治区,新区",0,1,0
唐毅,0,2001,2006,0,2015,2019,0,0,6,"重庆,内蒙古,上海","重庆,乌海,上海,内蒙古自治区",1,1,1
王纲,0,0,0,0,0,2018,0,0,6,浙江,湖州,1,1,0
何智能,0,0,0,0,2018,2019,0,0,6,"湖南,天津","张家界,天津,红桥区,津,和平区",0,0,0
姜国杰,0,2004,2008,2014,0,2015,0,0,6,"四川,重庆,西藏","日喀则,重庆,太原",1,1,0
王一鸥,0,0,0,1990,0,2016,0,0,6,"湖南,辽宁",岳阳,1,0,0
陈金虎,0,1996,2000,0,2002,2015,0,0,6,江苏,"江阴,丹阳,常州,南京,无锡",0,1,0
王晖,0,1997,2003,0,2009,2012,0,0,6,"江苏,西藏","拉萨,徐州,南京,南通",1,1,1
张宝娟,1994,1997,2000,2005,0,2010,0,0,6,江苏,"泗阳县,南京,苏州,扬州",0,1,0
吴海平,0,1984,0,2005,2012,2019,0,0,6,浙江,"仙居县,代县,温岭,台州",0,1,1
马坚,1996,2000,2002,2005,2009,2013,0,0,6,"青海,西藏,吉林,四川,山西","白山,拉萨,西宁,吉林,太原,成都",0,1,1
李长萍,0,1998,2006,2008,2016,2019,0,0,6,"北京,山东","西区,聊城,哈尔滨,海淀区,北京,朝阳区,朝阳",1,1,0
邓忠,1994,1996,2001,2003,2012,2019,0,0,6,海南,"三亚,三沙",0,1,0
邹广,0,1999,2005,2007,0,0,2008,0,6,"北京,海南,广东","汕尾,儋州,北京,深圳,武汉",0,1,0
男,0,0,0,2006,2012,2020,0,0,6,"四川,湖北","西昌,随州,巴中",1,1,0
高洪波,0,0,0,1997,2003,2019,0,0,6,"四川,重庆","北区,重庆,江北区,新民",1,0,0
张新,0,0,0,0,0,0,2020,0,7,"上海,广东",上海,1,0,1
李新,0,0,0,0,0,2019,0,0,6,北京,"北京,石景山区",1,0,0
胡元坤,1991,1996,1999,2001,0,2013,0,0,6,"四川,江苏","成都,眉山,中山,南京",0,1,0
范波,0,0,1991,2003,0,2020,0,0,6,"吉林,四川","吉林,自贡",0,0,0
虞平,0,1996,2000,2005,2011,2020,0,0,6,四川,"攀枝花,宜宾,宾县",0,1,1
刘健,0,0,0,2020,0,0,0,0,4,,金山区,0,0,0
缪京,0,0,0,0,2019,2020,0,0,4,上海,上海,0,0,1
孙大海,0,0,0,2000,0,2018,2020,0,7,"天津,海南,福建,广东","天津,新区,津,厦门,中山",0,0,1
2020.1辽宁省委委员、常委,0,0,0,0,0,0,0,0,0,辽宁,,0,0,0
邱月潮,0,0,0,0,0,0,2020,0,7,山东,,0,0,0
王春宁,0,0,0,0,0,0,0,0,0,,,0,0,1
张宝伟,1993,1994,0,2002,2006,2011,0,0,0,黑龙江,"萨尔图区,鹤岗,大连,大庆,龙凤区",0,0,0
张国智,0,0,0,0,0,2019,0,0,6,重庆,重庆,0,0,0
贾晖,2003,2005,2008,2011,0,0,0,0,4,"四川,重庆",重庆,1,0,0
2018年任西藏军区政治委员；,0,0,0,0,0,0,2020,0,7,西藏,,0,0,0
逯峰,0,2003,2005,2008,0,2017,0,0,6,"河南,广东","洛阳,中山,汕尾,广州",0,1,0
1982.09——1986.07,0,0,0,0,2001,2012,0,0,6,江苏,"吴江,苏州,镇江",1,1,0
何清凤,0,0,0,0,0,0,2020,0,7,海南,,0,0,0
刘孝华,0,0,0,0,0,0,2020,0,7,安徽,,0,0,0
2020年01月任江苏省军区司令员。,0,0,0,0,0,0,0,0,0,江苏,,0,0,0
朱健,0,2002,0,2009,0,0,2017,0,6,"湖南,上海","上海,长沙,怀化,衡阳",1,1,1
张国旺,0,0,0,2006,2011,2020,0,0,6,福建,"龙岩,南平,延平区",1,1,1
马森述,0,0,0,0,0,0,2019,0,7,江西,,0,0,0
姜四清,1989,1991,2001,2004,2009,2015,0,0,6,"北京,安徽,山西","北京,阳泉,芜湖",1,1,0
男,0,1991,2000,2004,0,0,2020,0,7,"吉林,黑龙江","武汉,吉林,伊通满族自治县",0,1,0
吴浩,0,0,0,0,0,2016,2020,0,7,"河南,江西",,1,0,1
白松涛,0,0,0,2003,2009,2017,0,0,6,"北京,广西,西藏","崇左,北京,山南,玉林,桂林,昆明",1,1,1
储祥好,1996,1999,2001,2005,2011,2016,0,0,6,"青海,安徽,山西","运城,合肥",1,1,0
罗文,0,0,0,1985,0,0,2020,0,7,"北京,四川","武汉,北京",1,0,0
衡晓帆,1993,1994,1995,2000,2004,2015,2020,0,7,"北京,内蒙古","北京,丰台区,内蒙古自治区",0,0,1
王安德,0,0,1996,0,0,2016,0,0,6,山东,"惠民县,临沂,青岛",0,0,1
任维,0,0,0,0,0,0,0,0,0,"北京,西藏",北京,1,0,1
闫剑波,0,1998,2001,2005,2011,2020,0,0,6,山东,"临沂,兰州,济宁,威海,新区,禹城,德州,菏泽",1,1,0
杨志文,0,0,0,0,0,0,2020,0,7,"宁夏,青海",,1,0,0
杨国宗,0,1998,0,0,2007,2016,0,0,6,"云南,上海","大理,丽江,上海,昆明",0,0,0
亓延军,0,0,0,0,0,0,0,0,7,北京,北京,0,1,1
卢小亨,1999,2001,2001,2006,2011,2020,0,0,6,甘肃,"庆阳,武威,代县,兰州",0,1,0
程晓波,1996,1998,0,2003,0,0,2020,0,7,"黑龙江,甘肃",双城,0,0,1
朱忠明,0,1998,0,0,0,2005,2020,0,7,"湖南,浙江","武汉,温州,新区",0,1,1
吴小杰男,0,0,0,0,0,2020,0,0,6,北京,"北京,平谷区",1,0,0
初军威,0,0,0,0,0,2020,0,0,6,北京,"北京,丰台区",0,1,0
包洪文,1997,2000,2004,2007,0,2013,0,0,6,"海南,福建","三亚,闽侯县,厦门",1,1,1
2020年4月安徽省委决定：方正同志任池州市委委员、常委、书记,0,0,0,0,0,0,0,0,6,安徽,池州,0,0,0
2020.05--北京市委委员、常委,0,0,0,0,0,0,0,0,7,北京,北京,0,0,0
才仁郎公,0,0,1996,2005,0,2020,0,0,6,西藏,那曲,0,1,0
王瑞军,0,0,0,0,0,2017,0,0,6,广东,韶关,0,1,0
马欣,0,1994,2000,2001,2006,2012,2020,0,7,"天津,青海,江苏,北京,四川,广西","天津,北京,成都,津,昆明",1,0,1
党晓龙,0,0,0,0,0,2017,0,0,6,河北,"保定,津,新区",1,0,1
卢东亮,0,0,0,0,0,0,2020,0,7,山西,兰州,1,0,1
李仰哲,0,0,0,0,0,0,2020,0,7,福建,,0,0,0
胡斌,1998,0,2002,2007,0,2020,0,0,6,"吉林,江西","吉林,四平",1,1,1
黄祖英,0,0,1994,1999,2009,0,0,0,4,"四川,重庆","重庆,成都,津,江北区,北区",0,0,0
王琳,0,0,0,0,0,2019,0,0,6,陕西,"西安,渭南",0,1,0
刘玉江,0,0,0,2006,0,0,2020,0,7,"北京,河南",北京,0,0,1
何仁学,0,0,0,0,0,0,0,0,7,广西,,0,0,0
陈兆明,0,0,0,0,0,0,2020,0,7,河南,,0,0,0
王力,0,0,0,0,0,2020,0,0,6,云南,玉溪,0,1,1
汲斌昌,0,0,0,0,2000,2010,2020,0,7,"山东,四川",,1,0,1
